mapping_id,registry,source_snapshot,source_section,source_group,source_field,source_label,source_type,source_required,target_domain,target_entity,target_attribute,mapping_action,review_status
MAP-00001,HF,index (8).html,Demographics,Demographics,Doctor_Name,Entered By,select,Yes,Attribution,staff_profile,doctor_name,Refactor,Security review
MAP-00002,HF,index (8).html,Demographics,Demographics,Patient_Name,Name,text,Yes,Identity,patient,name,Refactor,Identity review
MAP-00003,HF,index (8).html,Demographics,Demographics,Civil_ID,Civil ID (12 digits),text,Yes,Identity,patient_identifier,identifier_value,Refactor,Identity review
MAP-00004,HF,index (8).html,Demographics,Demographics,File_No,File No (6 digits),text,Yes,Identity,patient_identifier,identifier_value,Refactor,Identity review
MAP-00005,HF,index (8).html,Demographics,Demographics,Age,Age,text,No,Demographics,patient,age,Reuse,Mapped shared core
MAP-00006,HF,index (8).html,Demographics,Demographics,Gender,Gender,select,No,Demographics,patient,gender,Reuse,Mapped shared core
MAP-00007,HF,index (8).html,Demographics,Demographics,Nationality,Nationality,select,No,Demographics,patient,nationality,Reuse,Mapped shared core
MAP-00008,HF,index (8).html,Demographics,Demographics,Mobile,Mobile,text,Yes,Contact,patient_contact,mobile,Refactor,Privacy review
MAP-00009,HF,index (8).html,Demographics,Demographics,Referred_From,Referred From,select,No,Registry metadata,form_response,value,Refactor,Domain review
MAP-00010,HF,index (8).html,Demographics,Demographics,Referred_From_Other,Specify Referral Source,text,No,Module extension,form_response,referred_from_other,Refactor,Domain review
MAP-00011,HF,index (8).html,HF Diagnosis,HF Diagnosis,HF_Type,Type of HF,select,No,Condition,condition,hf_type,Refactor,Terminology review
MAP-00012,HF,index (8).html,HF Diagnosis,HF Diagnosis,HF_Type_Other,Specify Other HF Type,text,No,Condition,condition,hf_type_other,Refactor,Terminology review
MAP-00013,HF,index (8).html,HF Diagnosis,HF Diagnosis,EF_Diagnosis,EF at Diagnosis (%),text,No,Registry metadata,form_response,value,Refactor,Domain review
MAP-00014,HF,index (8).html,HF Diagnosis,HF Diagnosis,Advanced_HF,Advanced HF,select,No,Registry metadata,form_response,value,Refactor,Domain review
MAP-00015,HF,index (8).html,HF Diagnosis,HF Diagnosis,DeNovo_HF,De Novo HF,select,No,Registry metadata,form_response,value,Refactor,Domain review
MAP-00016,HF,index (8).html,HF Diagnosis,HF Diagnosis,HF_Cause,Cause of HF,select,No,Module extension,form_response,hf_cause,Refactor,Domain review
MAP-00017,HF,index (8).html,HF Diagnosis,HF Diagnosis,Other_Cardio,Other Cardiomyopathies,text,No,Module extension,form_response,other_cardio,Refactor,Domain review
MAP-00018,HF,index (8).html,HF Diagnosis,HF Diagnosis,Valvular_Disease,Valvular Disease,select,No,Diagnostic study,imaging_study,valvular_disease,Refactor,Imaging review
MAP-00019,HF,index (8).html,HF Diagnosis,HF Diagnosis,Valvular_Type,Valvular Type,hidden,No,Condition,condition,valvular_type,Refactor,Terminology review
MAP-00020,HF,index (8).html,HF Diagnosis,HF Diagnosis,Admissions,Number of Admissions Last Year,text,No,Episode,care_episode,admissions,Refactor,Mapped shared core
MAP-00021,HF,index (8).html,HF Diagnosis,HF Diagnosis,Last_Admission,Last Admission Date,date,No,Episode,care_episode,last_admission,Refactor,Mapped shared core
MAP-00022,HF,index (8).html,HF Diagnosis,HF Diagnosis,LOS,Length of Stay (Days),text,No,Episode,care_episode,los,Refactor,Mapped shared core
MAP-00023,HF,index (8).html,HF Diagnosis,HF Diagnosis,ECG_Image_FilePick,ECG Image File Pick,file,No,Diagnostic study,imaging_study,ecg_image_filepick,Refactor,Imaging review
MAP-00024,HF,index (8).html,HF Diagnosis,HF Diagnosis,ECG_Image_FileCam,ECG Image File Cam,file,No,Diagnostic study,imaging_study,ecg_image_filecam,Refactor,Imaging review
MAP-00025,HF,index (8).html,HF Diagnosis,HF Diagnosis,ECG_Image_File,ECG Image File,hidden,No,Diagnostic study,imaging_study,ecg_image_file,Refactor,Imaging review
MAP-00026,HF,index (8).html,HF Diagnosis,HF Diagnosis,ECG_Image,ECG Image,hidden,No,Diagnostic study,imaging_study,ecg_image,Refactor,Imaging review
MAP-00027,HF,index (8).html,HF Diagnosis,HF Diagnosis,ECG_Images,ECG Images,hidden,No,Diagnostic study,imaging_study,ecg_images,Refactor,Imaging review
MAP-00028,HF,index (8).html,In-Hospital Admission,IN-HOSPITAL ADMISSION BLOCK,Admission_Date,Admission Date,date,No,Episode,care_episode,admission_date,Refactor,Mapped shared core
MAP-00029,HF,index (8).html,In-Hospital Admission,In-Hospital Admission,Admission_Discharge_Date,Discharge Date,date,No,Episode,discharge,admission_discharge_date,Refactor,Mapped shared core
MAP-00030,HF,index (8).html,In-Hospital Admission,In-Hospital Admission,Admission_Reason,Reason / Notes,text,No,Episode,care_episode,admission_reason,Refactor,Mapped shared core
MAP-00031,HF,index (8).html,In-Hospital Admission,In-Hospital Admission,Admission_HF_Related,Cause of Admission,select,No,Episode,care_episode,admission_hf_related,Refactor,Mapped shared core
MAP-00032,HF,index (8).html,In-Hospital Admission,In-Hospital Admission,Admission_Cause,Specify Cause,text,No,Episode,care_episode,admission_cause,Refactor,Mapped shared core
MAP-00033,HF,index (8).html,In-Hospital Admission,In-Hospital Admission,Height,Height (cm),text,No,Observation,observation,height,Refactor,Unit/code review
MAP-00034,HF,index (8).html,In-Hospital Admission,In-Hospital Admission,Weight,Weight (kg),text,No,Observation,observation,weight,Refactor,Unit/code review
MAP-00035,HF,index (8).html,In-Hospital Admission,In-Hospital Admission,BMI,BMI Auto,text,No,Observation,observation,bmi,Refactor,Unit/code review
MAP-00036,HF,index (8).html,In-Hospital Admission,In-Hospital Admission,Dry_Weight,Dry Weight (kg),text,No,Observation,observation,dry_weight,Refactor,Unit/code review
MAP-00037,HF,index (8).html,In-Hospital Admission,In-Hospital Admission,NYHA,NYHA Visit,select,No,Assessment,functional_assessment,nyha,Refactor,Clinical rule review
MAP-00038,HF,index (8).html,In-Hospital Admission,KCCQ removed from baseline — tracked only in visits,KCCQ,NYHA Visit,hidden,No,Assessment,functional_assessment,kccq,Refactor,Clinical rule review
MAP-00039,HF,index (8).html,In-Hospital Admission,KCCQ removed from baseline — tracked only in visits,Sym_Dyspnea,Sym Dyspnea,checkbox,No,Registry metadata,form_response,value,Refactor,Domain review
MAP-00040,HF,index (8).html,In-Hospital Admission,In-Hospital Admission,Sym_Palpitations,Sym Palpitations,checkbox,No,Registry metadata,form_response,value,Refactor,Domain review
MAP-00041,HF,index (8).html,In-Hospital Admission,In-Hospital Admission,Sym_Fatigue,Sym Fatigue,checkbox,No,Registry metadata,form_response,value,Refactor,Domain review
MAP-00042,HF,index (8).html,In-Hospital Admission,In-Hospital Admission,Sym_ChestPain,Sym Chest Pain,checkbox,No,Registry metadata,form_response,value,Refactor,Domain review
MAP-00043,HF,index (8).html,In-Hospital Admission,In-Hospital Admission,Sym_Syncope,Sym Syncope,checkbox,No,Registry metadata,form_response,value,Refactor,Domain review
MAP-00044,HF,index (8).html,In-Hospital Admission,In-Hospital Admission,Sym_Other_Text,Syncope,text,No,Module extension,form_response,sym_other_text,Refactor,Domain review
MAP-00045,HF,index (8).html,In-Hospital Admission,In-Hospital Admission,Fatigue,Syncope,hidden,No,Registry metadata,form_response,value,Refactor,Domain review
MAP-00046,HF,index (8).html,In-Hospital Admission,In-Hospital Admission,BP,BP,text,No,Observation,observation,bp,Refactor,Unit/code review
MAP-00047,HF,index (8).html,In-Hospital Admission,In-Hospital Admission,Pulse,Pulse,text,No,Observation,observation,pulse,Refactor,Unit/code review
MAP-00048,HF,index (8).html,In-Hospital Admission,In-Hospital Admission,SpO2,SpO2 (%),text,No,Observation,observation,spo2,Refactor,Unit/code review
MAP-00049,HF,index (8).html,In-Hospital Admission,In-Hospital Admission,JVP,JVP,select,No,Observation,observation,jvp,Refactor,Unit/code review
MAP-00050,HF,index (8).html,In-Hospital Admission,In-Hospital Admission,Rales,Rales,select,No,Observation,observation,rales,Refactor,Unit/code review
MAP-00051,HF,index (8).html,In-Hospital Admission,In-Hospital Admission,Edema,Oedema,select,No,Observation,observation,edema,Refactor,Unit/code review
MAP-00052,HF,index (8).html,In-Hospital Admission,In-Hospital Admission,S3,S3 Gallop,select,No,Observation,observation,s3,Refactor,Unit/code review
MAP-00053,HF,index (8).html,In-Hospital Admission,In-Hospital Admission,Murmur,Murmur,text,No,Observation,observation,murmur,Refactor,Unit/code review
MAP-00054,HF,index (8).html,In-Hospital Admission,In-Hospital Admission,ECG_Done,Performed,select,No,Diagnostic study,imaging_study,ecg_done,Refactor,Imaging review
MAP-00055,HF,index (8).html,In-Hospital Admission,In-Hospital Admission,ECG_LBBB,LBBB,select,No,Diagnostic study,imaging_study,ecg_lbbb,Refactor,Imaging review
MAP-00056,HF,index (8).html,In-Hospital Admission,In-Hospital Admission,ECG_QRS,QRS Duration (ms),text,No,Diagnostic study,imaging_study,ecg_qrs,Refactor,Imaging review
MAP-00057,HF,index (8).html,In-Hospital Admission,In-Hospital Admission,ECG_Arrhythmia,Arrhythmia,text,No,Diagnostic study,imaging_study,ecg_arrhythmia,Refactor,Imaging review
MAP-00058,HF,index (8).html,In-Hospital Admission,In-Hospital Admission,ECG_Pacing,Pacing Rhythm,text,No,Diagnostic study,imaging_study,ecg_pacing,Refactor,Imaging review
MAP-00059,HF,index (8).html,In-Hospital Admission,In-Hospital Admission,Holter_Done,Performed,select,No,Diagnostic study,imaging_study,holter_done,Refactor,Imaging review
MAP-00060,HF,index (8).html,In-Hospital Admission,In-Hospital Admission,Holter_Date,Date,date,No,Diagnostic study,imaging_study,holter_date,Refactor,Imaging review
MAP-00061,HF,index (8).html,In-Hospital Admission,In-Hospital Admission,Holter_Duration,Duration (hours),text,No,Diagnostic study,imaging_study,holter_duration,Refactor,Imaging review
MAP-00062,HF,index (8).html,In-Hospital Admission,In-Hospital Admission,Holter_MaxHR,Max HR,text,No,Diagnostic study,imaging_study,holter_maxhr,Refactor,Imaging review
MAP-00063,HF,index (8).html,In-Hospital Admission,In-Hospital Admission,Holter_MinHR,Min HR,text,No,Diagnostic study,imaging_study,holter_minhr,Refactor,Imaging review
MAP-00064,HF,index (8).html,In-Hospital Admission,In-Hospital Admission,Holter_AvgHR,Avg HR,text,No,Diagnostic study,imaging_study,holter_avghr,Refactor,Imaging review
MAP-00065,HF,index (8).html,In-Hospital Admission,In-Hospital Admission,Holter_Arrhythmia,Arrhythmia Burden / Type,text,No,Diagnostic study,imaging_study,holter_arrhythmia,Refactor,Imaging review
MAP-00066,HF,index (8).html,In-Hospital Admission,In-Hospital Admission,Holter_Findings,Findings / Notes,textarea,No,Diagnostic study,imaging_study,holter_findings,Refactor,Imaging review
MAP-00067,HF,index (8).html,In-Hospital Admission,In-Hospital Admission,Echo_Done,Performed,select,No,Diagnostic study,imaging_study,echo_done,Refactor,Imaging review
MAP-00068,HF,index (8).html,In-Hospital Admission,In-Hospital Admission,ECHO,ECHO Details,text,No,Diagnostic study,imaging_study,echo,Refactor,Imaging review
MAP-00069,HF,index (8).html,In-Hospital Admission,In-Hospital Admission,Echo_EDVI,EDVI/EDD,text,No,Diagnostic study,imaging_study,echo_edvi,Refactor,Imaging review
MAP-00070,HF,index (8).html,In-Hospital Admission,In-Hospital Admission,Echo_ESVI,ESVI/ESD,text,No,Diagnostic study,imaging_study,echo_esvi,Refactor,Imaging review
MAP-00071,HF,index (8).html,In-Hospital Admission,In-Hospital Admission,Echo_EF,EF %,text,No,Diagnostic study,imaging_study,echo_ef,Refactor,Imaging review
MAP-00072,HF,index (8).html,In-Hospital Admission,In-Hospital Admission,CMR_Done,Performed,select,No,Diagnostic study,imaging_study,cmr_done,Refactor,Imaging review
MAP-00073,HF,index (8).html,In-Hospital Admission,In-Hospital Admission,CMR_CT,CMR Details,text,No,Diagnostic study,imaging_study,cmr_ct,Refactor,Imaging review
MAP-00074,HF,index (8).html,In-Hospital Admission,In-Hospital Admission,CMR_LVEDVI,LVEDVI/EDD,text,No,Diagnostic study,imaging_measurement,cmr_lvedvi,Refactor,Imaging review
MAP-00075,HF,index (8).html,In-Hospital Admission,In-Hospital Admission,CMR_LVESVI,LVESVI/ESD,text,No,Diagnostic study,imaging_measurement,cmr_lvesvi,Refactor,Imaging review
MAP-00076,HF,index (8).html,In-Hospital Admission,In-Hospital Admission,CMR_LVEF,LVEF %,text,No,Diagnostic study,imaging_measurement,cmr_lvef,Refactor,Imaging review
MAP-00077,HF,index (8).html,In-Hospital Admission,In-Hospital Admission,CMR_RVEDI,RVEDI,text,No,Diagnostic study,imaging_study,cmr_rvedi,Refactor,Imaging review
MAP-00078,HF,index (8).html,In-Hospital Admission,In-Hospital Admission,CMR_RVEF,RVEF %,text,No,Diagnostic study,imaging_study,cmr_rvef,Refactor,Imaging review
MAP-00079,HF,index (8).html,In-Hospital Admission,In-Hospital Admission,CMR_LGE,LGE,select,No,Diagnostic study,imaging_study,cmr_lge,Refactor,Imaging review
MAP-00080,HF,index (8).html,In-Hospital Admission,In-Hospital Admission,CMR_LGE_Pct,LGE %,text,No,Diagnostic study,imaging_study,cmr_lge_pct,Refactor,Imaging review
MAP-00081,HF,index (8).html,In-Hospital Admission,In-Hospital Admission,CMR_Others,CMR Others,text,No,Diagnostic study,imaging_study,cmr_others,Refactor,Imaging review
MAP-00082,HF,index (8).html,In-Hospital Admission,In-Hospital Admission,CT_Done,Performed,select,No,Registry metadata,form_response,value,Refactor,Domain review
MAP-00083,HF,index (8).html,In-Hospital Admission,In-Hospital Admission,CT_Angio,Findings,text,No,Diagnostic study,imaging_study,ct_angio,Refactor,Imaging review
MAP-00084,HF,index (8).html,In-Hospital Admission,In-Hospital Admission,CT_Calcium,Calcium Score,text,No,Registry metadata,form_response,value,Refactor,Domain review
MAP-00085,HF,index (8).html,In-Hospital Admission,In-Hospital Admission,CT_Notes,CT Angio Notes,text,No,Diagnostic study,imaging_study,ct_notes,Refactor,Imaging review
MAP-00086,HF,index (8).html,In-Hospital Admission,In-Hospital Admission,CAG_Done,CAG Performed,select,No,Procedure,procedure,cag_done,Refactor,Procedure review
MAP-00087,HF,index (8).html,In-Hospital Admission,In-Hospital Admission,CAG_Date,CAG Date,date,No,Procedure,procedure,cag_date,Refactor,Procedure review
MAP-00088,HF,index (8).html,In-Hospital Admission,In-Hospital Admission,CAG_Access,Access,select,No,Procedure,procedure,cag_access,Refactor,Procedure review
MAP-00089,HF,index (8).html,In-Hospital Admission,In-Hospital Admission,CAG_Findings,"Findings (vessels, % stenosis)",text,No,Procedure,procedure_finding,cag_findings,Refactor,Procedure review
MAP-00090,HF,index (8).html,In-Hospital Admission,In-Hospital Admission,CAG_PCI_Done,PCI Done,select,No,Procedure,procedure,cag_pci_done,Refactor,Procedure review
MAP-00091,HF,index (8).html,In-Hospital Admission,In-Hospital Admission,CAG_PCI_Date,PCI Date,date,No,Procedure,procedure,cag_pci_date,Refactor,Procedure review
MAP-00092,HF,index (8).html,In-Hospital Admission,In-Hospital Admission,CAG_Stents_Number,Number of Stents,text,No,Procedure,cad_stent,cag_stents_number,Refactor,Procedure review
MAP-00093,HF,index (8).html,In-Hospital Admission,In-Hospital Admission,CAG_PCI_Details,PCI Details,text,No,Procedure,procedure,cag_pci_details,Refactor,Procedure review
MAP-00094,HF,index (8).html,In-Hospital Admission,In-Hospital Admission,CAG_Notes,Notes,text,No,Procedure,procedure,cag_notes,Refactor,Procedure review
MAP-00095,HF,index (8).html,In-Hospital Admission,In-Hospital Admission,Walk_Completed,Completed,select,No,Registry metadata,form_response,value,Refactor,Domain review
MAP-00096,HF,index (8).html,In-Hospital Admission,In-Hospital Admission,Walk_Meters,Meters Walked,text,No,Registry metadata,form_response,value,Refactor,Domain review
MAP-00097,HF,index (8).html,In-Hospital Admission,In-Hospital Admission,Walk_Test,Meters Walked,hidden,No,Registry metadata,form_response,value,Refactor,Domain review
MAP-00098,HF,index (8).html,In-Hospital Admission,In-Hospital Admission,CPET_Done,Performed,select,No,Registry metadata,form_response,value,Refactor,Domain review
MAP-00099,HF,index (8).html,In-Hospital Admission,In-Hospital Admission,CPET_PeakVO2,Peak VO2,text,No,Registry metadata,form_response,value,Refactor,Domain review
MAP-00100,HF,index (8).html,In-Hospital Admission,In-Hospital Admission,CPET_VEVCO2,VE/VCO2 Slope,text,No,Registry metadata,form_response,value,Refactor,Domain review
MAP-00101,HF,index (8).html,In-Hospital Admission,In-Hospital Admission,CPET_RER,RER (validity),text,No,Registry metadata,form_response,value,Refactor,Domain review
MAP-00102,HF,index (8).html,In-Hospital Admission,In-Hospital Admission,CPET_AT,Anaerobic Threshold,text,No,Registry metadata,form_response,value,Refactor,Domain review
MAP-00103,HF,index (8).html,In-Hospital Admission,In-Hospital Admission,CPET_VO2HR,VO2/HR,text,No,Registry metadata,form_response,value,Refactor,Domain review
MAP-00104,HF,index (8).html,In-Hospital Admission,In-Hospital Admission,CPET_PetCO2,PetCO2,text,No,Registry metadata,form_response,value,Refactor,Domain review
MAP-00105,HF,index (8).html,In-Hospital Admission,In-Hospital Admission,RHC_Done,Performed,select,No,Registry metadata,form_response,value,Refactor,Domain review
MAP-00106,HF,index (8).html,In-Hospital Admission,In-Hospital Admission,RHC_CI,C.I (L/min/m2),text,No,Registry metadata,form_response,value,Refactor,Domain review
MAP-00107,HF,index (8).html,In-Hospital Admission,In-Hospital Admission,RHC_RAP,RAP (mmHg),text,No,Registry metadata,form_response,value,Refactor,Domain review
MAP-00108,HF,index (8).html,In-Hospital Admission,In-Hospital Admission,RHC_RVP,RVP (S/D/ED mmHg),text,No,Registry metadata,form_response,value,Refactor,Domain review
MAP-00109,HF,index (8).html,In-Hospital Admission,In-Hospital Admission,RHC_PCWP,PCWP (mmHg),text,No,Registry metadata,form_response,value,Refactor,Domain review
MAP-00110,HF,index (8).html,In-Hospital Admission,In-Hospital Admission,RHC_PAP,PAP (S/D/M),text,No,Registry metadata,form_response,value,Refactor,Domain review
MAP-00111,HF,index (8).html,In-Hospital Admission,In-Hospital Admission,RHC_PVR,PVR (Woods),text,No,Registry metadata,form_response,value,Refactor,Domain review
MAP-00112,HF,index (8).html,In-Hospital Admission,In-Hospital Admission,RHC_PAPi,PAPi,text,No,Registry metadata,form_response,value,Refactor,Domain review
MAP-00113,HF,index (8).html,In-Hospital Admission,In-Hospital Admission,RHC_LV,LV (S/D/ED),text,No,Registry metadata,form_response,value,Refactor,Domain review
MAP-00114,HF,index (8).html,In-Hospital Admission,In-Hospital Admission,RHC_MVO2,MVO2 Saturation (%),text,No,Registry metadata,form_response,value,Refactor,Domain review
MAP-00115,HF,index (8).html,In-Hospital Admission,In-Hospital Admission,Cath,MVO2 Saturation (%),hidden,No,Registry metadata,form_response,value,Refactor,Domain review
MAP-00116,HF,index (8).html,In-Hospital Admission,In-Hospital Admission,InHospital_Procedures,MVO2 Saturation (%),hidden,No,Procedure,procedure,inhospital_procedures,Refactor,Procedure review
MAP-00117,HF,index (8).html,In-Hospital Admission,In-Hospital Admission,Proc_Device_Done,Device Implanted During Admission,select,No,Episode,care_episode,proc_device_done,Refactor,Mapped shared core
MAP-00118,HF,index (8).html,In-Hospital Admission,In-Hospital Admission,Proc_Device_Type,Device Type,select,No,Procedure,procedure,proc_device_type,Refactor,Procedure review
MAP-00119,HF,index (8).html,In-Hospital Admission,In-Hospital Admission,Proc_Device_Date,Device Date,date,No,Procedure,procedure,proc_device_date,Refactor,Procedure review
MAP-00120,HF,index (8).html,In-Hospital Admission,In-Hospital Admission,Proc_Ablation_Done,Ablation Performed,select,No,Procedure,procedure,proc_ablation_done,Refactor,Procedure review
MAP-00121,HF,index (8).html,In-Hospital Admission,In-Hospital Admission,Proc_Ablation_Type,Type of Ablation,text,No,Procedure,procedure,proc_ablation_type,Refactor,Procedure review
MAP-00122,HF,index (8).html,In-Hospital Admission,In-Hospital Admission,Proc_Pericardiocentesis_Done,Pericardiocentesis,select,No,Safety event,complication,proc_pericardiocentesis_done,Refactor,Endpoint review
MAP-00123,HF,index (8).html,In-Hospital Admission,In-Hospital Admission,Proc_Pericardiocentesis_Volume,Volume Removed (mL),text,No,Safety event,complication,proc_pericardiocentesis_volume,Refactor,Endpoint review
MAP-00124,HF,index (8).html,In-Hospital Admission,In-Hospital Admission,Proc_Pleural_Tapping_Done,Pleural Tapping,select,No,Procedure,procedure,proc_pleural_tapping_done,Refactor,Procedure review
MAP-00125,HF,index (8).html,In-Hospital Admission,In-Hospital Admission,Proc_Pleural_Tapping_Volume,Volume Removed (mL),text,No,Procedure,procedure,proc_pleural_tapping_volume,Refactor,Procedure review
MAP-00126,HF,index (8).html,In-Hospital Admission,In-Hospital Admission,Proc_Ascites_Tapping_Done,Ascites Tapping,select,No,Procedure,procedure,proc_ascites_tapping_done,Refactor,Procedure review
MAP-00127,HF,index (8).html,In-Hospital Admission,In-Hospital Admission,Proc_Ascites_Tapping_Volume,Volume Removed (mL),text,No,Procedure,procedure,proc_ascites_tapping_volume,Refactor,Procedure review
MAP-00128,HF,index (8).html,In-Hospital Admission,In-Hospital Admission,Proc_Other_Done,Other Procedure,select,No,Procedure,procedure,proc_other_done,Refactor,Procedure review
MAP-00129,HF,index (8).html,In-Hospital Admission,In-Hospital Admission,InHospital_Procedures_Other,Specify Other Procedure(s),text,No,Procedure,procedure,inhospital_procedures_other,Refactor,Procedure review
MAP-00130,HF,index (8).html,In-Hospital Admission,In-Hospital Admission,InHospital_Procedures_Notes,Procedure Notes,textarea,No,Procedure,procedure,inhospital_procedures_notes,Refactor,Procedure review
MAP-00131,HF,index (8).html,In-Hospital Admission,In-Hospital Admission,Investigations_Other,Other Investigations / Notes,textarea,No,Module extension,form_response,investigations_other,Refactor,Domain review
MAP-00132,HF,index (8).html,In-Hospital Admission,In-Hospital Admission,DM,DM,select,No,Registry metadata,form_response,value,Refactor,Domain review
MAP-00133,HF,index (8).html,In-Hospital Admission,In-Hospital Admission,HTN,HTN,select,No,Registry metadata,form_response,value,Refactor,Domain review
MAP-00134,HF,index (8).html,In-Hospital Admission,In-Hospital Admission,AF,AF,select,No,Registry metadata,form_response,value,Refactor,Domain review
MAP-00135,HF,index (8).html,In-Hospital Admission,In-Hospital Admission,IHD,IHD,select,No,Registry metadata,form_response,value,Refactor,Domain review
MAP-00136,HF,index (8).html,In-Hospital Admission,In-Hospital Admission,PCI_CABG,PCI CABG,hidden,No,Procedure,procedure,pci_cabg,Refactor,Procedure review
MAP-00137,HF,index (8).html,In-Hospital Admission,In-Hospital Admission,CKD,CKD,select,No,Condition,condition,ckd,Refactor,Terminology review
MAP-00138,HF,index (8).html,In-Hospital Admission,In-Hospital Admission,Dialysis,Dialysis,select,No,Condition,condition,dialysis,Refactor,Terminology review
MAP-00139,HF,index (8).html,In-Hospital Admission,In-Hospital Admission,CVA,CVA,select,No,Registry metadata,form_response,value,Refactor,Domain review
MAP-00140,HF,index (8).html,In-Hospital Admission,In-Hospital Admission,PVD,PVD,select,No,Registry metadata,form_response,value,Refactor,Domain review
MAP-00141,HF,index (8).html,In-Hospital Admission,In-Hospital Admission,Alcohol,Alcohol,select,No,Registry metadata,form_response,value,Refactor,Domain review
MAP-00142,HF,index (8).html,In-Hospital Admission,In-Hospital Admission,Smoker,Smoker,select,No,Condition,condition,smoker,Refactor,Terminology review
MAP-00143,HF,index (8).html,In-Hospital Admission,In-Hospital Admission,Obese_OSA,Obese OSA,select,No,Condition,condition,obese_osa,Refactor,Terminology review
MAP-00144,HF,index (8).html,In-Hospital Admission,In-Hospital Admission,Obese,Obese,select,No,Condition,condition,obese,Refactor,Terminology review
MAP-00145,HF,index (8).html,In-Hospital Admission,In-Hospital Admission,OSA,OSA,select,No,Condition,condition,osa,Refactor,Terminology review
MAP-00146,HF,index (8).html,In-Hospital Admission,In-Hospital Admission,Dyslipidemia,Dyslipidemia,select,No,Condition,condition,dyslipidemia,Refactor,Terminology review
MAP-00147,HF,index (8).html,In-Hospital Admission,In-Hospital Admission,Valve_Surgery,Valve Surgery,select,No,Registry metadata,form_response,value,Refactor,Domain review
MAP-00148,HF,index (8).html,In-Hospital Admission,In-Hospital Admission,Lung_Dz,Lung Dz,select,No,Registry metadata,form_response,value,Refactor,Domain review
MAP-00149,HF,index (8).html,In-Hospital Admission,In-Hospital Admission,Liver_Dz,Liver Dz,select,No,Registry metadata,form_response,value,Refactor,Domain review
MAP-00150,HF,index (8).html,In-Hospital Admission,In-Hospital Admission,Device_Done,History of Device Fixation,select,No,Procedure,procedure,device_done,Refactor,Procedure review
MAP-00151,HF,index (8).html,In-Hospital Admission,In-Hospital Admission,Device_Type,Device Implanted,select,No,Procedure,procedure,device_type,Refactor,Procedure review
MAP-00152,HF,index (8).html,In-Hospital Admission,In-Hospital Admission,Device_Date,Device Date,date,No,Procedure,procedure,device_date,Refactor,Procedure review
MAP-00153,HF,index (8).html,In-Hospital Admission,In-Hospital Admission,Device_Info,Device Date,hidden,No,Procedure,procedure,device_info,Refactor,Procedure review
MAP-00154,HF,index (8).html,In-Hospital Admission,In-Hospital Admission,IHD_Visible,IHD Type,select,No,Module extension,form_response,ihd_visible,Refactor,Domain review
MAP-00155,HF,index (8).html,In-Hospital Admission,In-Hospital Admission,PCI_CABG_Visible,PCI / CABG (multi-select — tap to toggle),hidden,No,Procedure,procedure,pci_cabg_visible,Refactor,Procedure review
MAP-00156,HF,index (8).html,In-Hospital Admission,In-Hospital Admission,PCI_CABG_Date,Date of Procedure(s),date,No,Procedure,procedure,pci_cabg_date,Refactor,Procedure review
MAP-00157,HF,index (8).html,In-Hospital Admission,In-Hospital Admission,PCI_CABG_Details,"Procedure Details (vessels, stents, grafts, etc.)",text,No,Procedure,procedure_finding,pci_cabg_details,Refactor,Procedure review
MAP-00158,HF,index (8).html,In-Hospital Admission,In-Hospital Admission,Smoker_Visible,Smoking Status,select,No,Condition,condition,smoker_visible,Refactor,Terminology review
MAP-00159,HF,index (8).html,In-Hospital Admission,In-Hospital Admission,Frail,Frail,select,No,Registry metadata,form_response,value,Refactor,Domain review
MAP-00160,HF,index (8).html,In-Hospital Admission,In-Hospital Admission,Frailty_Deficits,Deficits Present,text,No,Assessment,functional_assessment,frailty_deficits,Refactor,Clinical rule review
MAP-00161,HF,index (8).html,In-Hospital Admission,In-Hospital Admission,Frailty_Items_Assessed,Deficits Assessed,text,No,Assessment,functional_assessment,frailty_items_assessed,Refactor,Clinical rule review
MAP-00162,HF,index (8).html,In-Hospital Admission,In-Hospital Admission,Frailty_Index,Frailty Index Auto,text,No,Assessment,functional_assessment,frailty_index,Refactor,Clinical rule review
MAP-00163,HF,index (8).html,In-Hospital Admission,VALVE INTERVENTION BLOCK,Valve_Intervention,Valve Intervention,select,No,Registry metadata,form_response,value,Refactor,Domain review
MAP-00164,HF,index (8).html,In-Hospital Admission,In-Hospital Admission,Valve_Repair_Valves,Valve Repair Valves,hidden,No,Diagnostic study,imaging_measurement,valve_repair_valves,Refactor,Imaging review
MAP-00165,HF,index (8).html,In-Hospital Admission,In-Hospital Admission,Valve_Repair_Date,Surgical Repair Date,date,No,Registry metadata,form_response,value,Refactor,Domain review
MAP-00166,HF,index (8).html,In-Hospital Admission,In-Hospital Admission,Valve_Replace_Valves,Valve Replace Valves,hidden,No,Diagnostic study,imaging_measurement,valve_replace_valves,Refactor,Imaging review
MAP-00167,HF,index (8).html,In-Hospital Admission,In-Hospital Admission,Valve_Replace_Type,Prosthesis Type,select,No,Module extension,form_response,valve_replace_type,Refactor,Domain review
MAP-00168,HF,index (8).html,In-Hospital Admission,In-Hospital Admission,Valve_Replace_Date,Surgical Replacement Date,date,No,Registry metadata,form_response,value,Refactor,Domain review
MAP-00169,HF,index (8).html,In-Hospital Admission,Percutaneous,Valve_Percutaneous,Percutaneous Procedure,select,No,Procedure,procedure,valve_percutaneous,Refactor,Procedure review
MAP-00170,HF,index (8).html,In-Hospital Admission,Percutaneous,Valve_MVClip,MV Clip,select,No,Registry metadata,form_response,value,Refactor,Domain review
MAP-00171,HF,index (8).html,In-Hospital Admission,In-Hospital Admission,Valve_MVClip_Date,MV Clip Date,date,No,Registry metadata,form_response,value,Refactor,Domain review
MAP-00172,HF,index (8).html,In-Hospital Admission,In-Hospital Admission,Valve_TVClip,TV Clip,select,No,Registry metadata,form_response,value,Refactor,Domain review
MAP-00173,HF,index (8).html,In-Hospital Admission,In-Hospital Admission,Valve_TVClip_Date,TV Clip Date,date,No,Registry metadata,form_response,value,Refactor,Domain review
MAP-00174,HF,index (8).html,In-Hospital Admission,In-Hospital Admission,Valve_TAVI,TAVI,select,No,Procedure,procedure,valve_tavi,Refactor,Procedure review
MAP-00175,HF,index (8).html,In-Hospital Admission,In-Hospital Admission,Valve_TAVI_Date,TAVI Date,date,No,Procedure,procedure,valve_tavi_date,Refactor,Procedure review
MAP-00176,HF,index (8).html,In-Hospital Admission,In-Hospital Admission,Valve_Percutaneous_Other,Other Percutaneous Procedures,text,No,Procedure,procedure,valve_percutaneous_other,Refactor,Procedure review
MAP-00177,HF,index (8).html,In-Hospital Admission,Legacy hidden Valve_Surgery / Valve_Surgery_Date kept for backward compat (auto-derived),Valve_Surgery_Visible,Other Percutaneous Procedures,hidden,No,Procedure,procedure,valve_surgery_visible,Refactor,Procedure review
MAP-00178,HF,index (8).html,In-Hospital Admission,Legacy hidden Valve_Surgery / Valve_Surgery_Date kept for backward compat (auto-derived),valveSurgeryDateWrap,Other Percutaneous Procedures,hidden,No,Diagnostic study,imaging_measurement,valvesurgerydatewrap,Refactor,Imaging review
MAP-00179,HF,index (8).html,In-Hospital Admission,Legacy hidden Valve_Surgery / Valve_Surgery_Date kept for backward compat (auto-derived),Valve_Surgery_Date,Other Percutaneous Procedures,hidden,No,Procedure,procedure,valve_surgery_date,Refactor,Procedure review
MAP-00180,HF,index (8).html,In-Hospital Admission,Legacy hidden Valve_Surgery / Valve_Surgery_Date kept for backward compat (auto-derived),Thyroid_Dz,Thyroid Disease,select,No,Registry metadata,form_response,value,Refactor,Domain review
MAP-00181,HF,index (8).html,In-Hospital Admission,Legacy hidden Valve_Surgery / Valve_Surgery_Date kept for backward compat (auto-derived),FH_Cardio,Family History (Cardio),select,No,Condition,condition,fh_cardio,Refactor,Terminology review
MAP-00182,HF,index (8).html,In-Hospital Admission,In-Hospital Admission,Genetics,Genetics,select,No,Registry metadata,form_response,value,Refactor,Domain review
MAP-00183,HF,index (8).html,In-Hospital Admission,In-Hospital Admission,Genetics_Type,Type of Gene,text,No,Module extension,form_response,genetics_type,Refactor,Domain review
MAP-00184,HF,index (8).html,In-Hospital Admission,In-Hospital Admission,Comorbid_Others,Other Past History / Comorbidities,text,No,Condition,condition,comorbid_others,Refactor,Terminology review
MAP-00185,HF,index (8).html,In-Hospital Admission,In-Hospital Admission,FH_Genetics,Other Past History / Comorbidities,hidden,No,Condition,condition,fh_genetics,Refactor,Terminology review
MAP-00186,HF,index (8).html,In-Hospital Admission,In-Hospital Admission,Lab_HbA1c,HbA1c (%),text,No,Laboratory,lab_result,lab_hba1c,Refactor,Unit/code review
MAP-00187,HF,index (8).html,In-Hospital Admission,In-Hospital Admission,Lab_Gluc,Fasting Glucose (mmol/L),text,No,Laboratory,lab_result,lab_gluc,Refactor,Unit/code review
MAP-00188,HF,index (8).html,In-Hospital Admission,In-Hospital Admission,Lab_Urea,Urea Adm (mmol/L),text,No,Laboratory,lab_result,lab_urea,Refactor,Unit/code review
MAP-00189,HF,index (8).html,In-Hospital Admission,In-Hospital Admission,Lab_Creat,Creatinine Adm (µmol/L),text,No,Laboratory,lab_result,lab_creat,Refactor,Unit/code review
MAP-00190,HF,index (8).html,In-Hospital Admission,In-Hospital Admission,Lab_eGFR,eGFR Adm Auto,text,No,Laboratory,lab_result,lab_egfr,Refactor,Unit/code review
MAP-00191,HF,index (8).html,In-Hospital Admission,In-Hospital Admission,Lab_Na,Na Adm (mmol/L),text,No,Registry metadata,form_response,value,Refactor,Domain review
MAP-00192,HF,index (8).html,In-Hospital Admission,In-Hospital Admission,Lab_K,K Adm (mmol/L),text,No,Registry metadata,form_response,value,Refactor,Domain review
MAP-00193,HF,index (8).html,In-Hospital Admission,In-Hospital Admission,Lab_Urea_Disch,Urea Disch (mmol/L),text,No,Laboratory,lab_result,lab_urea_disch,Refactor,Unit/code review
MAP-00194,HF,index (8).html,In-Hospital Admission,In-Hospital Admission,Lab_Creat_Disch,Creatinine Disch (µmol/L),text,No,Laboratory,lab_result,lab_creat_disch,Refactor,Unit/code review
MAP-00195,HF,index (8).html,In-Hospital Admission,In-Hospital Admission,Lab_eGFR_Disch,eGFR Disch Auto,text,No,Laboratory,lab_result,lab_egfr_disch,Refactor,Unit/code review
MAP-00196,HF,index (8).html,In-Hospital Admission,In-Hospital Admission,Lab_Na_Disch,Na Disch (mmol/L),text,No,Registry metadata,form_response,value,Refactor,Domain review
MAP-00197,HF,index (8).html,In-Hospital Admission,In-Hospital Admission,Lab_K_Disch,K Disch (mmol/L),text,No,Registry metadata,form_response,value,Refactor,Domain review
MAP-00198,HF,index (8).html,In-Hospital Admission,In-Hospital Admission,Lab_BNP,NT-proBNP Adm (pg/mL),text,No,Laboratory,lab_result,lab_bnp,Refactor,Unit/code review
MAP-00199,HF,index (8).html,In-Hospital Admission,In-Hospital Admission,Lab_BNP_Disch,NT-proBNP Disch (pg/mL),text,No,Laboratory,lab_result,lab_bnp_disch,Refactor,Unit/code review
MAP-00200,HF,index (8).html,In-Hospital Admission,In-Hospital Admission,Lab_BNP_only,BNP Adm (pg/mL),text,No,Laboratory,lab_result,lab_bnp_only,Refactor,Unit/code review
MAP-00201,HF,index (8).html,In-Hospital Admission,In-Hospital Admission,Lab_BNP_only_Disch,BNP Disch (pg/mL),text,No,Laboratory,lab_result,lab_bnp_only_disch,Refactor,Unit/code review
MAP-00202,HF,index (8).html,In-Hospital Admission,In-Hospital Admission,Lab_Iron,Serum Iron (µmol/L),text,No,Laboratory,lab_result,lab_iron,Refactor,Unit/code review
MAP-00203,HF,index (8).html,In-Hospital Admission,In-Hospital Admission,Lab_Ferritin,Ferritin (µg/L),text,No,Laboratory,lab_result,lab_ferritin,Refactor,Unit/code review
MAP-00204,HF,index (8).html,In-Hospital Admission,In-Hospital Admission,Lab_TrSats,Transferrin Sat. / TSAT (%),text,No,Episode,care_episode,lab_trsats,Refactor,Mapped shared core
MAP-00205,HF,index (8).html,In-Hospital Admission,In-Hospital Admission,Lab_Hb,Hb Adm (g/dL),text,No,Registry metadata,form_response,value,Refactor,Domain review
MAP-00206,HF,index (8).html,In-Hospital Admission,In-Hospital Admission,Lab_Hb_Disch,Hb Disch (g/dL),text,No,Registry metadata,form_response,value,Refactor,Domain review
MAP-00207,HF,index (8).html,In-Hospital Admission,In-Hospital Admission,Lab_WBC,WBC (×10⁹/L),text,No,Laboratory,lab_result,lab_wbc,Refactor,Unit/code review
MAP-00208,HF,index (8).html,In-Hospital Admission,In-Hospital Admission,Lab_Plt,Platelets (×10⁹/L),text,No,Laboratory,lab_result,lab_plt,Refactor,Unit/code review
MAP-00209,HF,index (8).html,In-Hospital Admission,In-Hospital Admission,Lab_TSH,TSH (mIU/L),text,No,Laboratory,lab_result,lab_tsh,Refactor,Unit/code review
MAP-00210,HF,index (8).html,In-Hospital Admission,In-Hospital Admission,Lab_FreeT4,Free T4 (pmol/L),text,No,Laboratory,lab_result,lab_freet4,Refactor,Unit/code review
MAP-00211,HF,index (8).html,In-Hospital Admission,In-Hospital Admission,Lab_TotalChol,Total Chol.,text,No,Registry metadata,form_response,value,Refactor,Domain review
MAP-00212,HF,index (8).html,In-Hospital Admission,In-Hospital Admission,Lab_LDL,LDL,text,No,Laboratory,lab_result,lab_ldl,Refactor,Unit/code review
MAP-00213,HF,index (8).html,In-Hospital Admission,In-Hospital Admission,Lab_HDL,HDL,text,No,Laboratory,lab_result,lab_hdl,Refactor,Unit/code review
MAP-00214,HF,index (8).html,In-Hospital Admission,In-Hospital Admission,Lab_TG,Triglycerides,text,No,Laboratory,lab_result,lab_tg,Refactor,Unit/code review
MAP-00215,HF,index (8).html,In-Hospital Admission,In-Hospital Admission,Lab_AlbCreat,Albumin/Creatinine Ratio (mg/g),text,No,Laboratory,lab_result,lab_albcreat,Refactor,Unit/code review
MAP-00216,HF,index (8).html,In-Hospital Admission,In-Hospital Admission,Lab_Others,Other Labs,text,No,Module extension,form_response,lab_others,Refactor,Domain review
MAP-00217,HF,index (8).html,In-Hospital Admission,Hidden mirror fields for backward compatibility with existing functions,Lab_UreaCreat,Other Labs,text,No,Module extension,form_response,lab_ureacreat,Refactor,Domain review
MAP-00218,HF,index (8).html,In-Hospital Admission,Hidden mirror fields for backward compatibility with existing functions,Lab_NaK,Other Labs,text,No,Module extension,form_response,lab_nak,Refactor,Domain review
MAP-00219,HF,index (8).html,In-Hospital Admission,Hidden mirror fields for backward compatibility with existing functions,Lab_IronFerritin,Other Labs,text,No,Laboratory,lab_result,lab_ironferritin,Refactor,Unit/code review
MAP-00220,HF,index (8).html,In-Hospital Admission,Hidden mirror fields for backward compatibility with existing functions,Lab_CBC,Other Labs,text,No,Module extension,form_response,lab_cbc,Refactor,Domain review
MAP-00221,HF,index (8).html,In-Hospital Admission,Hidden mirror fields for backward compatibility with existing functions,Lab_Thyroid,Other Labs,text,No,Module extension,form_response,lab_thyroid,Refactor,Domain review
MAP-00222,HF,index (8).html,In-Hospital Admission,Hidden mirror fields for backward compatibility with existing functions,Lab_Lipids,Other Labs,text,No,Module extension,form_response,lab_lipids,Refactor,Domain review
MAP-00223,HF,index (8).html,In-Hospital Admission,CARDIOVERSION BLOCK,Cardioversion,Cardioversion,select,No,Procedure,procedure,cardioversion,Refactor,Procedure review
MAP-00224,HF,index (8).html,In-Hospital Admission,CARDIOVERSION BLOCK,Cardioversion_Type,Cardioversion Type,select,No,Procedure,procedure,cardioversion_type,Refactor,Procedure review
MAP-00225,HF,index (8).html,In-Hospital Admission,In-Hospital Admission,Cardioversion_Notes,Cardioversion Notes (optional),text,No,Procedure,procedure,cardioversion_notes,Refactor,Procedure review
MAP-00226,HF,index (8).html,In-Hospital Admission,INOTROPES BLOCK,Inotropes_Used,Inotropes Used?,select,No,Registry metadata,form_response,value,Refactor,Domain review
MAP-00227,HF,index (8).html,In-Hospital Admission,In-Hospital Admission,Inotropes_Selected,Select Inotrope(s) (multi-select — tap to toggle),hidden,No,Registry metadata,form_response,value,Refactor,Domain review
MAP-00228,HF,index (8).html,In-Hospital Admission,HEMODYNAMIC SUPPORT BLOCK,Hemo_Support,Haemodynamic Support?,select,No,Registry metadata,form_response,value,Refactor,Domain review
MAP-00229,HF,index (8).html,In-Hospital Admission,In-Hospital Admission,Hemo_Support_Type,Hemo Support Type,hidden,No,Module extension,form_response,hemo_support_type,Refactor,Domain review
MAP-00230,HF,index (8).html,In-Hospital Admission,In-Hospital Admission,Med_Others,Other Medications,text,No,Medication,medication_statement,med_others,Refactor,Medication review
MAP-00231,HF,index (8).html,In-Hospital Admission,In-Hospital Admission,Complications,Complications,hidden,No,Safety event,complication,complications,Refactor,Endpoint review
MAP-00232,HF,index (8).html,In-Hospital Admission,In-Hospital Admission,Bleeding_Transfusion,Blood Transfusion Given?,select,No,Safety event,complication,bleeding_transfusion,Refactor,Endpoint review
MAP-00233,HF,index (8).html,In-Hospital Admission,In-Hospital Admission,Bleeding_Units,Units Transfused,text,No,Safety event,complication,bleeding_units,Refactor,Endpoint review
MAP-00234,HF,index (8).html,In-Hospital Admission,In-Hospital Admission,Bleeding_Source,Source of Bleeding,select,No,Safety event,complication,bleeding_source,Refactor,Endpoint review
MAP-00235,HF,index (8).html,In-Hospital Admission,In-Hospital Admission,Bleeding_Site,Bleeding Source Details / Notes,text,No,Safety event,complication,bleeding_site,Refactor,Endpoint review
MAP-00236,HF,index (8).html,In-Hospital Admission,In-Hospital Admission,Complications_Other,Other Complications / Notes,text,No,Safety event,complication,complications_other,Refactor,Endpoint review
MAP-00237,HF,index (8).html,In-Hospital Admission,In-Hospital Admission,Quad_GDMT,Quadruple GDMT?,select,No,Registry metadata,form_response,value,Refactor,Domain review
MAP-00238,HF,index (8).html,In-Hospital Admission,In-Hospital Admission,Max_GDMT,On Maximum GDMT Doses?,select,No,Medication,medication_statement,max_gdmt,Refactor,Medication review
MAP-00239,HF,index (8).html,In-Hospital Admission,In-Hospital Admission,Recovered_LV,Recovered LV?,select,No,Registry metadata,form_response,value,Refactor,Domain review
MAP-00240,HF,index (8).html,In-Hospital Admission,In-Hospital Admission,Recovered_LV_Type,Recovery Type,select,No,Module extension,form_response,recovered_lv_type,Refactor,Domain review
MAP-00241,HF,index (8).html,In-Hospital Admission,In-Hospital Admission,Mortality,Mortality,select,No,Outcome,clinical_event,mortality,Refactor,Endpoint review
MAP-00242,HF,index (8).html,In-Hospital Admission,In-Hospital Admission,LostFU,Lost to Follow-up,select,No,Follow-up,followup_task,lostfu,Refactor,Protocol review
MAP-00243,HF,index (8).html,In-Hospital Admission,In-Hospital Admission,LostFU_Reason,Reason,select,No,Follow-up,followup_task,lostfu_reason,Refactor,Protocol review
MAP-00244,HF,index (8).html,In-Hospital Admission,In-Hospital Admission,LostFU_Other,Specify (Others),text,No,Follow-up,followup_task,lostfu_other,Refactor,Protocol review
MAP-00245,HF,index (8).html,In-Hospital Admission,DISCHARGE & TRANSFER — kept with outcomes where disposition belongs,Discharge_Home,Discharged Home,select,No,Registry metadata,form_response,value,Refactor,Domain review
MAP-00246,HF,index (8).html,In-Hospital Admission,DISCHARGE & TRANSFER — kept with outcomes where disposition belongs,Transfer_Other,Transfer to Other Hospital,select,No,Episode,care_episode,transfer_other,Refactor,Mapped shared core
MAP-00247,HF,index (8).html,In-Hospital Admission,In-Hospital Admission,Transfer_Hospital_Name,"If Yes, Specify Hospital",text,No,Episode,care_episode,transfer_hospital_name,Refactor,Mapped shared core
MAP-00248,HF,index (8).html,In-Hospital Admission,In-Hospital Admission,Discharge_Other,Other Discharge Destination / Details,text,No,Module extension,form_response,discharge_other,Refactor,Domain review
MAP-00249,HF,index (8).html,In-Hospital Admission,In-Hospital Admission,Discharge_Status,Status on Discharge,select,No,Registry metadata,form_response,value,Refactor,Domain review
MAP-00250,HF,index (8).html,In-Hospital Admission,In-Hospital Admission,Discharge_OPD_Appt,OPD Appointment on Discharge,date,No,Follow-up,followup_task,discharge_opd_appt,Refactor,Protocol review
MAP-00251,HF,index (8).html,In-Hospital Admission,Legacy fields retained invisibly so older exports remain compatible.,Discharge_Walking,OPD Appointment on Discharge,hidden,No,Follow-up,followup_task,discharge_walking,Refactor,Protocol review
MAP-00252,HF,index (8).html,In-Hospital Admission,Legacy fields retained invisibly so older exports remain compatible.,Discharge_Wheelchair,OPD Appointment on Discharge,hidden,No,Follow-up,followup_task,discharge_wheelchair,Refactor,Protocol review
MAP-00253,HF,index (8).html,In-Hospital Admission,Legacy fields retained invisibly so older exports remain compatible.,Discharge_Stretcher,OPD Appointment on Discharge,hidden,No,Follow-up,followup_task,discharge_stretcher,Refactor,Protocol review
MAP-00254,HF,index (8).html,In-Hospital Admission,ADVANCED HF — Strong HF + Therapy choices,Advanced_HF_Outcome,Advanced HF?,select,No,Registry metadata,form_response,value,Refactor,Domain review
MAP-00255,HF,index (8).html,In-Hospital Admission,ADVANCED HF — Strong HF + Therapy choices,Strong_HF,Strong HF eligible?,select,No,Registry metadata,form_response,value,Refactor,Domain review
MAP-00256,HF,index (8).html,In-Hospital Admission,In-Hospital Admission,Adv_HF_Therapy,Advanced HF Therapy?,select,No,Registry metadata,form_response,value,Refactor,Domain review
MAP-00257,HF,index (8).html,In-Hospital Admission,In-Hospital Admission,Adv_HF_Therapy_Type,Adv HF Therapy Type,hidden,No,Module extension,form_response,adv_hf_therapy_type,Refactor,Domain review
MAP-00258,HF,index (8).html,In-Hospital Admission,In-Hospital Admission,Referral,Referral,hidden,No,Registry metadata,form_response,value,Refactor,Domain review
MAP-00259,HF,index (8).html,In-Hospital Admission,In-Hospital Admission,Referral_Other,Referral Other,text,No,Module extension,form_response,referral_other,Refactor,Domain review
MAP-00260,HF,index (8).html,In-Hospital Admission,In-Hospital Admission,Rehab,Rehab,hidden,No,Registry metadata,form_response,value,Refactor,Domain review
MAP-00261,HF,index (8).html,In-Hospital Admission,In-Hospital Admission,HF_Dur,HF Dur,hidden,No,Registry metadata,form_response,value,Refactor,Domain review
MAP-00262,HF,index (8).html,In-Hospital Admission,In-Hospital Admission,MAGGIC_Score,MAGGIC Score,hidden,No,Legacy only,legacy_staging_value,maggic_score,Discard,Clinical rule review
MAP-00263,HF,index (8).html,In-Hospital Admission,In-Hospital Admission,MAGGIC_Risk,MAGGIC Risk,hidden,No,Legacy only,legacy_staging_value,maggic_risk,Discard,Clinical rule review
MAP-00264,HF,index (8).html,In-Hospital Admission,In-Hospital Admission,Notes,Management Plan / Notes,textarea,No,Module extension,form_response,notes,Refactor,Domain review
MAP-00265,HF,index (8).html,In-Hospital Admission,In-Hospital Admission,Extra_Admissions,Extra Admissions,hidden,No,Episode,care_episode,extra_admissions,Refactor,Mapped shared core
MAP-00266,HF,index (8).html,In-Hospital Admission,In-Hospital Admission,Longitudinal_Outcome_Date,Longitudinal Outcome Date,hidden,No,Registry metadata,form_response,value,Refactor,Domain review
MAP-00267,HF,index (8).html,Visits,Collapsible visit history,Visit_Date,Visit Date,date,Yes,Encounter,encounter,visit_date,Refactor,Mapped shared core
MAP-00268,HF,index (8).html,Visits,Collapsible visit history,Visit_Type,Visit Type,select,No,Encounter,encounter,visit_type,Refactor,Mapped shared core
MAP-00269,HF,index (8).html,Visits,Visits,visitMedRefillCheck,Visit Med Refill Check,checkbox,No,Registry metadata,form_response,value,Refactor,Domain review
MAP-00270,HF,index (8).html,Visits,Visits,V_Med_Refill_Today,Med Refill Today,hidden,No,Registry metadata,form_response,value,Refactor,Domain review
MAP-00271,HF,index (8).html,Visits,Visits,visitRegisteredCheck,Visit Registered Check,checkbox,No,Registry metadata,form_response,value,Refactor,Domain review
MAP-00272,HF,index (8).html,Visits,Visits,V_Registered_Visit,Registered Visit,hidden,No,Registry metadata,form_response,value,Refactor,Domain review
MAP-00273,HF,index (8).html,Visits,Visits,V_Sym_Dyspnea,Sym Dyspnea,checkbox,No,Registry metadata,form_response,value,Refactor,Domain review
MAP-00274,HF,index (8).html,Visits,Visits,V_Sym_Palpitations,Sym Palpitations,checkbox,No,Registry metadata,form_response,value,Refactor,Domain review
MAP-00275,HF,index (8).html,Visits,Visits,V_Sym_Fatigue,Sym Fatigue,checkbox,No,Registry metadata,form_response,value,Refactor,Domain review
MAP-00276,HF,index (8).html,Visits,Visits,V_Sym_ChestPain,Sym Chest Pain,checkbox,No,Registry metadata,form_response,value,Refactor,Domain review
MAP-00277,HF,index (8).html,Visits,Visits,V_Sym_Syncope,Sym Syncope,checkbox,No,Registry metadata,form_response,value,Refactor,Domain review
MAP-00278,HF,index (8).html,Visits,Visits,V_Sym_Other_Text,Syncope,text,No,Module extension,form_response,sym_other_text,Refactor,Domain review
MAP-00279,HF,index (8).html,Visits,Visits,V_Fatigue,Syncope,hidden,No,Registry metadata,form_response,value,Refactor,Domain review
MAP-00280,HF,index (8).html,Visits,Visits,V_NYHA,NYHA Class,select,No,Assessment,functional_assessment,nyha,Refactor,Clinical rule review
MAP-00281,HF,index (8).html,Visits,Visits,V_KCCQ,KCCQ (0-100),text,No,Assessment,functional_assessment,kccq,Refactor,Clinical rule review
MAP-00282,HF,index (8).html,Visits,Visits,V_BP,BP,text,No,Observation,observation,bp,Refactor,Unit/code review
MAP-00283,HF,index (8).html,Visits,Visits,V_Pulse,Pulse,text,No,Observation,observation,pulse,Refactor,Unit/code review
MAP-00284,HF,index (8).html,Visits,Visits,V_SpO2,SpO2 %,text,No,Observation,observation,spo2,Refactor,Unit/code review
MAP-00285,HF,index (8).html,Visits,Visits,V_Height,Height (cm),text,No,Observation,observation,height,Refactor,Unit/code review
MAP-00286,HF,index (8).html,Visits,Visits,V_Weight,Weight (kg),text,No,Observation,observation,weight,Refactor,Unit/code review
MAP-00287,HF,index (8).html,Visits,Visits,V_Dry_Weight,Dry Weight (kg),text,No,Observation,observation,dry_weight,Refactor,Unit/code review
MAP-00288,HF,index (8).html,Visits,Visits,V_BMI,BMI Auto,text,No,Observation,observation,bmi,Refactor,Unit/code review
MAP-00289,HF,index (8).html,Visits,Visits,V_JVP,JVP,select,No,Observation,observation,jvp,Refactor,Unit/code review
MAP-00290,HF,index (8).html,Visits,Visits,V_Rales,Pulm. Rales,select,No,Observation,observation,rales,Refactor,Unit/code review
MAP-00291,HF,index (8).html,Visits,Visits,V_Edema,Oedema,select,No,Observation,observation,edema,Refactor,Unit/code review
MAP-00292,HF,index (8).html,Visits,Visits,V_S3,S3,select,No,Observation,observation,s3,Refactor,Unit/code review
MAP-00293,HF,index (8).html,Visits,Visits,V_Murmur,Murmur,text,No,Observation,observation,murmur,Refactor,Unit/code review
MAP-00294,HF,index (8).html,Visits,VISIT COMORBIDITIES (mirrors admission structure) — first visit only,V_IHD,IHD Type,select,No,Module extension,form_response,ihd,Refactor,Domain review
MAP-00295,HF,index (8).html,Visits,Visits,V_Smoker,Smoking Status,select,No,Condition,condition,smoker,Refactor,Terminology review
MAP-00296,HF,index (8).html,Visits,Visits,V_Frail,Frail,select,No,Registry metadata,form_response,value,Refactor,Domain review
MAP-00297,HF,index (8).html,Visits,Visits,V_Frailty_Deficits,Deficits Present,text,No,Assessment,functional_assessment,frailty_deficits,Refactor,Clinical rule review
MAP-00298,HF,index (8).html,Visits,Visits,V_Frailty_Items_Assessed,Deficits Assessed,text,No,Assessment,functional_assessment,frailty_items_assessed,Refactor,Clinical rule review
MAP-00299,HF,index (8).html,Visits,Visits,V_Frailty_Index,Frailty Index Auto,text,No,Assessment,functional_assessment,frailty_index,Refactor,Clinical rule review
MAP-00300,HF,index (8).html,Visits,Visits,V_Thyroid_Dz,Thyroid Disease,select,No,Registry metadata,form_response,value,Refactor,Domain review
MAP-00301,HF,index (8).html,Visits,Visits,V_FH_Cardio,Family History (Cardio),select,No,Condition,condition,fh_cardio,Refactor,Terminology review
MAP-00302,HF,index (8).html,Visits,Visits,V_Genetics,Genetics,select,No,Registry metadata,form_response,value,Refactor,Domain review
MAP-00303,HF,index (8).html,Visits,Visits,V_Genetics_Type,Type of Gene,text,No,Module extension,form_response,genetics_type,Refactor,Domain review
MAP-00304,HF,index (8).html,Visits,Visits,V_Comorbid_Others,Other Past History / Comorbidities,text,No,Condition,condition,comorbid_others,Refactor,Terminology review
MAP-00305,HF,index (8).html,Visits,Visits,V_Procedures,Other Past History / Comorbidities,hidden,No,Procedure,procedure,procedures,Refactor,Procedure review
MAP-00306,HF,index (8).html,Visits,Visits,V_Device_Done,History of Device Fixation,select,No,Procedure,procedure,device_done,Refactor,Procedure review
MAP-00307,HF,index (8).html,Visits,Visits,V_Device_Type,Device Implanted,select,No,Procedure,procedure,device_type,Refactor,Procedure review
MAP-00308,HF,index (8).html,Visits,Visits,V_Device_Date,Device Date,date,No,Procedure,procedure,device_date,Refactor,Procedure review
MAP-00309,HF,index (8).html,Visits,Visits,V_Device_Info,Device Date,hidden,No,Procedure,procedure,device_info,Refactor,Procedure review
MAP-00310,HF,index (8).html,Visits,Visits,V_Proc_CA_Done,CA/CAG History,select,No,Procedure,procedure,proc_ca_done,Refactor,Procedure review
MAP-00311,HF,index (8).html,Visits,Visits,V_Proc_CA_Date,CA/CAG Date,date,No,Procedure,procedure,proc_ca_date,Refactor,Procedure review
MAP-00312,HF,index (8).html,Visits,Visits,V_Proc_CA_Details,CA/CAG Details,text,No,Procedure,procedure,proc_ca_details,Refactor,Procedure review
MAP-00313,HF,index (8).html,Visits,Visits,V_Proc_PCI_Done,PCI History,select,No,Procedure,procedure,proc_pci_done,Refactor,Procedure review
MAP-00314,HF,index (8).html,Visits,Visits,V_Proc_PCI_Date,PCI Date,date,No,Procedure,procedure,proc_pci_date,Refactor,Procedure review
MAP-00315,HF,index (8).html,Visits,Visits,V_Proc_PCI_Stents_Number,Number of Stents,text,No,Procedure,cad_stent,proc_pci_stents_number,Refactor,Procedure review
MAP-00316,HF,index (8).html,Visits,Visits,V_Proc_PCI_Details,PCI Details,text,No,Procedure,procedure,proc_pci_details,Refactor,Procedure review
MAP-00317,HF,index (8).html,Visits,Visits,V_Proc_CABG_Done,CABG History,select,No,Procedure,procedure,proc_cabg_done,Refactor,Procedure review
MAP-00318,HF,index (8).html,Visits,Visits,V_Proc_CABG_Date,CABG Date,date,No,Procedure,procedure,proc_cabg_date,Refactor,Procedure review
MAP-00319,HF,index (8).html,Visits,Visits,V_Proc_CABG_Details,CABG Details,text,No,Procedure,procedure,proc_cabg_details,Refactor,Procedure review
MAP-00320,HF,index (8).html,Visits,Visits,V_Proc_Ablation_Done,Ablation History,select,No,Procedure,procedure,proc_ablation_done,Refactor,Procedure review
MAP-00321,HF,index (8).html,Visits,Visits,V_Proc_Ablation_Type,Type of Ablation,text,No,Procedure,procedure,proc_ablation_type,Refactor,Procedure review
MAP-00322,HF,index (8).html,Visits,Visits,V_Procedures_Notes,Procedure Notes,textarea,No,Procedure,procedure,procedures_notes,Refactor,Procedure review
MAP-00323,HF,index (8).html,Visits,Visits,V_Proc_Device_Done,Procedure Notes,select,No,Procedure,procedure,proc_device_done,Refactor,Procedure review
MAP-00324,HF,index (8).html,Visits,Visits,V_Proc_Device_Type,Procedure Notes,text,No,Procedure,procedure,proc_device_type,Refactor,Procedure review
MAP-00325,HF,index (8).html,Visits,Visits,V_Proc_Device_Date,Procedure Notes,date,No,Procedure,procedure,proc_device_date,Refactor,Procedure review
MAP-00326,HF,index (8).html,Visits,Visits,V_PCI_CABG,Procedure Notes,hidden,No,Procedure,procedure,pci_cabg,Refactor,Procedure review
MAP-00327,HF,index (8).html,Visits,Visits,V_PCI_CABG_Date,Procedure Notes,text,No,Procedure,procedure,pci_cabg_date,Refactor,Procedure review
MAP-00328,HF,index (8).html,Visits,Visits,V_PCI_CABG_Details,Procedure Notes,text,No,Procedure,procedure,pci_cabg_details,Refactor,Procedure review
MAP-00329,HF,index (8).html,Visits,Visits,V_Proc_Pericardiocentesis_Done,Procedure Notes,select,No,Safety event,complication,proc_pericardiocentesis_done,Refactor,Endpoint review
MAP-00330,HF,index (8).html,Visits,Visits,V_Proc_Pericardiocentesis_Volume,Proc Pericardiocentesis Volume,text,No,Safety event,complication,proc_pericardiocentesis_volume,Refactor,Endpoint review
MAP-00331,HF,index (8).html,Visits,Visits,V_Proc_Pleural_Tapping_Done,Proc Pleural Tapping Done,select,No,Procedure,procedure,proc_pleural_tapping_done,Refactor,Procedure review
MAP-00332,HF,index (8).html,Visits,Visits,V_Proc_Pleural_Tapping_Volume,Proc Pleural Tapping Volume,text,No,Procedure,procedure,proc_pleural_tapping_volume,Refactor,Procedure review
MAP-00333,HF,index (8).html,Visits,Visits,V_Proc_Ascites_Tapping_Done,Proc Ascites Tapping Done,select,No,Procedure,procedure,proc_ascites_tapping_done,Refactor,Procedure review
MAP-00334,HF,index (8).html,Visits,Visits,V_Proc_Ascites_Tapping_Volume,Proc Ascites Tapping Volume,text,No,Procedure,procedure,proc_ascites_tapping_volume,Refactor,Procedure review
MAP-00335,HF,index (8).html,Visits,Visits,V_Proc_Other_Done,Proc Other Done,select,No,Module extension,form_response,proc_other_done,Refactor,Domain review
MAP-00336,HF,index (8).html,Visits,Visits,V_Proc_Other,Proc Other,text,No,Module extension,form_response,proc_other,Refactor,Domain review
MAP-00337,HF,index (8).html,Visits,VALVE INTERVENTION (mirrors admission),V_Valve_Intervention,Valve Intervention,select,No,Registry metadata,form_response,value,Refactor,Domain review
MAP-00338,HF,index (8).html,Visits,Visits,V_Valve_Repair_Valves,Valve Repair Valves,hidden,No,Diagnostic study,imaging_measurement,valve_repair_valves,Refactor,Imaging review
MAP-00339,HF,index (8).html,Visits,Visits,V_Valve_Repair_Date,Surgical Repair Date,date,No,Registry metadata,form_response,value,Refactor,Domain review
MAP-00340,HF,index (8).html,Visits,Visits,V_Valve_Replace_Valves,Valve Replace Valves,hidden,No,Diagnostic study,imaging_measurement,valve_replace_valves,Refactor,Imaging review
MAP-00341,HF,index (8).html,Visits,Visits,V_Valve_Replace_Type,Prosthesis Type,select,No,Module extension,form_response,valve_replace_type,Refactor,Domain review
MAP-00342,HF,index (8).html,Visits,Visits,V_Valve_Replace_Date,Surgical Replacement Date,date,No,Registry metadata,form_response,value,Refactor,Domain review
MAP-00343,HF,index (8).html,Visits,Percutaneous,V_Valve_Percutaneous,Percutaneous Procedure,select,No,Procedure,procedure,valve_percutaneous,Refactor,Procedure review
MAP-00344,HF,index (8).html,Visits,Percutaneous,V_Valve_MVClip,MV Clip,select,No,Registry metadata,form_response,value,Refactor,Domain review
MAP-00345,HF,index (8).html,Visits,Visits,V_Valve_MVClip_Date,MV Clip Date,date,No,Registry metadata,form_response,value,Refactor,Domain review
MAP-00346,HF,index (8).html,Visits,Visits,V_Valve_TVClip,TV Clip,select,No,Registry metadata,form_response,value,Refactor,Domain review
MAP-00347,HF,index (8).html,Visits,Visits,V_Valve_TVClip_Date,TV Clip Date,date,No,Registry metadata,form_response,value,Refactor,Domain review
MAP-00348,HF,index (8).html,Visits,Visits,V_Valve_TAVI,TAVI,select,No,Procedure,procedure,valve_tavi,Refactor,Procedure review
MAP-00349,HF,index (8).html,Visits,Visits,V_Valve_TAVI_Date,TAVI Date,date,No,Procedure,procedure,valve_tavi_date,Refactor,Procedure review
MAP-00350,HF,index (8).html,Visits,Visits,V_Valve_Percutaneous_Other,Other Percutaneous Procedures,text,No,Procedure,procedure,valve_percutaneous_other,Refactor,Procedure review
MAP-00351,HF,index (8).html,Visits,Hidden mirrors for each visit comorbidity (pill toggles write Yes/No here),V_DM,Other Percutaneous Procedures,select,No,Procedure,procedure,dm,Refactor,Procedure review
MAP-00352,HF,index (8).html,Visits,Hidden mirrors for each visit comorbidity (pill toggles write Yes/No here),V_HTN,Other Percutaneous Procedures,select,No,Procedure,procedure,htn,Refactor,Procedure review
MAP-00353,HF,index (8).html,Visits,Hidden mirrors for each visit comorbidity (pill toggles write Yes/No here),V_AF,Other Percutaneous Procedures,select,No,Procedure,procedure,af,Refactor,Procedure review
MAP-00354,HF,index (8).html,Visits,Hidden mirrors for each visit comorbidity (pill toggles write Yes/No here),V_CKD,CKD,select,No,Condition,condition,ckd,Refactor,Terminology review
MAP-00355,HF,index (8).html,Visits,Hidden mirrors for each visit comorbidity (pill toggles write Yes/No here),V_Dialysis,Dialysis,select,No,Condition,condition,dialysis,Refactor,Terminology review
MAP-00356,HF,index (8).html,Visits,Hidden mirrors for each visit comorbidity (pill toggles write Yes/No here),V_CVA,CVA,select,No,Registry metadata,form_response,value,Refactor,Domain review
MAP-00357,HF,index (8).html,Visits,Visits,V_PVD,PVD,select,No,Registry metadata,form_response,value,Refactor,Domain review
MAP-00358,HF,index (8).html,Visits,Visits,V_Alcohol,Alcohol,select,No,Registry metadata,form_response,value,Refactor,Domain review
MAP-00359,HF,index (8).html,Visits,Visits,V_Obese,Obese,select,No,Condition,condition,obese,Refactor,Terminology review
MAP-00360,HF,index (8).html,Visits,Visits,V_OSA,OSA,select,No,Condition,condition,osa,Refactor,Terminology review
MAP-00361,HF,index (8).html,Visits,Visits,V_Dyslipidemia,Dyslipidemia,select,No,Condition,condition,dyslipidemia,Refactor,Terminology review
MAP-00362,HF,index (8).html,Visits,Visits,V_Lung_Dz,Lung Dz,select,No,Registry metadata,form_response,value,Refactor,Domain review
MAP-00363,HF,index (8).html,Visits,Visits,V_Liver_Dz,Liver Dz,select,No,Registry metadata,form_response,value,Refactor,Domain review
MAP-00364,HF,index (8).html,Visits,/#vComorbiditiesSection,V_ECG_Done,Performed,select,No,Diagnostic study,imaging_study,ecg_done,Refactor,Imaging review
MAP-00365,HF,index (8).html,Visits,Visits,V_LBBB,LBBB,select,No,Registry metadata,form_response,value,Refactor,Domain review
MAP-00366,HF,index (8).html,Visits,Visits,V_QRS,QRS Width (ms),text,No,Registry metadata,form_response,value,Refactor,Domain review
MAP-00367,HF,index (8).html,Visits,Visits,V_Arrhythmia,Arrhythmia,text,No,Condition,condition,arrhythmia,Refactor,Terminology review
MAP-00368,HF,index (8).html,Visits,Visits,V_Pacing_ECG,Pacing in ECG,select,No,Diagnostic study,imaging_study,pacing_ecg,Refactor,Imaging review
MAP-00369,HF,index (8).html,Visits,Visits,V_Pacing_Mode,Pacing Mode,text,No,Registry metadata,form_response,value,Refactor,Domain review
MAP-00370,HF,index (8).html,Visits,Visits,V_ECG_Image_FilePick,ECG Image File Pick,file,No,Diagnostic study,imaging_study,ecg_image_filepick,Refactor,Imaging review
MAP-00371,HF,index (8).html,Visits,Visits,V_ECG_Image_FileCam,ECG Image File Cam,file,No,Diagnostic study,imaging_study,ecg_image_filecam,Refactor,Imaging review
MAP-00372,HF,index (8).html,Visits,Visits,V_ECG_Image_File,ECG Image File,hidden,No,Diagnostic study,imaging_study,ecg_image_file,Refactor,Imaging review
MAP-00373,HF,index (8).html,Visits,Visits,V_ECG_Image,ECG Image,hidden,No,Diagnostic study,imaging_study,ecg_image,Refactor,Imaging review
MAP-00374,HF,index (8).html,Visits,Visits,V_ECG_Images,ECG Images,hidden,No,Diagnostic study,imaging_study,ecg_images,Refactor,Imaging review
MAP-00375,HF,index (8).html,Visits,Visits,V_Holter_Done,Performed,select,No,Diagnostic study,imaging_study,holter_done,Refactor,Imaging review
MAP-00376,HF,index (8).html,Visits,Visits,V_Holter_Date,Date,date,No,Diagnostic study,imaging_study,holter_date,Refactor,Imaging review
MAP-00377,HF,index (8).html,Visits,Visits,V_Holter_Duration,Duration (hours),text,No,Diagnostic study,imaging_study,holter_duration,Refactor,Imaging review
MAP-00378,HF,index (8).html,Visits,Visits,V_Holter_MaxHR,Max HR,text,No,Diagnostic study,imaging_study,holter_maxhr,Refactor,Imaging review
MAP-00379,HF,index (8).html,Visits,Visits,V_Holter_MinHR,Min HR,text,No,Diagnostic study,imaging_study,holter_minhr,Refactor,Imaging review
MAP-00380,HF,index (8).html,Visits,Visits,V_Holter_AvgHR,Avg HR,text,No,Diagnostic study,imaging_study,holter_avghr,Refactor,Imaging review
MAP-00381,HF,index (8).html,Visits,Visits,V_Holter_Arrhythmia,Arrhythmia Burden / Type,text,No,Diagnostic study,imaging_study,holter_arrhythmia,Refactor,Imaging review
MAP-00382,HF,index (8).html,Visits,Visits,V_Holter_Findings,Findings / Notes,textarea,No,Diagnostic study,imaging_study,holter_findings,Refactor,Imaging review
MAP-00383,HF,index (8).html,Visits,Visits,V_Echo_Done,Performed,select,No,Diagnostic study,imaging_study,echo_done,Refactor,Imaging review
MAP-00384,HF,index (8).html,Visits,Visits,V_EF_Change,Change in EF,text,No,Registry metadata,form_response,value,Refactor,Domain review
MAP-00385,HF,index (8).html,Visits,Visits,V_Echo_EDVI,EDVI/EDD,text,No,Diagnostic study,imaging_study,echo_edvi,Refactor,Imaging review
MAP-00386,HF,index (8).html,Visits,Visits,V_Echo_ESVI,ESVI/ESD,text,No,Diagnostic study,imaging_study,echo_esvi,Refactor,Imaging review
MAP-00387,HF,index (8).html,Visits,Visits,V_Echo_EF,EF %,text,No,Diagnostic study,imaging_study,echo_ef,Refactor,Imaging review
MAP-00388,HF,index (8).html,Visits,Visits,V_Echo_Other,Other Echo Findings,text,No,Diagnostic study,imaging_study,echo_other,Refactor,Imaging review
MAP-00389,HF,index (8).html,Visits,Visits,V_CMR_Done,Performed,select,No,Diagnostic study,imaging_study,cmr_done,Refactor,Imaging review
MAP-00390,HF,index (8).html,Visits,Visits,V_CMR_LVEDVI,LVEDVI/EDD,text,No,Diagnostic study,imaging_measurement,cmr_lvedvi,Refactor,Imaging review
MAP-00391,HF,index (8).html,Visits,Visits,V_CMR_LVESVI,LVESVI/ESD,text,No,Diagnostic study,imaging_measurement,cmr_lvesvi,Refactor,Imaging review
MAP-00392,HF,index (8).html,Visits,Visits,V_CMR_LVEF,LVEF %,text,No,Diagnostic study,imaging_measurement,cmr_lvef,Refactor,Imaging review
MAP-00393,HF,index (8).html,Visits,Visits,V_CMR_RVEDI,RVEDI,text,No,Diagnostic study,imaging_study,cmr_rvedi,Refactor,Imaging review
MAP-00394,HF,index (8).html,Visits,Visits,V_CMR_RVEF,RVEF %,text,No,Diagnostic study,imaging_study,cmr_rvef,Refactor,Imaging review
MAP-00395,HF,index (8).html,Visits,Visits,V_CMR_LGE,LGE,select,No,Diagnostic study,imaging_study,cmr_lge,Refactor,Imaging review
MAP-00396,HF,index (8).html,Visits,Visits,V_CMR_LGE_Pct,LGE %,text,No,Diagnostic study,imaging_study,cmr_lge_pct,Refactor,Imaging review
MAP-00397,HF,index (8).html,Visits,Visits,V_CMR_Others,CMR Others,text,No,Diagnostic study,imaging_study,cmr_others,Refactor,Imaging review
MAP-00398,HF,index (8).html,Visits,Visits,V_Walk_Completed,Completed,select,No,Registry metadata,form_response,value,Refactor,Domain review
MAP-00399,HF,index (8).html,Visits,Visits,V_Walk_Meters,Meters Walked,text,No,Registry metadata,form_response,value,Refactor,Domain review
MAP-00400,HF,index (8).html,Visits,Visits,V_CPET_Done,Performed,select,No,Registry metadata,form_response,value,Refactor,Domain review
MAP-00401,HF,index (8).html,Visits,Visits,V_CPET_PeakVO2,Peak VO2,text,No,Registry metadata,form_response,value,Refactor,Domain review
MAP-00402,HF,index (8).html,Visits,Visits,V_CPET_VEVCO2,VE/VCO2 Slope,text,No,Registry metadata,form_response,value,Refactor,Domain review
MAP-00403,HF,index (8).html,Visits,Visits,V_CPET_RER,RER (validity),text,No,Registry metadata,form_response,value,Refactor,Domain review
MAP-00404,HF,index (8).html,Visits,Visits,V_CPET_AT,Anaerobic Threshold,text,No,Registry metadata,form_response,value,Refactor,Domain review
MAP-00405,HF,index (8).html,Visits,Visits,V_CPET_VO2HR,VO2/HR,text,No,Registry metadata,form_response,value,Refactor,Domain review
MAP-00406,HF,index (8).html,Visits,Visits,V_CPET_PetCO2,PetCO2,text,No,Registry metadata,form_response,value,Refactor,Domain review
MAP-00407,HF,index (8).html,Visits,Visits,V_RHC_Done,Performed,select,No,Registry metadata,form_response,value,Refactor,Domain review
MAP-00408,HF,index (8).html,Visits,Visits,V_RHC_CI,C.I (L/min/m2),text,No,Registry metadata,form_response,value,Refactor,Domain review
MAP-00409,HF,index (8).html,Visits,Visits,V_RHC_RAP,RAP (mmHg),text,No,Registry metadata,form_response,value,Refactor,Domain review
MAP-00410,HF,index (8).html,Visits,Visits,V_RHC_RVP,RVP (S/D/ED mmHg),text,No,Registry metadata,form_response,value,Refactor,Domain review
MAP-00411,HF,index (8).html,Visits,Visits,V_RHC_PCWP,PCWP (mmHg),text,No,Registry metadata,form_response,value,Refactor,Domain review
MAP-00412,HF,index (8).html,Visits,Visits,V_RHC_PAP,PAP (S/D/M),text,No,Registry metadata,form_response,value,Refactor,Domain review
MAP-00413,HF,index (8).html,Visits,Visits,V_RHC_PVR,PVR (Woods),text,No,Registry metadata,form_response,value,Refactor,Domain review
MAP-00414,HF,index (8).html,Visits,Visits,V_RHC_PAPi,PAPi,text,No,Registry metadata,form_response,value,Refactor,Domain review
MAP-00415,HF,index (8).html,Visits,Visits,V_RHC_LV,LV (S/D/ED),text,No,Registry metadata,form_response,value,Refactor,Domain review
MAP-00416,HF,index (8).html,Visits,Visits,V_RHC_MVO2,MVO2 Saturation (%),text,No,Registry metadata,form_response,value,Refactor,Domain review
MAP-00417,HF,index (8).html,Visits,Visits,V_CAG_Done,CAG Performed,select,No,Procedure,procedure,cag_done,Refactor,Procedure review
MAP-00418,HF,index (8).html,Visits,Visits,V_CAG_Date,CAG Date,date,No,Procedure,procedure,cag_date,Refactor,Procedure review
MAP-00419,HF,index (8).html,Visits,Visits,V_CAG_Findings,Findings,text,No,Procedure,procedure,cag_findings,Refactor,Procedure review
MAP-00420,HF,index (8).html,Visits,Visits,V_CAG_PCI_Done,PCI Done,select,No,Procedure,procedure,cag_pci_done,Refactor,Procedure review
MAP-00421,HF,index (8).html,Visits,Visits,V_CAG_PCI_Date,PCI Date,date,No,Procedure,procedure,cag_pci_date,Refactor,Procedure review
MAP-00422,HF,index (8).html,Visits,Visits,V_CAG_Stents_Number,Number of Stents,text,No,Procedure,cad_stent,cag_stents_number,Refactor,Procedure review
MAP-00423,HF,index (8).html,Visits,Visits,V_CAG_PCI_Details,PCI Details,text,No,Procedure,procedure,cag_pci_details,Refactor,Procedure review
MAP-00424,HF,index (8).html,Visits,Visits,V_HbA1c,HbA1c (%),text,No,Laboratory,lab_result,hba1c,Refactor,Unit/code review
MAP-00425,HF,index (8).html,Visits,Visits,V_Gluc,Fasting Glucose (mmol/L),text,No,Laboratory,lab_result,gluc,Refactor,Unit/code review
MAP-00426,HF,index (8).html,Visits,Visits,V_Urea,Urea (mmol/L),text,No,Laboratory,lab_result,urea,Refactor,Unit/code review
MAP-00427,HF,index (8).html,Visits,Visits,V_Creat,Creatinine (µmol/L),text,No,Laboratory,lab_result,creat,Refactor,Unit/code review
MAP-00428,HF,index (8).html,Visits,Visits,V_eGFR,eGFR (ml/min/1.73m²) Auto,text,No,Laboratory,lab_result,egfr,Refactor,Unit/code review
MAP-00429,HF,index (8).html,Visits,Visits,V_Na,Sodium / Na (mmol/L),text,No,Laboratory,lab_result,na,Refactor,Unit/code review
MAP-00430,HF,index (8).html,Visits,Visits,V_K,Potassium / K (mmol/L),text,No,Laboratory,lab_result,k,Refactor,Unit/code review
MAP-00431,HF,index (8).html,Visits,Visits,V_BNP,BNP (pg/mL),text,No,Laboratory,lab_result,bnp,Refactor,Unit/code review
MAP-00432,HF,index (8).html,Visits,Visits,V_NTproBNP,NT-proBNP (pg/mL),text,No,Laboratory,lab_result,ntprobnp,Refactor,Unit/code review
MAP-00433,HF,index (8).html,Visits,Visits,V_Iron,Serum Iron (µmol/L),text,No,Laboratory,lab_result,iron,Refactor,Unit/code review
MAP-00434,HF,index (8).html,Visits,Visits,V_Ferritin,Ferritin (µg/L),text,No,Laboratory,lab_result,ferritin,Refactor,Unit/code review
MAP-00435,HF,index (8).html,Visits,Visits,V_Transferrin,Transferrin Sat. / TSAT (%),text,No,Episode,care_episode,transferrin,Refactor,Mapped shared core
MAP-00436,HF,index (8).html,Visits,Visits,V_Hb,Hb (g/dL),text,No,Registry metadata,form_response,value,Refactor,Domain review
MAP-00437,HF,index (8).html,Visits,Visits,V_WBC,WBC (×10⁹/L),text,No,Laboratory,lab_result,wbc,Refactor,Unit/code review
MAP-00438,HF,index (8).html,Visits,Visits,V_Plt,Platelets (×10⁹/L),text,No,Laboratory,lab_result,plt,Refactor,Unit/code review
MAP-00439,HF,index (8).html,Visits,Visits,V_TSH,TSH (mIU/L),text,No,Laboratory,lab_result,tsh,Refactor,Unit/code review
MAP-00440,HF,index (8).html,Visits,Visits,V_FreeT4,Free T4 (pmol/L),text,No,Laboratory,lab_result,freet4,Refactor,Unit/code review
MAP-00441,HF,index (8).html,Visits,Visits,V_INR,INR,text,No,Laboratory,lab_result,inr,Refactor,Unit/code review
MAP-00442,HF,index (8).html,Visits,Visits,V_TotalChol,Total Chol.,text,No,Registry metadata,form_response,value,Refactor,Domain review
MAP-00443,HF,index (8).html,Visits,Visits,V_LDL,LDL,text,No,Laboratory,lab_result,ldl,Refactor,Unit/code review
MAP-00444,HF,index (8).html,Visits,Visits,V_HDL,HDL,text,No,Laboratory,lab_result,hdl,Refactor,Unit/code review
MAP-00445,HF,index (8).html,Visits,Visits,V_TG,Triglycerides,text,No,Laboratory,lab_result,tg,Refactor,Unit/code review
MAP-00446,HF,index (8).html,Visits,Visits,V_Lab_Others,Other Labs,text,No,Module extension,form_response,lab_others,Refactor,Domain review
MAP-00447,HF,index (8).html,Visits,GROUPED VISIT MEDICATIONS,V_Med_Others,Other Medications,text,No,Medication,medication_statement,med_others,Refactor,Medication review
MAP-00448,HF,index (8).html,Visits,GROUPED VISIT MEDICATIONS,V_AdverseEffects,Adverse Effects of Medications,textarea,No,Medication,medication_reconciliation,adverseeffects,Refactor,Medication review
MAP-00449,HF,index (8).html,Visits,Visits,V_Compliance,Compliance to Medications,select,No,Medication,medication_reconciliation,compliance,Refactor,Medication review
MAP-00450,HF,index (8).html,Visits,Visits,V_ComplianceNotes,Compliance Notes,textarea,No,Medication,medication_reconciliation,compliancenotes,Refactor,Medication review
MAP-00451,HF,index (8).html,Visits,Visits,V_Adverse,Patient Complaints / Symptoms,textarea,No,Registry metadata,form_response,value,Refactor,Domain review
MAP-00452,HF,index (8).html,Visits,Visits,V_Plan,Plan / Recommendations,textarea,No,Registry metadata,form_response,value,Refactor,Domain review
MAP-00453,HF,index (8).html,Visits,Visits,V_Others,Other Notes,textarea,No,Module extension,form_response,others,Refactor,Domain review
MAP-00454,HF,index (8).html,Visits,VISIT OUTCOMES & MANAGEMENT (mirrors admission Step-3 Outcomes section),V_Quad_GDMT,Quadruple GDMT?,select,No,Registry metadata,form_response,value,Refactor,Domain review
MAP-00455,HF,index (8).html,Visits,VISIT OUTCOMES & MANAGEMENT (mirrors admission Step-3 Outcomes section),V_Max_GDMT,On Maximum GDMT Doses?,select,No,Medication,medication_statement,max_gdmt,Refactor,Medication review
MAP-00456,HF,index (8).html,Visits,Visits,V_Recovered_LV,Recovered LV?,select,No,Registry metadata,form_response,value,Refactor,Domain review
MAP-00457,HF,index (8).html,Visits,Visits,V_Recovered_LV_Type,Recovery Type,select,No,Module extension,form_response,recovered_lv_type,Refactor,Domain review
MAP-00458,HF,index (8).html,Visits,Visits,V_Mortality,Mortality,select,No,Outcome,clinical_event,mortality,Refactor,Endpoint review
MAP-00459,HF,index (8).html,Visits,Visits,V_LostFU,Lost to Follow-up,select,No,Follow-up,followup_task,lostfu,Refactor,Protocol review
MAP-00460,HF,index (8).html,Visits,Visits,V_LostFU_Reason,Reason,select,No,Follow-up,followup_task,lostfu_reason,Refactor,Protocol review
MAP-00461,HF,index (8).html,Visits,Visits,V_LostFU_Other,Specify (Others),text,No,Follow-up,followup_task,lostfu_other,Refactor,Protocol review
MAP-00462,HF,index (8).html,Visits,Visits,V_Advanced_HF_Outcome,Advanced HF?,select,No,Registry metadata,form_response,value,Refactor,Domain review
MAP-00463,HF,index (8).html,Visits,Visits,V_Strong_HF,Strong HF eligible?,select,No,Registry metadata,form_response,value,Refactor,Domain review
MAP-00464,HF,index (8).html,Visits,Visits,V_Adv_HF_Therapy,Advanced HF Therapy?,select,No,Registry metadata,form_response,value,Refactor,Domain review
MAP-00465,HF,index (8).html,Visits,Visits,V_Adv_HF_Therapy_Type,Therapy Type,text,No,Module extension,form_response,adv_hf_therapy_type,Refactor,Domain review
MAP-00466,HF,index (8).html,Visits,Visits,V_Outcome_Notes,Management Plan / Notes,textarea,No,Module extension,form_response,outcome_notes,Refactor,Domain review
MAP-00467,HF,index (8).html,Visits,Visits,V_Referral,Referral,hidden,No,Registry metadata,form_response,value,Refactor,Domain review
MAP-00468,HF,index (8).html,Visits,Visits,V_Referral_Other,Referral Other,text,No,Module extension,form_response,referral_other,Refactor,Domain review
MAP-00469,HF,index (8).html,Visits,Hidden persistence fields populated by the vaccination UI,V_Vacc_Influenza,Vacc Influenza,hidden,No,Registry metadata,form_response,value,Refactor,Domain review
MAP-00470,HF,index (8).html,Visits,Hidden persistence fields populated by the vaccination UI,V_Vacc_Influenza_Date,Vacc Influenza Date,hidden,No,Registry metadata,form_response,value,Refactor,Domain review
MAP-00471,HF,index (8).html,Visits,Hidden persistence fields populated by the vaccination UI,V_Vacc_Pneumococcal,Vacc Pneumococcal,hidden,No,Safety event,complication,vacc_pneumococcal,Refactor,Endpoint review
MAP-00472,HF,index (8).html,Visits,Hidden persistence fields populated by the vaccination UI,V_Vacc_Pneumococcal_Date,Vacc Pneumococcal Date,hidden,No,Safety event,complication,vacc_pneumococcal_date,Refactor,Endpoint review
MAP-00473,HF,index (8).html,Visits,Hidden persistence fields populated by the vaccination UI,V_Vacc_COVID,Vacc COVID,hidden,No,Registry metadata,form_response,value,Refactor,Domain review
MAP-00474,HF,index (8).html,Visits,Hidden persistence fields populated by the vaccination UI,V_Vacc_COVID_Date,Vacc COVID Date,hidden,No,Registry metadata,form_response,value,Refactor,Domain review
MAP-00475,HF,index (8).html,Visits,Hidden persistence fields populated by the vaccination UI,V_Vacc_RSV,Vacc RSV,hidden,No,Registry metadata,form_response,value,Refactor,Domain review
MAP-00476,HF,index (8).html,Visits,Hidden persistence fields populated by the vaccination UI,V_Vacc_RSV_Date,Vacc RSV Date,hidden,No,Registry metadata,form_response,value,Refactor,Domain review
MAP-00477,HF,index (8).html,Visits,Hidden persistence fields populated by the vaccination UI,V_Vacc_PSV2,Vacc PSV2,hidden,No,Registry metadata,form_response,value,Refactor,Domain review
MAP-00478,HF,index (8).html,Visits,Hidden persistence fields populated by the vaccination UI,V_Vacc_PSV2_Date,Vacc PSV2 Date,hidden,No,Registry metadata,form_response,value,Refactor,Domain review
MAP-00479,HF,index (8).html,Visits,Hidden persistence fields populated by the vaccination UI,V_Vacc_Shingrix,Vacc Shingrix,hidden,No,Registry metadata,form_response,value,Refactor,Domain review
MAP-00480,HF,index (8).html,Visits,Visits,V_Vacc_Shingrix_Date,Vacc Shingrix Date,hidden,No,Registry metadata,form_response,value,Refactor,Domain review
MAP-00481,HF,index (8).html,Visits,Visits,V_Vacc_Notes,Vacc Notes,hidden,No,Module extension,form_response,vacc_notes,Refactor,Domain review
MAP-00482,HF,index (8).html,Visits,Legacy year fields kept for backward compatibility with old records / exports,V_Vacc_Influenza_Year,Vacc Influenza Year,hidden,No,Registry metadata,form_response,value,Refactor,Domain review
MAP-00483,HF,index (8).html,Visits,Legacy year fields kept for backward compatibility with old records / exports,V_Vacc_Pneumococcal_Year,Vacc Pneumococcal Year,hidden,No,Safety event,complication,vacc_pneumococcal_year,Refactor,Endpoint review
MAP-00484,HF,index (8).html,Visits,Legacy year fields kept for backward compatibility with old records / exports,V_Vacc_COVID_Year,Vacc COVID Year,hidden,No,Registry metadata,form_response,value,Refactor,Domain review
MAP-00485,HF,index (8).html,Visits,Legacy year fields kept for backward compatibility with old records / exports,V_Vacc_Other,Vacc Other,hidden,No,Module extension,form_response,vacc_other,Refactor,Domain review
MAP-00486,HF,index (8).html,Visits,NEXT APPOINTMENT — standalone card at end of visit section,Next_Appt,Next Appointment Date,date,No,Follow-up,followup_task,next_appt,Refactor,Protocol review
MAP-00487,HF,index (8).html,Visits,Visits,Next_Appt_Notes,Notes (optional),text,No,Follow-up,followup_task,next_appt_notes,Refactor,Protocol review
MAP-00488,HF,index (8).html,In-Hospital Admission,Medications,Med_ARNI,ARNI (Entresto),select,No,Medication,medication_statement,med_arni,Refactor,Medication review
MAP-00489,HF,index (8).html,In-Hospital Admission,Medications,Med_ARNI_Dose,ARNI (Entresto) dose,select,No,Medication,medication_statement,med_arni_dose,Refactor,Medication review
MAP-00490,HF,index (8).html,In-Hospital Admission,Medications,Med_ARNI_DoseCustom,ARNI (Entresto) custom dose,text,No,Medication,medication_statement,med_arni_dosecustom,Refactor,Medication review
MAP-00491,HF,index (8).html,In-Hospital Admission,Medications,Med_ARNI_Freq,ARNI (Entresto) frequency,text,No,Medication,medication_statement,med_arni_freq,Refactor,Medication review
MAP-00492,HF,index (8).html,In-Hospital Admission,Medications,Med_ARNI_Date,ARNI (Entresto) start date,date,No,Medication,medication_statement,med_arni_date,Refactor,Medication review
MAP-00493,HF,index (8).html,In-Hospital Admission,Medications,Med_SGLT2i,SGLT2i,select,No,Medication,medication_statement,med_sglt2i,Refactor,Medication review
MAP-00494,HF,index (8).html,In-Hospital Admission,Medications,Med_SGLT2i_Dose,SGLT2i dose,select,No,Medication,medication_statement,med_sglt2i_dose,Refactor,Medication review
MAP-00495,HF,index (8).html,In-Hospital Admission,Medications,Med_SGLT2i_DoseCustom,SGLT2i custom dose,text,No,Medication,medication_statement,med_sglt2i_dosecustom,Refactor,Medication review
MAP-00496,HF,index (8).html,In-Hospital Admission,Medications,Med_SGLT2i_Freq,SGLT2i frequency,text,No,Medication,medication_statement,med_sglt2i_freq,Refactor,Medication review
MAP-00497,HF,index (8).html,In-Hospital Admission,Medications,Med_SGLT2i_Date,SGLT2i start date,date,No,Medication,medication_statement,med_sglt2i_date,Refactor,Medication review
MAP-00498,HF,index (8).html,In-Hospital Admission,Medications,Med_GLP1,GLP1 Agonist,select,No,Registry metadata,form_response,value,Refactor,Domain review
MAP-00499,HF,index (8).html,In-Hospital Admission,Medications,Med_GLP1_Dose,GLP1 Agonist dose,select,No,Medication,medication_statement,med_glp1_dose,Refactor,Medication review
MAP-00500,HF,index (8).html,In-Hospital Admission,Medications,Med_GLP1_DoseCustom,GLP1 Agonist custom dose,text,No,Medication,medication_statement,med_glp1_dosecustom,Refactor,Medication review
MAP-00501,HF,index (8).html,In-Hospital Admission,Medications,Med_GLP1_Freq,GLP1 Agonist frequency,text,No,Registry metadata,form_response,value,Refactor,Domain review
MAP-00502,HF,index (8).html,In-Hospital Admission,Medications,Med_GLP1_Date,GLP1 Agonist start date,date,No,Registry metadata,form_response,value,Refactor,Domain review
MAP-00503,HF,index (8).html,In-Hospital Admission,Medications,Med_BB,B-Blockers,select,No,Registry metadata,form_response,value,Refactor,Domain review
MAP-00504,HF,index (8).html,In-Hospital Admission,Medications,Med_BB_Dose,B-Blockers dose,select,No,Medication,medication_statement,med_bb_dose,Refactor,Medication review
MAP-00505,HF,index (8).html,In-Hospital Admission,Medications,Med_BB_DoseCustom,B-Blockers custom dose,text,No,Medication,medication_statement,med_bb_dosecustom,Refactor,Medication review
MAP-00506,HF,index (8).html,In-Hospital Admission,Medications,Med_BB_Freq,B-Blockers frequency,text,No,Registry metadata,form_response,value,Refactor,Domain review
MAP-00507,HF,index (8).html,In-Hospital Admission,Medications,Med_BB_Date,B-Blockers start date,date,No,Registry metadata,form_response,value,Refactor,Domain review
MAP-00508,HF,index (8).html,In-Hospital Admission,Medications,Med_MRA,MRA,select,No,Medication,medication_statement,med_mra,Refactor,Medication review
MAP-00509,HF,index (8).html,In-Hospital Admission,Medications,Med_MRA_Dose,MRA dose,select,No,Medication,medication_statement,med_mra_dose,Refactor,Medication review
MAP-00510,HF,index (8).html,In-Hospital Admission,Medications,Med_MRA_DoseCustom,MRA custom dose,text,No,Medication,medication_statement,med_mra_dosecustom,Refactor,Medication review
MAP-00511,HF,index (8).html,In-Hospital Admission,Medications,Med_MRA_Freq,MRA frequency,text,No,Medication,medication_statement,med_mra_freq,Refactor,Medication review
MAP-00512,HF,index (8).html,In-Hospital Admission,Medications,Med_MRA_Date,MRA start date,date,No,Medication,medication_statement,med_mra_date,Refactor,Medication review
MAP-00513,HF,index (8).html,In-Hospital Admission,Medications,Med_ACEiARB,ACEi/ARB,select,No,Medication,medication_statement,med_aceiarb,Refactor,Medication review
MAP-00514,HF,index (8).html,In-Hospital Admission,Medications,Med_ACEiARB_Dose,ACEi/ARB dose,select,No,Medication,medication_statement,med_aceiarb_dose,Refactor,Medication review
MAP-00515,HF,index (8).html,In-Hospital Admission,Medications,Med_ACEiARB_DoseCustom,ACEi/ARB custom dose,text,No,Medication,medication_statement,med_aceiarb_dosecustom,Refactor,Medication review
MAP-00516,HF,index (8).html,In-Hospital Admission,Medications,Med_ACEiARB_Freq,ACEi/ARB frequency,text,No,Medication,medication_statement,med_aceiarb_freq,Refactor,Medication review
MAP-00517,HF,index (8).html,In-Hospital Admission,Medications,Med_ACEiARB_Date,ACEi/ARB start date,date,No,Medication,medication_statement,med_aceiarb_date,Refactor,Medication review
MAP-00518,HF,index (8).html,In-Hospital Admission,Medications,Med_Vasodilator,Vasodilators,select,No,Registry metadata,form_response,value,Refactor,Domain review
MAP-00519,HF,index (8).html,In-Hospital Admission,Medications,Med_Vasodilator_Dose,Vasodilators dose,select,No,Medication,medication_statement,med_vasodilator_dose,Refactor,Medication review
MAP-00520,HF,index (8).html,In-Hospital Admission,Medications,Med_Vasodilator_DoseCustom,Vasodilators custom dose,text,No,Medication,medication_statement,med_vasodilator_dosecustom,Refactor,Medication review
MAP-00521,HF,index (8).html,In-Hospital Admission,Medications,Med_Vasodilator_Freq,Vasodilators frequency,text,No,Registry metadata,form_response,value,Refactor,Domain review
MAP-00522,HF,index (8).html,In-Hospital Admission,Medications,Med_Vasodilator_Date,Vasodilators start date,date,No,Registry metadata,form_response,value,Refactor,Domain review
MAP-00523,HF,index (8).html,In-Hospital Admission,Medications,Med_Procorolan,Procorolan (If),select,No,Medication,medication_statement,med_procorolan,Refactor,Medication review
MAP-00524,HF,index (8).html,In-Hospital Admission,Medications,Med_Procorolan_Dose,Procorolan (If) dose,select,No,Medication,medication_statement,med_procorolan_dose,Refactor,Medication review
MAP-00525,HF,index (8).html,In-Hospital Admission,Medications,Med_Procorolan_DoseCustom,Procorolan (If) custom dose,text,No,Medication,medication_statement,med_procorolan_dosecustom,Refactor,Medication review
MAP-00526,HF,index (8).html,In-Hospital Admission,Medications,Med_Procorolan_Freq,Procorolan (If) frequency,text,No,Medication,medication_statement,med_procorolan_freq,Refactor,Medication review
MAP-00527,HF,index (8).html,In-Hospital Admission,Medications,Med_Procorolan_Date,Procorolan (If) start date,date,No,Medication,medication_statement,med_procorolan_date,Refactor,Medication review
MAP-00528,HF,index (8).html,In-Hospital Admission,Medications,Med_CCB,CCB,select,No,Registry metadata,form_response,value,Refactor,Domain review
MAP-00529,HF,index (8).html,In-Hospital Admission,Medications,Med_CCB_Dose,CCB dose,select,No,Medication,medication_statement,med_ccb_dose,Refactor,Medication review
MAP-00530,HF,index (8).html,In-Hospital Admission,Medications,Med_CCB_DoseCustom,CCB custom dose,text,No,Medication,medication_statement,med_ccb_dosecustom,Refactor,Medication review
MAP-00531,HF,index (8).html,In-Hospital Admission,Medications,Med_CCB_Freq,CCB frequency,text,No,Registry metadata,form_response,value,Refactor,Domain review
MAP-00532,HF,index (8).html,In-Hospital Admission,Medications,Med_CCB_Date,CCB start date,date,No,Registry metadata,form_response,value,Refactor,Domain review
MAP-00533,HF,index (8).html,In-Hospital Admission,Medications,Med_Diuretic,Diuretics,select,No,Medication,medication_statement,med_diuretic,Refactor,Medication review
MAP-00534,HF,index (8).html,In-Hospital Admission,Medications,Med_Diuretic_Dose,Diuretics dose,select,No,Medication,medication_statement,med_diuretic_dose,Refactor,Medication review
MAP-00535,HF,index (8).html,In-Hospital Admission,Medications,Med_Diuretic_DoseCustom,Diuretics custom dose,text,No,Medication,medication_statement,med_diuretic_dosecustom,Refactor,Medication review
MAP-00536,HF,index (8).html,In-Hospital Admission,Medications,Med_Diuretic_Freq,Diuretics frequency,text,No,Medication,medication_statement,med_diuretic_freq,Refactor,Medication review
MAP-00537,HF,index (8).html,In-Hospital Admission,Medications,Med_Diuretic_Date,Diuretics start date,date,No,Medication,medication_statement,med_diuretic_date,Refactor,Medication review
MAP-00538,HF,index (8).html,In-Hospital Admission,Medications,Med_Statin,Statin,select,No,Medication,medication_statement,med_statin,Refactor,Medication review
MAP-00539,HF,index (8).html,In-Hospital Admission,Medications,Med_Statin_Dose,Statin dose,select,No,Medication,medication_statement,med_statin_dose,Refactor,Medication review
MAP-00540,HF,index (8).html,In-Hospital Admission,Medications,Med_Statin_DoseCustom,Statin custom dose,text,No,Medication,medication_statement,med_statin_dosecustom,Refactor,Medication review
MAP-00541,HF,index (8).html,In-Hospital Admission,Medications,Med_Statin_Freq,Statin frequency,text,No,Medication,medication_statement,med_statin_freq,Refactor,Medication review
MAP-00542,HF,index (8).html,In-Hospital Admission,Medications,Med_Statin_Date,Statin start date,date,No,Medication,medication_statement,med_statin_date,Refactor,Medication review
MAP-00543,HF,index (8).html,In-Hospital Admission,Medications,Med_LipidCombo,Lipid Combination,select,No,Registry metadata,form_response,value,Refactor,Domain review
MAP-00544,HF,index (8).html,In-Hospital Admission,Medications,Med_LipidCombo_Dose,Lipid Combination dose,select,No,Medication,medication_statement,med_lipidcombo_dose,Refactor,Medication review
MAP-00545,HF,index (8).html,In-Hospital Admission,Medications,Med_LipidCombo_DoseCustom,Lipid Combination custom dose,text,No,Medication,medication_statement,med_lipidcombo_dosecustom,Refactor,Medication review
MAP-00546,HF,index (8).html,In-Hospital Admission,Medications,Med_LipidCombo_Freq,Lipid Combination frequency,text,No,Registry metadata,form_response,value,Refactor,Domain review
MAP-00547,HF,index (8).html,In-Hospital Admission,Medications,Med_LipidCombo_Date,Lipid Combination start date,date,No,Registry metadata,form_response,value,Refactor,Domain review
MAP-00548,HF,index (8).html,In-Hospital Admission,Medications,Med_Ezetrol,Ezetrol (standalone),select,No,Medication,medication_statement,med_ezetrol,Refactor,Medication review
MAP-00549,HF,index (8).html,In-Hospital Admission,Medications,Med_Ezetrol_Dose,Ezetrol (standalone) dose,select,No,Medication,medication_statement,med_ezetrol_dose,Refactor,Medication review
MAP-00550,HF,index (8).html,In-Hospital Admission,Medications,Med_Ezetrol_DoseCustom,Ezetrol (standalone) custom dose,text,No,Medication,medication_statement,med_ezetrol_dosecustom,Refactor,Medication review
MAP-00551,HF,index (8).html,In-Hospital Admission,Medications,Med_Ezetrol_Freq,Ezetrol (standalone) frequency,text,No,Medication,medication_statement,med_ezetrol_freq,Refactor,Medication review
MAP-00552,HF,index (8).html,In-Hospital Admission,Medications,Med_Ezetrol_Date,Ezetrol (standalone) start date,date,No,Medication,medication_statement,med_ezetrol_date,Refactor,Medication review
MAP-00553,HF,index (8).html,In-Hospital Admission,Medications,Med_PCSK9,PCSK9i,select,No,Medication,medication_statement,med_pcsk9,Refactor,Medication review
MAP-00554,HF,index (8).html,In-Hospital Admission,Medications,Med_PCSK9_Dose,PCSK9i dose,select,No,Medication,medication_statement,med_pcsk9_dose,Refactor,Medication review
MAP-00555,HF,index (8).html,In-Hospital Admission,Medications,Med_PCSK9_DoseCustom,PCSK9i custom dose,text,No,Medication,medication_statement,med_pcsk9_dosecustom,Refactor,Medication review
MAP-00556,HF,index (8).html,In-Hospital Admission,Medications,Med_PCSK9_Freq,PCSK9i frequency,text,No,Medication,medication_statement,med_pcsk9_freq,Refactor,Medication review
MAP-00557,HF,index (8).html,In-Hospital Admission,Medications,Med_PCSK9_Date,PCSK9i start date,date,No,Medication,medication_statement,med_pcsk9_date,Refactor,Medication review
MAP-00558,HF,index (8).html,In-Hospital Admission,Medications,Med_Fibrate,Fibrate,select,No,Registry metadata,form_response,value,Refactor,Domain review
MAP-00559,HF,index (8).html,In-Hospital Admission,Medications,Med_Fibrate_Dose,Fibrate dose,select,No,Medication,medication_statement,med_fibrate_dose,Refactor,Medication review
MAP-00560,HF,index (8).html,In-Hospital Admission,Medications,Med_Fibrate_DoseCustom,Fibrate custom dose,text,No,Medication,medication_statement,med_fibrate_dosecustom,Refactor,Medication review
MAP-00561,HF,index (8).html,In-Hospital Admission,Medications,Med_Fibrate_Freq,Fibrate frequency,text,No,Registry metadata,form_response,value,Refactor,Domain review
MAP-00562,HF,index (8).html,In-Hospital Admission,Medications,Med_Fibrate_Date,Fibrate start date,date,No,Registry metadata,form_response,value,Refactor,Domain review
MAP-00563,HF,index (8).html,In-Hospital Admission,Medications,Med_Omega3,Omega-3,select,No,Registry metadata,form_response,value,Refactor,Domain review
MAP-00564,HF,index (8).html,In-Hospital Admission,Medications,Med_Omega3_Dose,Omega-3 dose,select,No,Medication,medication_statement,med_omega3_dose,Refactor,Medication review
MAP-00565,HF,index (8).html,In-Hospital Admission,Medications,Med_Omega3_DoseCustom,Omega-3 custom dose,text,No,Medication,medication_statement,med_omega3_dosecustom,Refactor,Medication review
MAP-00566,HF,index (8).html,In-Hospital Admission,Medications,Med_Omega3_Freq,Omega-3 frequency,text,No,Registry metadata,form_response,value,Refactor,Domain review
MAP-00567,HF,index (8).html,In-Hospital Admission,Medications,Med_Omega3_Date,Omega-3 start date,date,No,Registry metadata,form_response,value,Refactor,Domain review
MAP-00568,HF,index (8).html,In-Hospital Admission,Medications,Med_Nicotine,Nicotine Patches,select,No,Registry metadata,form_response,value,Refactor,Domain review
MAP-00569,HF,index (8).html,In-Hospital Admission,Medications,Med_Nicotine_Dose,Nicotine Patches dose,select,No,Medication,medication_statement,med_nicotine_dose,Refactor,Medication review
MAP-00570,HF,index (8).html,In-Hospital Admission,Medications,Med_Nicotine_DoseCustom,Nicotine Patches custom dose,text,No,Medication,medication_statement,med_nicotine_dosecustom,Refactor,Medication review
MAP-00571,HF,index (8).html,In-Hospital Admission,Medications,Med_Nicotine_Freq,Nicotine Patches frequency,text,No,Registry metadata,form_response,value,Refactor,Domain review
MAP-00572,HF,index (8).html,In-Hospital Admission,Medications,Med_Nicotine_Date,Nicotine Patches start date,date,No,Registry metadata,form_response,value,Refactor,Domain review
MAP-00573,HF,index (8).html,In-Hospital Admission,Medications,Med_Antiplat,Antiplatelets,select,No,Laboratory,lab_result,med_antiplat,Refactor,Unit/code review
MAP-00574,HF,index (8).html,In-Hospital Admission,Medications,Med_Antiplat_Dose,Antiplatelets dose,select,No,Medication,medication_statement,med_antiplat_dose,Refactor,Medication review
MAP-00575,HF,index (8).html,In-Hospital Admission,Medications,Med_Antiplat_DoseCustom,Antiplatelets custom dose,text,No,Medication,medication_statement,med_antiplat_dosecustom,Refactor,Medication review
MAP-00576,HF,index (8).html,In-Hospital Admission,Medications,Med_Antiplat_Freq,Antiplatelets frequency,text,No,Laboratory,lab_result,med_antiplat_freq,Refactor,Unit/code review
MAP-00577,HF,index (8).html,In-Hospital Admission,Medications,Med_Antiplat_Date,Antiplatelets start date,date,No,Laboratory,lab_result,med_antiplat_date,Refactor,Unit/code review
MAP-00578,HF,index (8).html,In-Hospital Admission,Medications,Med_OAC,OAC,select,No,Registry metadata,form_response,value,Refactor,Domain review
MAP-00579,HF,index (8).html,In-Hospital Admission,Medications,Med_OAC_Dose,OAC dose,select,No,Medication,medication_statement,med_oac_dose,Refactor,Medication review
MAP-00580,HF,index (8).html,In-Hospital Admission,Medications,Med_OAC_DoseCustom,OAC custom dose,text,No,Medication,medication_statement,med_oac_dosecustom,Refactor,Medication review
MAP-00581,HF,index (8).html,In-Hospital Admission,Medications,Med_OAC_Freq,OAC frequency,text,No,Registry metadata,form_response,value,Refactor,Domain review
MAP-00582,HF,index (8).html,In-Hospital Admission,Medications,Med_OAC_Date,OAC start date,date,No,Registry metadata,form_response,value,Refactor,Domain review
MAP-00583,HF,index (8).html,In-Hospital Admission,Medications,Med_Arrhythmia,Anti-arrhythmics,select,No,Condition,condition,med_arrhythmia,Refactor,Terminology review
MAP-00584,HF,index (8).html,In-Hospital Admission,Medications,Med_Arrhythmia_Dose,Anti-arrhythmics dose,select,No,Medication,medication_statement,med_arrhythmia_dose,Refactor,Medication review
MAP-00585,HF,index (8).html,In-Hospital Admission,Medications,Med_Arrhythmia_DoseCustom,Anti-arrhythmics custom dose,text,No,Medication,medication_statement,med_arrhythmia_dosecustom,Refactor,Medication review
MAP-00586,HF,index (8).html,In-Hospital Admission,Medications,Med_Arrhythmia_Freq,Anti-arrhythmics frequency,text,No,Condition,condition,med_arrhythmia_freq,Refactor,Terminology review
MAP-00587,HF,index (8).html,In-Hospital Admission,Medications,Med_Arrhythmia_Date,Anti-arrhythmics start date,date,No,Condition,condition,med_arrhythmia_date,Refactor,Terminology review
MAP-00588,HF,index (8).html,In-Hospital Admission,Medications,Med_Digoxin,Digoxin,select,No,Medication,medication_statement,med_digoxin,Refactor,Medication review
MAP-00589,HF,index (8).html,In-Hospital Admission,Medications,Med_Digoxin_Dose,Digoxin dose,select,No,Medication,medication_statement,med_digoxin_dose,Refactor,Medication review
MAP-00590,HF,index (8).html,In-Hospital Admission,Medications,Med_Digoxin_DoseCustom,Digoxin custom dose,text,No,Medication,medication_statement,med_digoxin_dosecustom,Refactor,Medication review
MAP-00591,HF,index (8).html,In-Hospital Admission,Medications,Med_Digoxin_Freq,Digoxin frequency,text,No,Medication,medication_statement,med_digoxin_freq,Refactor,Medication review
MAP-00592,HF,index (8).html,In-Hospital Admission,Medications,Med_Digoxin_Date,Digoxin start date,date,No,Medication,medication_statement,med_digoxin_date,Refactor,Medication review
MAP-00593,HF,index (8).html,In-Hospital Admission,Medications,Med_K_Chelator,K Chelators,select,No,Registry metadata,form_response,value,Refactor,Domain review
MAP-00594,HF,index (8).html,In-Hospital Admission,Medications,Med_K_Chelator_Dose,K Chelators dose,select,No,Medication,medication_statement,med_k_chelator_dose,Refactor,Medication review
MAP-00595,HF,index (8).html,In-Hospital Admission,Medications,Med_K_Chelator_DoseCustom,K Chelators custom dose,text,No,Medication,medication_statement,med_k_chelator_dosecustom,Refactor,Medication review
MAP-00596,HF,index (8).html,In-Hospital Admission,Medications,Med_K_Chelator_Freq,K Chelators frequency,text,No,Registry metadata,form_response,value,Refactor,Domain review
MAP-00597,HF,index (8).html,In-Hospital Admission,Medications,Med_K_Chelator_Date,K Chelators start date,date,No,Registry metadata,form_response,value,Refactor,Domain review
MAP-00598,HF,index (8).html,Visits,Beta-Blockers,V_Concor,Concor dose,select,No,Medication,medication_statement,concor,Refactor,Medication review
MAP-00599,HF,index (8).html,Visits,Beta-Blockers,V_Concor_Status,Concor status,select,No,Registry metadata,form_response,value,Refactor,Domain review
MAP-00600,HF,index (8).html,Visits,Beta-Blockers,V_Concor_Custom,Concor custom dose,text,No,Medication,medication_statement,concor_custom,Refactor,Medication review
MAP-00601,HF,index (8).html,Visits,Beta-Blockers,V_Concor_Freq,Concor frequency,text,No,Registry metadata,form_response,value,Refactor,Domain review
MAP-00602,HF,index (8).html,Visits,Beta-Blockers,V_Concor_Change,Concor change,text,No,Registry metadata,form_response,value,Refactor,Domain review
MAP-00603,HF,index (8).html,In-Hospital Admission,Medication: Beta-Blockers,A_Concor,Concor dose,text,No,Medication,medication_statement,concor,Refactor,Medication review
MAP-00604,HF,index (8).html,In-Hospital Admission,Medication: Beta-Blockers,A_Concor_Status,Concor Status,select,No,Registry metadata,form_response,value,Refactor,Domain review
MAP-00605,HF,index (8).html,In-Hospital Admission,Medication: Beta-Blockers,A_Concor_Custom,Concor Custom,text,No,Registry metadata,form_response,value,Refactor,Domain review
MAP-00606,HF,index (8).html,In-Hospital Admission,Medication: Beta-Blockers,A_Concor_Freq,Concor Freq,text,No,Registry metadata,form_response,value,Refactor,Domain review
MAP-00607,HF,index (8).html,In-Hospital Admission,Medication: Beta-Blockers,A_Concor_Change,Concor Change,text,No,Registry metadata,form_response,value,Refactor,Domain review
MAP-00608,HF,index (8).html,Visits,Beta-Blockers,V_Betaloc,Betaloc dose,select,No,Medication,medication_statement,betaloc,Refactor,Medication review
MAP-00609,HF,index (8).html,Visits,Beta-Blockers,V_Betaloc_Status,Betaloc status,select,No,Registry metadata,form_response,value,Refactor,Domain review
MAP-00610,HF,index (8).html,Visits,Beta-Blockers,V_Betaloc_Custom,Betaloc custom dose,text,No,Medication,medication_statement,betaloc_custom,Refactor,Medication review
MAP-00611,HF,index (8).html,Visits,Beta-Blockers,V_Betaloc_Freq,Betaloc frequency,text,No,Registry metadata,form_response,value,Refactor,Domain review
MAP-00612,HF,index (8).html,Visits,Beta-Blockers,V_Betaloc_Change,Betaloc change,text,No,Registry metadata,form_response,value,Refactor,Domain review
MAP-00613,HF,index (8).html,In-Hospital Admission,Medication: Beta-Blockers,A_Betaloc,Betaloc dose,text,No,Medication,medication_statement,betaloc,Refactor,Medication review
MAP-00614,HF,index (8).html,In-Hospital Admission,Medication: Beta-Blockers,A_Betaloc_Status,Betaloc Status,select,No,Registry metadata,form_response,value,Refactor,Domain review
MAP-00615,HF,index (8).html,In-Hospital Admission,Medication: Beta-Blockers,A_Betaloc_Custom,Betaloc Custom,text,No,Registry metadata,form_response,value,Refactor,Domain review
MAP-00616,HF,index (8).html,In-Hospital Admission,Medication: Beta-Blockers,A_Betaloc_Freq,Betaloc Freq,text,No,Registry metadata,form_response,value,Refactor,Domain review
MAP-00617,HF,index (8).html,In-Hospital Admission,Medication: Beta-Blockers,A_Betaloc_Change,Betaloc Change,text,No,Registry metadata,form_response,value,Refactor,Domain review
MAP-00618,HF,index (8).html,Visits,Beta-Blockers,V_Dilatrend,Dilatrend dose,select,No,Medication,medication_statement,dilatrend,Refactor,Medication review
MAP-00619,HF,index (8).html,Visits,Beta-Blockers,V_Dilatrend_Status,Dilatrend status,select,No,Registry metadata,form_response,value,Refactor,Domain review
MAP-00620,HF,index (8).html,Visits,Beta-Blockers,V_Dilatrend_Custom,Dilatrend custom dose,text,No,Medication,medication_statement,dilatrend_custom,Refactor,Medication review
MAP-00621,HF,index (8).html,Visits,Beta-Blockers,V_Dilatrend_Freq,Dilatrend frequency,text,No,Registry metadata,form_response,value,Refactor,Domain review
MAP-00622,HF,index (8).html,Visits,Beta-Blockers,V_Dilatrend_Change,Dilatrend change,text,No,Registry metadata,form_response,value,Refactor,Domain review
MAP-00623,HF,index (8).html,In-Hospital Admission,Medication: Beta-Blockers,A_Dilatrend,Dilatrend dose,text,No,Medication,medication_statement,dilatrend,Refactor,Medication review
MAP-00624,HF,index (8).html,In-Hospital Admission,Medication: Beta-Blockers,A_Dilatrend_Status,Dilatrend Status,select,No,Registry metadata,form_response,value,Refactor,Domain review
MAP-00625,HF,index (8).html,In-Hospital Admission,Medication: Beta-Blockers,A_Dilatrend_Custom,Dilatrend Custom,text,No,Registry metadata,form_response,value,Refactor,Domain review
MAP-00626,HF,index (8).html,In-Hospital Admission,Medication: Beta-Blockers,A_Dilatrend_Freq,Dilatrend Freq,text,No,Registry metadata,form_response,value,Refactor,Domain review
MAP-00627,HF,index (8).html,In-Hospital Admission,Medication: Beta-Blockers,A_Dilatrend_Change,Dilatrend Change,text,No,Registry metadata,form_response,value,Refactor,Domain review
MAP-00628,HF,index (8).html,Visits,Beta-Blockers,V_Lopressor,Lopressor dose,select,No,Medication,medication_statement,lopressor,Refactor,Medication review
MAP-00629,HF,index (8).html,Visits,Beta-Blockers,V_Lopressor_Status,Lopressor status,select,No,Registry metadata,form_response,value,Refactor,Domain review
MAP-00630,HF,index (8).html,Visits,Beta-Blockers,V_Lopressor_Custom,Lopressor custom dose,text,No,Medication,medication_statement,lopressor_custom,Refactor,Medication review
MAP-00631,HF,index (8).html,Visits,Beta-Blockers,V_Lopressor_Freq,Lopressor frequency,text,No,Registry metadata,form_response,value,Refactor,Domain review
MAP-00632,HF,index (8).html,Visits,Beta-Blockers,V_Lopressor_Change,Lopressor change,text,No,Registry metadata,form_response,value,Refactor,Domain review
MAP-00633,HF,index (8).html,In-Hospital Admission,Medication: Beta-Blockers,A_Lopressor,Lopressor dose,text,No,Medication,medication_statement,lopressor,Refactor,Medication review
MAP-00634,HF,index (8).html,In-Hospital Admission,Medication: Beta-Blockers,A_Lopressor_Status,Lopressor Status,select,No,Registry metadata,form_response,value,Refactor,Domain review
MAP-00635,HF,index (8).html,In-Hospital Admission,Medication: Beta-Blockers,A_Lopressor_Custom,Lopressor Custom,text,No,Registry metadata,form_response,value,Refactor,Domain review
MAP-00636,HF,index (8).html,In-Hospital Admission,Medication: Beta-Blockers,A_Lopressor_Freq,Lopressor Freq,text,No,Registry metadata,form_response,value,Refactor,Domain review
MAP-00637,HF,index (8).html,In-Hospital Admission,Medication: Beta-Blockers,A_Lopressor_Change,Lopressor Change,text,No,Registry metadata,form_response,value,Refactor,Domain review
MAP-00638,HF,index (8).html,Visits,ACEi / ARB / ARNI,V_Zestril,Zestril dose,select,No,Medication,medication_statement,zestril,Refactor,Medication review
MAP-00639,HF,index (8).html,Visits,ACEi / ARB / ARNI,V_Zestril_Status,Zestril status,select,No,Registry metadata,form_response,value,Refactor,Domain review
MAP-00640,HF,index (8).html,Visits,ACEi / ARB / ARNI,V_Zestril_Custom,Zestril custom dose,text,No,Medication,medication_statement,zestril_custom,Refactor,Medication review
MAP-00641,HF,index (8).html,Visits,ACEi / ARB / ARNI,V_Zestril_Freq,Zestril frequency,text,No,Registry metadata,form_response,value,Refactor,Domain review
MAP-00642,HF,index (8).html,Visits,ACEi / ARB / ARNI,V_Zestril_Change,Zestril change,text,No,Registry metadata,form_response,value,Refactor,Domain review
MAP-00643,HF,index (8).html,In-Hospital Admission,Medication: ACEi / ARB / ARNI,A_Zestril,Zestril dose,text,No,Medication,medication_statement,zestril,Refactor,Medication review
MAP-00644,HF,index (8).html,In-Hospital Admission,Medication: ACEi / ARB / ARNI,A_Zestril_Status,Zestril Status,select,No,Registry metadata,form_response,value,Refactor,Domain review
MAP-00645,HF,index (8).html,In-Hospital Admission,Medication: ACEi / ARB / ARNI,A_Zestril_Custom,Zestril Custom,text,No,Registry metadata,form_response,value,Refactor,Domain review
MAP-00646,HF,index (8).html,In-Hospital Admission,Medication: ACEi / ARB / ARNI,A_Zestril_Freq,Zestril Freq,text,No,Registry metadata,form_response,value,Refactor,Domain review
MAP-00647,HF,index (8).html,In-Hospital Admission,Medication: ACEi / ARB / ARNI,A_Zestril_Change,Zestril Change,text,No,Registry metadata,form_response,value,Refactor,Domain review
MAP-00648,HF,index (8).html,Visits,ACEi / ARB / ARNI,V_Tritace,Tritace dose,select,No,Medication,medication_statement,tritace,Refactor,Medication review
MAP-00649,HF,index (8).html,Visits,ACEi / ARB / ARNI,V_Tritace_Status,Tritace status,select,No,Registry metadata,form_response,value,Refactor,Domain review
MAP-00650,HF,index (8).html,Visits,ACEi / ARB / ARNI,V_Tritace_Custom,Tritace custom dose,text,No,Medication,medication_statement,tritace_custom,Refactor,Medication review
MAP-00651,HF,index (8).html,Visits,ACEi / ARB / ARNI,V_Tritace_Freq,Tritace frequency,text,No,Registry metadata,form_response,value,Refactor,Domain review
MAP-00652,HF,index (8).html,Visits,ACEi / ARB / ARNI,V_Tritace_Change,Tritace change,text,No,Registry metadata,form_response,value,Refactor,Domain review
MAP-00653,HF,index (8).html,In-Hospital Admission,Medication: ACEi / ARB / ARNI,A_Tritace,Tritace dose,text,No,Medication,medication_statement,tritace,Refactor,Medication review
MAP-00654,HF,index (8).html,In-Hospital Admission,Medication: ACEi / ARB / ARNI,A_Tritace_Status,Tritace Status,select,No,Registry metadata,form_response,value,Refactor,Domain review
MAP-00655,HF,index (8).html,In-Hospital Admission,Medication: ACEi / ARB / ARNI,A_Tritace_Custom,Tritace Custom,text,No,Registry metadata,form_response,value,Refactor,Domain review
MAP-00656,HF,index (8).html,In-Hospital Admission,Medication: ACEi / ARB / ARNI,A_Tritace_Freq,Tritace Freq,text,No,Registry metadata,form_response,value,Refactor,Domain review
MAP-00657,HF,index (8).html,In-Hospital Admission,Medication: ACEi / ARB / ARNI,A_Tritace_Change,Tritace Change,text,No,Registry metadata,form_response,value,Refactor,Domain review
MAP-00658,HF,index (8).html,Visits,ACEi / ARB / ARNI,V_Capoten,Capoten dose,select,No,Medication,medication_statement,capoten,Refactor,Medication review
MAP-00659,HF,index (8).html,Visits,ACEi / ARB / ARNI,V_Capoten_Status,Capoten status,select,No,Registry metadata,form_response,value,Refactor,Domain review
MAP-00660,HF,index (8).html,Visits,ACEi / ARB / ARNI,V_Capoten_Custom,Capoten custom dose,text,No,Medication,medication_statement,capoten_custom,Refactor,Medication review
MAP-00661,HF,index (8).html,Visits,ACEi / ARB / ARNI,V_Capoten_Freq,Capoten frequency,text,No,Registry metadata,form_response,value,Refactor,Domain review
MAP-00662,HF,index (8).html,Visits,ACEi / ARB / ARNI,V_Capoten_Change,Capoten change,text,No,Registry metadata,form_response,value,Refactor,Domain review
MAP-00663,HF,index (8).html,In-Hospital Admission,Medication: ACEi / ARB / ARNI,A_Capoten,Capoten dose,text,No,Medication,medication_statement,capoten,Refactor,Medication review
MAP-00664,HF,index (8).html,In-Hospital Admission,Medication: ACEi / ARB / ARNI,A_Capoten_Status,Capoten Status,select,No,Registry metadata,form_response,value,Refactor,Domain review
MAP-00665,HF,index (8).html,In-Hospital Admission,Medication: ACEi / ARB / ARNI,A_Capoten_Custom,Capoten Custom,text,No,Registry metadata,form_response,value,Refactor,Domain review
MAP-00666,HF,index (8).html,In-Hospital Admission,Medication: ACEi / ARB / ARNI,A_Capoten_Freq,Capoten Freq,text,No,Registry metadata,form_response,value,Refactor,Domain review
MAP-00667,HF,index (8).html,In-Hospital Admission,Medication: ACEi / ARB / ARNI,A_Capoten_Change,Capoten Change,text,No,Registry metadata,form_response,value,Refactor,Domain review
MAP-00668,HF,index (8).html,Visits,ACEi / ARB / ARNI,V_Diovan,Diovan dose,select,No,Medication,medication_statement,diovan,Refactor,Medication review
MAP-00669,HF,index (8).html,Visits,ACEi / ARB / ARNI,V_Diovan_Status,Diovan status,select,No,Registry metadata,form_response,value,Refactor,Domain review
MAP-00670,HF,index (8).html,Visits,ACEi / ARB / ARNI,V_Diovan_Custom,Diovan custom dose,text,No,Medication,medication_statement,diovan_custom,Refactor,Medication review
MAP-00671,HF,index (8).html,Visits,ACEi / ARB / ARNI,V_Diovan_Freq,Diovan frequency,text,No,Registry metadata,form_response,value,Refactor,Domain review
MAP-00672,HF,index (8).html,Visits,ACEi / ARB / ARNI,V_Diovan_Change,Diovan change,text,No,Registry metadata,form_response,value,Refactor,Domain review
MAP-00673,HF,index (8).html,In-Hospital Admission,Medication: ACEi / ARB / ARNI,A_Diovan,Diovan dose,text,No,Medication,medication_statement,diovan,Refactor,Medication review
MAP-00674,HF,index (8).html,In-Hospital Admission,Medication: ACEi / ARB / ARNI,A_Diovan_Status,Diovan Status,select,No,Registry metadata,form_response,value,Refactor,Domain review
MAP-00675,HF,index (8).html,In-Hospital Admission,Medication: ACEi / ARB / ARNI,A_Diovan_Custom,Diovan Custom,text,No,Registry metadata,form_response,value,Refactor,Domain review
MAP-00676,HF,index (8).html,In-Hospital Admission,Medication: ACEi / ARB / ARNI,A_Diovan_Freq,Diovan Freq,text,No,Registry metadata,form_response,value,Refactor,Domain review
MAP-00677,HF,index (8).html,In-Hospital Admission,Medication: ACEi / ARB / ARNI,A_Diovan_Change,Diovan Change,text,No,Registry metadata,form_response,value,Refactor,Domain review
MAP-00678,HF,index (8).html,Visits,ACEi / ARB / ARNI,V_Atacand,Atacand dose,select,No,Medication,medication_statement,atacand,Refactor,Medication review
MAP-00679,HF,index (8).html,Visits,ACEi / ARB / ARNI,V_Atacand_Status,Atacand status,select,No,Registry metadata,form_response,value,Refactor,Domain review
MAP-00680,HF,index (8).html,Visits,ACEi / ARB / ARNI,V_Atacand_Custom,Atacand custom dose,text,No,Medication,medication_statement,atacand_custom,Refactor,Medication review
MAP-00681,HF,index (8).html,Visits,ACEi / ARB / ARNI,V_Atacand_Freq,Atacand frequency,text,No,Registry metadata,form_response,value,Refactor,Domain review
MAP-00682,HF,index (8).html,Visits,ACEi / ARB / ARNI,V_Atacand_Change,Atacand change,text,No,Registry metadata,form_response,value,Refactor,Domain review
MAP-00683,HF,index (8).html,In-Hospital Admission,Medication: ACEi / ARB / ARNI,A_Atacand,Atacand dose,text,No,Medication,medication_statement,atacand,Refactor,Medication review
MAP-00684,HF,index (8).html,In-Hospital Admission,Medication: ACEi / ARB / ARNI,A_Atacand_Status,Atacand Status,select,No,Registry metadata,form_response,value,Refactor,Domain review
MAP-00685,HF,index (8).html,In-Hospital Admission,Medication: ACEi / ARB / ARNI,A_Atacand_Custom,Atacand Custom,text,No,Registry metadata,form_response,value,Refactor,Domain review
MAP-00686,HF,index (8).html,In-Hospital Admission,Medication: ACEi / ARB / ARNI,A_Atacand_Freq,Atacand Freq,text,No,Registry metadata,form_response,value,Refactor,Domain review
MAP-00687,HF,index (8).html,In-Hospital Admission,Medication: ACEi / ARB / ARNI,A_Atacand_Change,Atacand Change,text,No,Registry metadata,form_response,value,Refactor,Domain review
MAP-00688,HF,index (8).html,Visits,ACEi / ARB / ARNI,V_Entresto,Entresto dose,select,No,Medication,medication_statement,entresto,Refactor,Medication review
MAP-00689,HF,index (8).html,Visits,ACEi / ARB / ARNI,V_Entresto_Status,Entresto status,select,No,Registry metadata,form_response,value,Refactor,Domain review
MAP-00690,HF,index (8).html,Visits,ACEi / ARB / ARNI,V_Entresto_Custom,Entresto custom dose,text,No,Medication,medication_statement,entresto_custom,Refactor,Medication review
MAP-00691,HF,index (8).html,Visits,ACEi / ARB / ARNI,V_Entresto_Freq,Entresto frequency,text,No,Registry metadata,form_response,value,Refactor,Domain review
MAP-00692,HF,index (8).html,Visits,ACEi / ARB / ARNI,V_Entresto_Change,Entresto change,text,No,Registry metadata,form_response,value,Refactor,Domain review
MAP-00693,HF,index (8).html,In-Hospital Admission,Medication: ACEi / ARB / ARNI,A_Entresto,Entresto dose,text,No,Medication,medication_statement,entresto,Refactor,Medication review
MAP-00694,HF,index (8).html,In-Hospital Admission,Medication: ACEi / ARB / ARNI,A_Entresto_Status,Entresto Status,select,No,Registry metadata,form_response,value,Refactor,Domain review
MAP-00695,HF,index (8).html,In-Hospital Admission,Medication: ACEi / ARB / ARNI,A_Entresto_Custom,Entresto Custom,text,No,Registry metadata,form_response,value,Refactor,Domain review
MAP-00696,HF,index (8).html,In-Hospital Admission,Medication: ACEi / ARB / ARNI,A_Entresto_Freq,Entresto Freq,text,No,Registry metadata,form_response,value,Refactor,Domain review
MAP-00697,HF,index (8).html,In-Hospital Admission,Medication: ACEi / ARB / ARNI,A_Entresto_Change,Entresto Change,text,No,Registry metadata,form_response,value,Refactor,Domain review
MAP-00698,HF,index (8).html,Visits,MRA,V_Aldactone,Aldactone dose,select,No,Medication,medication_statement,aldactone,Refactor,Medication review
MAP-00699,HF,index (8).html,Visits,MRA,V_Aldactone_Status,Aldactone status,select,No,Registry metadata,form_response,value,Refactor,Domain review
MAP-00700,HF,index (8).html,Visits,MRA,V_Aldactone_Custom,Aldactone custom dose,text,No,Medication,medication_statement,aldactone_custom,Refactor,Medication review
MAP-00701,HF,index (8).html,Visits,MRA,V_Aldactone_Freq,Aldactone frequency,text,No,Registry metadata,form_response,value,Refactor,Domain review
MAP-00702,HF,index (8).html,Visits,MRA,V_Aldactone_Change,Aldactone change,text,No,Registry metadata,form_response,value,Refactor,Domain review
MAP-00703,HF,index (8).html,In-Hospital Admission,Medication: MRA,A_Aldactone,Aldactone dose,text,No,Medication,medication_statement,aldactone,Refactor,Medication review
MAP-00704,HF,index (8).html,In-Hospital Admission,Medication: MRA,A_Aldactone_Status,Aldactone Status,select,No,Registry metadata,form_response,value,Refactor,Domain review
MAP-00705,HF,index (8).html,In-Hospital Admission,Medication: MRA,A_Aldactone_Custom,Aldactone Custom,text,No,Registry metadata,form_response,value,Refactor,Domain review
MAP-00706,HF,index (8).html,In-Hospital Admission,Medication: MRA,A_Aldactone_Freq,Aldactone Freq,text,No,Registry metadata,form_response,value,Refactor,Domain review
MAP-00707,HF,index (8).html,In-Hospital Admission,Medication: MRA,A_Aldactone_Change,Aldactone Change,text,No,Registry metadata,form_response,value,Refactor,Domain review
MAP-00708,HF,index (8).html,Visits,MRA,V_Eplerenone,Eplerenone dose,select,No,Medication,medication_statement,eplerenone,Refactor,Medication review
MAP-00709,HF,index (8).html,Visits,MRA,V_Eplerenone_Status,Eplerenone status,select,No,Registry metadata,form_response,value,Refactor,Domain review
MAP-00710,HF,index (8).html,Visits,MRA,V_Eplerenone_Custom,Eplerenone custom dose,text,No,Medication,medication_statement,eplerenone_custom,Refactor,Medication review
MAP-00711,HF,index (8).html,Visits,MRA,V_Eplerenone_Freq,Eplerenone frequency,text,No,Registry metadata,form_response,value,Refactor,Domain review
MAP-00712,HF,index (8).html,Visits,MRA,V_Eplerenone_Change,Eplerenone change,text,No,Registry metadata,form_response,value,Refactor,Domain review
MAP-00713,HF,index (8).html,In-Hospital Admission,Medication: MRA,A_Eplerenone,Eplerenone dose,text,No,Medication,medication_statement,eplerenone,Refactor,Medication review
MAP-00714,HF,index (8).html,In-Hospital Admission,Medication: MRA,A_Eplerenone_Status,Eplerenone Status,select,No,Registry metadata,form_response,value,Refactor,Domain review
MAP-00715,HF,index (8).html,In-Hospital Admission,Medication: MRA,A_Eplerenone_Custom,Eplerenone Custom,text,No,Registry metadata,form_response,value,Refactor,Domain review
MAP-00716,HF,index (8).html,In-Hospital Admission,Medication: MRA,A_Eplerenone_Freq,Eplerenone Freq,text,No,Registry metadata,form_response,value,Refactor,Domain review
MAP-00717,HF,index (8).html,In-Hospital Admission,Medication: MRA,A_Eplerenone_Change,Eplerenone Change,text,No,Registry metadata,form_response,value,Refactor,Domain review
MAP-00718,HF,index (8).html,Visits,MRA,V_Finerenone,Finerenone dose,select,No,Medication,medication_statement,finerenone,Refactor,Medication review
MAP-00719,HF,index (8).html,Visits,MRA,V_Finerenone_Status,Finerenone status,select,No,Registry metadata,form_response,value,Refactor,Domain review
MAP-00720,HF,index (8).html,Visits,MRA,V_Finerenone_Custom,Finerenone custom dose,text,No,Medication,medication_statement,finerenone_custom,Refactor,Medication review
MAP-00721,HF,index (8).html,Visits,MRA,V_Finerenone_Freq,Finerenone frequency,text,No,Registry metadata,form_response,value,Refactor,Domain review
MAP-00722,HF,index (8).html,Visits,MRA,V_Finerenone_Change,Finerenone change,text,No,Registry metadata,form_response,value,Refactor,Domain review
MAP-00723,HF,index (8).html,In-Hospital Admission,Medication: MRA,A_Finerenone,Finerenone dose,text,No,Medication,medication_statement,finerenone,Refactor,Medication review
MAP-00724,HF,index (8).html,In-Hospital Admission,Medication: MRA,A_Finerenone_Status,Finerenone Status,select,No,Registry metadata,form_response,value,Refactor,Domain review
MAP-00725,HF,index (8).html,In-Hospital Admission,Medication: MRA,A_Finerenone_Custom,Finerenone Custom,text,No,Registry metadata,form_response,value,Refactor,Domain review
MAP-00726,HF,index (8).html,In-Hospital Admission,Medication: MRA,A_Finerenone_Freq,Finerenone Freq,text,No,Registry metadata,form_response,value,Refactor,Domain review
MAP-00727,HF,index (8).html,In-Hospital Admission,Medication: MRA,A_Finerenone_Change,Finerenone Change,text,No,Registry metadata,form_response,value,Refactor,Domain review
MAP-00728,HF,index (8).html,Visits,SGLT2 Inhibitors,V_Forxiga,Forxiga dose,select,No,Medication,medication_statement,forxiga,Refactor,Medication review
MAP-00729,HF,index (8).html,Visits,SGLT2 Inhibitors,V_Forxiga_Status,Forxiga status,select,No,Registry metadata,form_response,value,Refactor,Domain review
MAP-00730,HF,index (8).html,Visits,SGLT2 Inhibitors,V_Forxiga_Custom,Forxiga custom dose,text,No,Medication,medication_statement,forxiga_custom,Refactor,Medication review
MAP-00731,HF,index (8).html,Visits,SGLT2 Inhibitors,V_Forxiga_Freq,Forxiga frequency,text,No,Registry metadata,form_response,value,Refactor,Domain review
MAP-00732,HF,index (8).html,Visits,SGLT2 Inhibitors,V_Forxiga_Change,Forxiga change,text,No,Registry metadata,form_response,value,Refactor,Domain review
MAP-00733,HF,index (8).html,In-Hospital Admission,Medication: SGLT2 Inhibitors,A_Forxiga,Forxiga dose,text,No,Medication,medication_statement,forxiga,Refactor,Medication review
MAP-00734,HF,index (8).html,In-Hospital Admission,Medication: SGLT2 Inhibitors,A_Forxiga_Status,Forxiga Status,select,No,Registry metadata,form_response,value,Refactor,Domain review
MAP-00735,HF,index (8).html,In-Hospital Admission,Medication: SGLT2 Inhibitors,A_Forxiga_Custom,Forxiga Custom,text,No,Registry metadata,form_response,value,Refactor,Domain review
MAP-00736,HF,index (8).html,In-Hospital Admission,Medication: SGLT2 Inhibitors,A_Forxiga_Freq,Forxiga Freq,text,No,Registry metadata,form_response,value,Refactor,Domain review
MAP-00737,HF,index (8).html,In-Hospital Admission,Medication: SGLT2 Inhibitors,A_Forxiga_Change,Forxiga Change,text,No,Registry metadata,form_response,value,Refactor,Domain review
MAP-00738,HF,index (8).html,Visits,SGLT2 Inhibitors,V_Jardiance,Jardiance dose,select,No,Medication,medication_statement,jardiance,Refactor,Medication review
MAP-00739,HF,index (8).html,Visits,SGLT2 Inhibitors,V_Jardiance_Status,Jardiance status,select,No,Registry metadata,form_response,value,Refactor,Domain review
MAP-00740,HF,index (8).html,Visits,SGLT2 Inhibitors,V_Jardiance_Custom,Jardiance custom dose,text,No,Medication,medication_statement,jardiance_custom,Refactor,Medication review
MAP-00741,HF,index (8).html,Visits,SGLT2 Inhibitors,V_Jardiance_Freq,Jardiance frequency,text,No,Registry metadata,form_response,value,Refactor,Domain review
MAP-00742,HF,index (8).html,Visits,SGLT2 Inhibitors,V_Jardiance_Change,Jardiance change,text,No,Registry metadata,form_response,value,Refactor,Domain review
MAP-00743,HF,index (8).html,In-Hospital Admission,Medication: SGLT2 Inhibitors,A_Jardiance,Jardiance dose,text,No,Medication,medication_statement,jardiance,Refactor,Medication review
MAP-00744,HF,index (8).html,In-Hospital Admission,Medication: SGLT2 Inhibitors,A_Jardiance_Status,Jardiance Status,select,No,Registry metadata,form_response,value,Refactor,Domain review
MAP-00745,HF,index (8).html,In-Hospital Admission,Medication: SGLT2 Inhibitors,A_Jardiance_Custom,Jardiance Custom,text,No,Registry metadata,form_response,value,Refactor,Domain review
MAP-00746,HF,index (8).html,In-Hospital Admission,Medication: SGLT2 Inhibitors,A_Jardiance_Freq,Jardiance Freq,text,No,Registry metadata,form_response,value,Refactor,Domain review
MAP-00747,HF,index (8).html,In-Hospital Admission,Medication: SGLT2 Inhibitors,A_Jardiance_Change,Jardiance Change,text,No,Registry metadata,form_response,value,Refactor,Domain review
MAP-00748,HF,index (8).html,Visits,SGLT2 Inhibitors,V_Xigduo,Xigduo XR dose,select,No,Medication,medication_statement,xigduo,Refactor,Medication review
MAP-00749,HF,index (8).html,Visits,SGLT2 Inhibitors,V_Xigduo_Status,Xigduo XR status,select,No,Registry metadata,form_response,value,Refactor,Domain review
MAP-00750,HF,index (8).html,Visits,SGLT2 Inhibitors,V_Xigduo_Custom,Xigduo XR custom dose,text,No,Medication,medication_statement,xigduo_custom,Refactor,Medication review
MAP-00751,HF,index (8).html,Visits,SGLT2 Inhibitors,V_Xigduo_Freq,Xigduo XR frequency,text,No,Registry metadata,form_response,value,Refactor,Domain review
MAP-00752,HF,index (8).html,Visits,SGLT2 Inhibitors,V_Xigduo_Change,Xigduo XR change,text,No,Registry metadata,form_response,value,Refactor,Domain review
MAP-00753,HF,index (8).html,In-Hospital Admission,Medication: SGLT2 Inhibitors,A_Xigduo,Xigduo XR dose,text,No,Medication,medication_statement,xigduo,Refactor,Medication review
MAP-00754,HF,index (8).html,In-Hospital Admission,Medication: SGLT2 Inhibitors,A_Xigduo_Status,Xigduo XR Status,select,No,Registry metadata,form_response,value,Refactor,Domain review
MAP-00755,HF,index (8).html,In-Hospital Admission,Medication: SGLT2 Inhibitors,A_Xigduo_Custom,Xigduo XR Custom,text,No,Registry metadata,form_response,value,Refactor,Domain review
MAP-00756,HF,index (8).html,In-Hospital Admission,Medication: SGLT2 Inhibitors,A_Xigduo_Freq,Xigduo XR Freq,text,No,Registry metadata,form_response,value,Refactor,Domain review
MAP-00757,HF,index (8).html,In-Hospital Admission,Medication: SGLT2 Inhibitors,A_Xigduo_Change,Xigduo XR Change,text,No,Registry metadata,form_response,value,Refactor,Domain review
MAP-00758,HF,index (8).html,Visits,SGLT2 Inhibitors,V_Synjardy,Synjardy dose,select,No,Medication,medication_statement,synjardy,Refactor,Medication review
MAP-00759,HF,index (8).html,Visits,SGLT2 Inhibitors,V_Synjardy_Status,Synjardy status,select,No,Registry metadata,form_response,value,Refactor,Domain review
MAP-00760,HF,index (8).html,Visits,SGLT2 Inhibitors,V_Synjardy_Custom,Synjardy custom dose,text,No,Medication,medication_statement,synjardy_custom,Refactor,Medication review
MAP-00761,HF,index (8).html,Visits,SGLT2 Inhibitors,V_Synjardy_Freq,Synjardy frequency,text,No,Registry metadata,form_response,value,Refactor,Domain review
MAP-00762,HF,index (8).html,Visits,SGLT2 Inhibitors,V_Synjardy_Change,Synjardy change,text,No,Registry metadata,form_response,value,Refactor,Domain review
MAP-00763,HF,index (8).html,In-Hospital Admission,Medication: SGLT2 Inhibitors,A_Synjardy,Synjardy dose,text,No,Medication,medication_statement,synjardy,Refactor,Medication review
MAP-00764,HF,index (8).html,In-Hospital Admission,Medication: SGLT2 Inhibitors,A_Synjardy_Status,Synjardy Status,select,No,Registry metadata,form_response,value,Refactor,Domain review
MAP-00765,HF,index (8).html,In-Hospital Admission,Medication: SGLT2 Inhibitors,A_Synjardy_Custom,Synjardy Custom,text,No,Registry metadata,form_response,value,Refactor,Domain review
MAP-00766,HF,index (8).html,In-Hospital Admission,Medication: SGLT2 Inhibitors,A_Synjardy_Freq,Synjardy Freq,text,No,Registry metadata,form_response,value,Refactor,Domain review
MAP-00767,HF,index (8).html,In-Hospital Admission,Medication: SGLT2 Inhibitors,A_Synjardy_Change,Synjardy Change,text,No,Registry metadata,form_response,value,Refactor,Domain review
MAP-00768,HF,index (8).html,Visits,Vasodilators / Rate Control,V_Hydralazine,Hydralazine dose,select,No,Medication,medication_statement,hydralazine,Refactor,Medication review
MAP-00769,HF,index (8).html,Visits,Vasodilators / Rate Control,V_Hydralazine_Status,Hydralazine status,select,No,Registry metadata,form_response,value,Refactor,Domain review
MAP-00770,HF,index (8).html,Visits,Vasodilators / Rate Control,V_Hydralazine_Custom,Hydralazine custom dose,text,No,Medication,medication_statement,hydralazine_custom,Refactor,Medication review
MAP-00771,HF,index (8).html,Visits,Vasodilators / Rate Control,V_Hydralazine_Freq,Hydralazine frequency,text,No,Registry metadata,form_response,value,Refactor,Domain review
MAP-00772,HF,index (8).html,Visits,Vasodilators / Rate Control,V_Hydralazine_Change,Hydralazine change,text,No,Registry metadata,form_response,value,Refactor,Domain review
MAP-00773,HF,index (8).html,In-Hospital Admission,Medication: Vasodilators / Rate Control,A_Hydralazine,Hydralazine dose,text,No,Medication,medication_statement,hydralazine,Refactor,Medication review
MAP-00774,HF,index (8).html,In-Hospital Admission,Medication: Vasodilators / Rate Control,A_Hydralazine_Status,Hydralazine Status,select,No,Registry metadata,form_response,value,Refactor,Domain review
MAP-00775,HF,index (8).html,In-Hospital Admission,Medication: Vasodilators / Rate Control,A_Hydralazine_Custom,Hydralazine Custom,text,No,Registry metadata,form_response,value,Refactor,Domain review
MAP-00776,HF,index (8).html,In-Hospital Admission,Medication: Vasodilators / Rate Control,A_Hydralazine_Freq,Hydralazine Freq,text,No,Registry metadata,form_response,value,Refactor,Domain review
MAP-00777,HF,index (8).html,In-Hospital Admission,Medication: Vasodilators / Rate Control,A_Hydralazine_Change,Hydralazine Change,text,No,Registry metadata,form_response,value,Refactor,Domain review
MAP-00778,HF,index (8).html,Visits,Vasodilators / Rate Control,V_Nitrates,Nitrates dose,select,No,Medication,medication_statement,nitrates,Refactor,Medication review
MAP-00779,HF,index (8).html,Visits,Vasodilators / Rate Control,V_Nitrates_Status,Nitrates status,select,No,Registry metadata,form_response,value,Refactor,Domain review
MAP-00780,HF,index (8).html,Visits,Vasodilators / Rate Control,V_Nitrates_Custom,Nitrates custom dose,text,No,Medication,medication_statement,nitrates_custom,Refactor,Medication review
MAP-00781,HF,index (8).html,Visits,Vasodilators / Rate Control,V_Nitrates_Freq,Nitrates frequency,text,No,Registry metadata,form_response,value,Refactor,Domain review
MAP-00782,HF,index (8).html,Visits,Vasodilators / Rate Control,V_Nitrates_Change,Nitrates change,text,No,Registry metadata,form_response,value,Refactor,Domain review
MAP-00783,HF,index (8).html,In-Hospital Admission,Medication: Vasodilators / Rate Control,A_Nitrates,Nitrates dose,text,No,Medication,medication_statement,nitrates,Refactor,Medication review
MAP-00784,HF,index (8).html,In-Hospital Admission,Medication: Vasodilators / Rate Control,A_Nitrates_Status,Nitrates Status,select,No,Registry metadata,form_response,value,Refactor,Domain review
MAP-00785,HF,index (8).html,In-Hospital Admission,Medication: Vasodilators / Rate Control,A_Nitrates_Custom,Nitrates Custom,text,No,Registry metadata,form_response,value,Refactor,Domain review
MAP-00786,HF,index (8).html,In-Hospital Admission,Medication: Vasodilators / Rate Control,A_Nitrates_Freq,Nitrates Freq,text,No,Registry metadata,form_response,value,Refactor,Domain review
MAP-00787,HF,index (8).html,In-Hospital Admission,Medication: Vasodilators / Rate Control,A_Nitrates_Change,Nitrates Change,text,No,Registry metadata,form_response,value,Refactor,Domain review
MAP-00788,HF,index (8).html,Visits,Vasodilators / Rate Control,V_Procorolan,Procorolan dose,select,No,Medication,medication_statement,procorolan,Refactor,Medication review
MAP-00789,HF,index (8).html,Visits,Vasodilators / Rate Control,V_Procorolan_Status,Procorolan status,select,No,Medication,medication_statement,procorolan_status,Refactor,Medication review
MAP-00790,HF,index (8).html,Visits,Vasodilators / Rate Control,V_Procorolan_Custom,Procorolan custom dose,text,No,Medication,medication_statement,procorolan_custom,Refactor,Medication review
MAP-00791,HF,index (8).html,Visits,Vasodilators / Rate Control,V_Procorolan_Freq,Procorolan frequency,text,No,Medication,medication_statement,procorolan_freq,Refactor,Medication review
MAP-00792,HF,index (8).html,Visits,Vasodilators / Rate Control,V_Procorolan_Change,Procorolan change,text,No,Medication,medication_statement,procorolan_change,Refactor,Medication review
MAP-00793,HF,index (8).html,In-Hospital Admission,Medication: Vasodilators / Rate Control,A_Procorolan,Procorolan dose,text,No,Medication,medication_statement,procorolan,Refactor,Medication review
MAP-00794,HF,index (8).html,In-Hospital Admission,Medication: Vasodilators / Rate Control,A_Procorolan_Status,Procorolan Status,select,No,Medication,medication_statement,procorolan_status,Refactor,Medication review
MAP-00795,HF,index (8).html,In-Hospital Admission,Medication: Vasodilators / Rate Control,A_Procorolan_Custom,Procorolan Custom,text,No,Medication,medication_statement,procorolan_custom,Refactor,Medication review
MAP-00796,HF,index (8).html,In-Hospital Admission,Medication: Vasodilators / Rate Control,A_Procorolan_Freq,Procorolan Freq,text,No,Medication,medication_statement,procorolan_freq,Refactor,Medication review
MAP-00797,HF,index (8).html,In-Hospital Admission,Medication: Vasodilators / Rate Control,A_Procorolan_Change,Procorolan Change,text,No,Medication,medication_statement,procorolan_change,Refactor,Medication review
MAP-00798,HF,index (8).html,Visits,Vasodilators / Rate Control,V_Amlodipine,Amlodipine (CCB) dose,select,No,Medication,medication_statement,amlodipine,Refactor,Medication review
MAP-00799,HF,index (8).html,Visits,Vasodilators / Rate Control,V_Amlodipine_Status,Amlodipine (CCB) status,select,No,Registry metadata,form_response,value,Refactor,Domain review
MAP-00800,HF,index (8).html,Visits,Vasodilators / Rate Control,V_Amlodipine_Custom,Amlodipine (CCB) custom dose,text,No,Medication,medication_statement,amlodipine_custom,Refactor,Medication review
MAP-00801,HF,index (8).html,Visits,Vasodilators / Rate Control,V_Amlodipine_Freq,Amlodipine (CCB) frequency,text,No,Registry metadata,form_response,value,Refactor,Domain review
MAP-00802,HF,index (8).html,Visits,Vasodilators / Rate Control,V_Amlodipine_Change,Amlodipine (CCB) change,text,No,Registry metadata,form_response,value,Refactor,Domain review
MAP-00803,HF,index (8).html,In-Hospital Admission,Medication: Vasodilators / Rate Control,A_Amlodipine,Amlodipine (CCB) dose,text,No,Medication,medication_statement,amlodipine,Refactor,Medication review
MAP-00804,HF,index (8).html,In-Hospital Admission,Medication: Vasodilators / Rate Control,A_Amlodipine_Status,Amlodipine (CCB) Status,select,No,Registry metadata,form_response,value,Refactor,Domain review
MAP-00805,HF,index (8).html,In-Hospital Admission,Medication: Vasodilators / Rate Control,A_Amlodipine_Custom,Amlodipine (CCB) Custom,text,No,Registry metadata,form_response,value,Refactor,Domain review
MAP-00806,HF,index (8).html,In-Hospital Admission,Medication: Vasodilators / Rate Control,A_Amlodipine_Freq,Amlodipine (CCB) Freq,text,No,Registry metadata,form_response,value,Refactor,Domain review
MAP-00807,HF,index (8).html,In-Hospital Admission,Medication: Vasodilators / Rate Control,A_Amlodipine_Change,Amlodipine (CCB) Change,text,No,Registry metadata,form_response,value,Refactor,Domain review
MAP-00808,HF,index (8).html,Visits,Vasodilators / Rate Control,V_Nifedipine,Nifedipine (CCB) dose,select,No,Medication,medication_statement,nifedipine,Refactor,Medication review
MAP-00809,HF,index (8).html,Visits,Vasodilators / Rate Control,V_Nifedipine_Status,Nifedipine (CCB) status,select,No,Registry metadata,form_response,value,Refactor,Domain review
MAP-00810,HF,index (8).html,Visits,Vasodilators / Rate Control,V_Nifedipine_Custom,Nifedipine (CCB) custom dose,text,No,Medication,medication_statement,nifedipine_custom,Refactor,Medication review
MAP-00811,HF,index (8).html,Visits,Vasodilators / Rate Control,V_Nifedipine_Freq,Nifedipine (CCB) frequency,text,No,Registry metadata,form_response,value,Refactor,Domain review
MAP-00812,HF,index (8).html,Visits,Vasodilators / Rate Control,V_Nifedipine_Change,Nifedipine (CCB) change,text,No,Registry metadata,form_response,value,Refactor,Domain review
MAP-00813,HF,index (8).html,In-Hospital Admission,Medication: Vasodilators / Rate Control,A_Nifedipine,Nifedipine (CCB) dose,text,No,Medication,medication_statement,nifedipine,Refactor,Medication review
MAP-00814,HF,index (8).html,In-Hospital Admission,Medication: Vasodilators / Rate Control,A_Nifedipine_Status,Nifedipine (CCB) Status,select,No,Registry metadata,form_response,value,Refactor,Domain review
MAP-00815,HF,index (8).html,In-Hospital Admission,Medication: Vasodilators / Rate Control,A_Nifedipine_Custom,Nifedipine (CCB) Custom,text,No,Registry metadata,form_response,value,Refactor,Domain review
MAP-00816,HF,index (8).html,In-Hospital Admission,Medication: Vasodilators / Rate Control,A_Nifedipine_Freq,Nifedipine (CCB) Freq,text,No,Registry metadata,form_response,value,Refactor,Domain review
MAP-00817,HF,index (8).html,In-Hospital Admission,Medication: Vasodilators / Rate Control,A_Nifedipine_Change,Nifedipine (CCB) Change,text,No,Registry metadata,form_response,value,Refactor,Domain review
MAP-00818,HF,index (8).html,Visits,Vasodilators / Rate Control,V_Diltiazem,Diltiazem (CCB) dose,select,No,Outcome,clinical_event,diltiazem,Refactor,Endpoint review
MAP-00819,HF,index (8).html,Visits,Vasodilators / Rate Control,V_Diltiazem_Status,Diltiazem (CCB) status,select,No,Outcome,clinical_event,diltiazem_status,Refactor,Endpoint review
MAP-00820,HF,index (8).html,Visits,Vasodilators / Rate Control,V_Diltiazem_Custom,Diltiazem (CCB) custom dose,text,No,Outcome,clinical_event,diltiazem_custom,Refactor,Endpoint review
MAP-00821,HF,index (8).html,Visits,Vasodilators / Rate Control,V_Diltiazem_Freq,Diltiazem (CCB) frequency,text,No,Outcome,clinical_event,diltiazem_freq,Refactor,Endpoint review
MAP-00822,HF,index (8).html,Visits,Vasodilators / Rate Control,V_Diltiazem_Change,Diltiazem (CCB) change,text,No,Outcome,clinical_event,diltiazem_change,Refactor,Endpoint review
MAP-00823,HF,index (8).html,In-Hospital Admission,Medication: Vasodilators / Rate Control,A_Diltiazem,Diltiazem (CCB) dose,text,No,Outcome,clinical_event,diltiazem,Refactor,Endpoint review
MAP-00824,HF,index (8).html,In-Hospital Admission,Medication: Vasodilators / Rate Control,A_Diltiazem_Status,Diltiazem (CCB) Status,select,No,Outcome,clinical_event,diltiazem_status,Refactor,Endpoint review
MAP-00825,HF,index (8).html,In-Hospital Admission,Medication: Vasodilators / Rate Control,A_Diltiazem_Custom,Diltiazem (CCB) Custom,text,No,Outcome,clinical_event,diltiazem_custom,Refactor,Endpoint review
MAP-00826,HF,index (8).html,In-Hospital Admission,Medication: Vasodilators / Rate Control,A_Diltiazem_Freq,Diltiazem (CCB) Freq,text,No,Outcome,clinical_event,diltiazem_freq,Refactor,Endpoint review
MAP-00827,HF,index (8).html,In-Hospital Admission,Medication: Vasodilators / Rate Control,A_Diltiazem_Change,Diltiazem (CCB) Change,text,No,Outcome,clinical_event,diltiazem_change,Refactor,Endpoint review
MAP-00828,HF,index (8).html,Visits,Vasodilators / Rate Control,V_Verapamil,Verapamil (CCB) dose,select,No,Medication,medication_statement,verapamil,Refactor,Medication review
MAP-00829,HF,index (8).html,Visits,Vasodilators / Rate Control,V_Verapamil_Status,Verapamil (CCB) status,select,No,Registry metadata,form_response,value,Refactor,Domain review
MAP-00830,HF,index (8).html,Visits,Vasodilators / Rate Control,V_Verapamil_Custom,Verapamil (CCB) custom dose,text,No,Medication,medication_statement,verapamil_custom,Refactor,Medication review
MAP-00831,HF,index (8).html,Visits,Vasodilators / Rate Control,V_Verapamil_Freq,Verapamil (CCB) frequency,text,No,Registry metadata,form_response,value,Refactor,Domain review
MAP-00832,HF,index (8).html,Visits,Vasodilators / Rate Control,V_Verapamil_Change,Verapamil (CCB) change,text,No,Registry metadata,form_response,value,Refactor,Domain review
MAP-00833,HF,index (8).html,In-Hospital Admission,Medication: Vasodilators / Rate Control,A_Verapamil,Verapamil (CCB) dose,text,No,Medication,medication_statement,verapamil,Refactor,Medication review
MAP-00834,HF,index (8).html,In-Hospital Admission,Medication: Vasodilators / Rate Control,A_Verapamil_Status,Verapamil (CCB) Status,select,No,Registry metadata,form_response,value,Refactor,Domain review
MAP-00835,HF,index (8).html,In-Hospital Admission,Medication: Vasodilators / Rate Control,A_Verapamil_Custom,Verapamil (CCB) Custom,text,No,Registry metadata,form_response,value,Refactor,Domain review
MAP-00836,HF,index (8).html,In-Hospital Admission,Medication: Vasodilators / Rate Control,A_Verapamil_Freq,Verapamil (CCB) Freq,text,No,Registry metadata,form_response,value,Refactor,Domain review
MAP-00837,HF,index (8).html,In-Hospital Admission,Medication: Vasodilators / Rate Control,A_Verapamil_Change,Verapamil (CCB) Change,text,No,Registry metadata,form_response,value,Refactor,Domain review
MAP-00838,HF,index (8).html,Visits,Vasodilators / Rate Control,V_OtherCCB,Other CCB dose,select,No,Medication,medication_statement,otherccb,Refactor,Medication review
MAP-00839,HF,index (8).html,Visits,Vasodilators / Rate Control,V_OtherCCB_Status,Other CCB status,select,No,Module extension,form_response,otherccb_status,Refactor,Domain review
MAP-00840,HF,index (8).html,Visits,Vasodilators / Rate Control,V_OtherCCB_Custom,Other CCB custom dose,text,No,Medication,medication_statement,otherccb_custom,Refactor,Medication review
MAP-00841,HF,index (8).html,Visits,Vasodilators / Rate Control,V_OtherCCB_Freq,Other CCB frequency,text,No,Module extension,form_response,otherccb_freq,Refactor,Domain review
MAP-00842,HF,index (8).html,Visits,Vasodilators / Rate Control,V_OtherCCB_Change,Other CCB change,text,No,Module extension,form_response,otherccb_change,Refactor,Domain review
MAP-00843,HF,index (8).html,In-Hospital Admission,Medication: Vasodilators / Rate Control,A_OtherCCB,Other CCB dose,text,No,Medication,medication_statement,otherccb,Refactor,Medication review
MAP-00844,HF,index (8).html,In-Hospital Admission,Medication: Vasodilators / Rate Control,A_OtherCCB_Status,Other CCB Status,select,No,Module extension,form_response,otherccb_status,Refactor,Domain review
MAP-00845,HF,index (8).html,In-Hospital Admission,Medication: Vasodilators / Rate Control,A_OtherCCB_Custom,Other CCB Custom,text,No,Module extension,form_response,otherccb_custom,Refactor,Domain review
MAP-00846,HF,index (8).html,In-Hospital Admission,Medication: Vasodilators / Rate Control,A_OtherCCB_Freq,Other CCB Freq,text,No,Module extension,form_response,otherccb_freq,Refactor,Domain review
MAP-00847,HF,index (8).html,In-Hospital Admission,Medication: Vasodilators / Rate Control,A_OtherCCB_Change,Other CCB Change,text,No,Module extension,form_response,otherccb_change,Refactor,Domain review
MAP-00848,HF,index (8).html,Visits,Diuretics,V_Furosemide,Furosemide dose,select,No,Medication,medication_statement,furosemide,Refactor,Medication review
MAP-00849,HF,index (8).html,Visits,Diuretics,V_Furosemide_Status,Furosemide status,select,No,Registry metadata,form_response,value,Refactor,Domain review
MAP-00850,HF,index (8).html,Visits,Diuretics,V_Furosemide_Custom,Furosemide custom dose,text,No,Medication,medication_statement,furosemide_custom,Refactor,Medication review
MAP-00851,HF,index (8).html,Visits,Diuretics,V_Furosemide_Freq,Furosemide frequency,text,No,Registry metadata,form_response,value,Refactor,Domain review
MAP-00852,HF,index (8).html,Visits,Diuretics,V_Furosemide_Change,Furosemide change,text,No,Registry metadata,form_response,value,Refactor,Domain review
MAP-00853,HF,index (8).html,In-Hospital Admission,Medication: Diuretics,A_Furosemide,Furosemide dose,text,No,Medication,medication_statement,furosemide,Refactor,Medication review
MAP-00854,HF,index (8).html,In-Hospital Admission,Medication: Diuretics,A_Furosemide_Status,Furosemide Status,select,No,Registry metadata,form_response,value,Refactor,Domain review
MAP-00855,HF,index (8).html,In-Hospital Admission,Medication: Diuretics,A_Furosemide_Custom,Furosemide Custom,text,No,Registry metadata,form_response,value,Refactor,Domain review
MAP-00856,HF,index (8).html,In-Hospital Admission,Medication: Diuretics,A_Furosemide_Freq,Furosemide Freq,text,No,Registry metadata,form_response,value,Refactor,Domain review
MAP-00857,HF,index (8).html,In-Hospital Admission,Medication: Diuretics,A_Furosemide_Change,Furosemide Change,text,No,Registry metadata,form_response,value,Refactor,Domain review
MAP-00858,HF,index (8).html,Visits,Diuretics,V_Torsemide,Torsemide dose,select,No,Medication,medication_statement,torsemide,Refactor,Medication review
MAP-00859,HF,index (8).html,Visits,Diuretics,V_Torsemide_Status,Torsemide status,select,No,Registry metadata,form_response,value,Refactor,Domain review
MAP-00860,HF,index (8).html,Visits,Diuretics,V_Torsemide_Custom,Torsemide custom dose,text,No,Medication,medication_statement,torsemide_custom,Refactor,Medication review
MAP-00861,HF,index (8).html,Visits,Diuretics,V_Torsemide_Freq,Torsemide frequency,text,No,Registry metadata,form_response,value,Refactor,Domain review
MAP-00862,HF,index (8).html,Visits,Diuretics,V_Torsemide_Change,Torsemide change,text,No,Registry metadata,form_response,value,Refactor,Domain review
MAP-00863,HF,index (8).html,In-Hospital Admission,Medication: Diuretics,A_Torsemide,Torsemide dose,text,No,Medication,medication_statement,torsemide,Refactor,Medication review
MAP-00864,HF,index (8).html,In-Hospital Admission,Medication: Diuretics,A_Torsemide_Status,Torsemide Status,select,No,Registry metadata,form_response,value,Refactor,Domain review
MAP-00865,HF,index (8).html,In-Hospital Admission,Medication: Diuretics,A_Torsemide_Custom,Torsemide Custom,text,No,Registry metadata,form_response,value,Refactor,Domain review
MAP-00866,HF,index (8).html,In-Hospital Admission,Medication: Diuretics,A_Torsemide_Freq,Torsemide Freq,text,No,Registry metadata,form_response,value,Refactor,Domain review
MAP-00867,HF,index (8).html,In-Hospital Admission,Medication: Diuretics,A_Torsemide_Change,Torsemide Change,text,No,Registry metadata,form_response,value,Refactor,Domain review
MAP-00868,HF,index (8).html,Visits,Diuretics,V_Metolazone,Metolazone dose,select,No,Medication,medication_statement,metolazone,Refactor,Medication review
MAP-00869,HF,index (8).html,Visits,Diuretics,V_Metolazone_Status,Metolazone status,select,No,Registry metadata,form_response,value,Refactor,Domain review
MAP-00870,HF,index (8).html,Visits,Diuretics,V_Metolazone_Custom,Metolazone custom dose,text,No,Medication,medication_statement,metolazone_custom,Refactor,Medication review
MAP-00871,HF,index (8).html,Visits,Diuretics,V_Metolazone_Freq,Metolazone frequency,text,No,Registry metadata,form_response,value,Refactor,Domain review
MAP-00872,HF,index (8).html,Visits,Diuretics,V_Metolazone_Change,Metolazone change,text,No,Registry metadata,form_response,value,Refactor,Domain review
MAP-00873,HF,index (8).html,In-Hospital Admission,Medication: Diuretics,A_Metolazone,Metolazone dose,text,No,Medication,medication_statement,metolazone,Refactor,Medication review
MAP-00874,HF,index (8).html,In-Hospital Admission,Medication: Diuretics,A_Metolazone_Status,Metolazone Status,select,No,Registry metadata,form_response,value,Refactor,Domain review
MAP-00875,HF,index (8).html,In-Hospital Admission,Medication: Diuretics,A_Metolazone_Custom,Metolazone Custom,text,No,Registry metadata,form_response,value,Refactor,Domain review
MAP-00876,HF,index (8).html,In-Hospital Admission,Medication: Diuretics,A_Metolazone_Freq,Metolazone Freq,text,No,Registry metadata,form_response,value,Refactor,Domain review
MAP-00877,HF,index (8).html,In-Hospital Admission,Medication: Diuretics,A_Metolazone_Change,Metolazone Change,text,No,Registry metadata,form_response,value,Refactor,Domain review
MAP-00878,HF,index (8).html,Visits,Diuretics,V_HCTZ,HCTZ dose,select,No,Medication,medication_statement,hctz,Refactor,Medication review
MAP-00879,HF,index (8).html,Visits,Diuretics,V_HCTZ_Status,HCTZ status,select,No,Registry metadata,form_response,value,Refactor,Domain review
MAP-00880,HF,index (8).html,Visits,Diuretics,V_HCTZ_Custom,HCTZ custom dose,text,No,Medication,medication_statement,hctz_custom,Refactor,Medication review
MAP-00881,HF,index (8).html,Visits,Diuretics,V_HCTZ_Freq,HCTZ frequency,text,No,Registry metadata,form_response,value,Refactor,Domain review
MAP-00882,HF,index (8).html,Visits,Diuretics,V_HCTZ_Change,HCTZ change,text,No,Registry metadata,form_response,value,Refactor,Domain review
MAP-00883,HF,index (8).html,In-Hospital Admission,Medication: Diuretics,A_HCTZ,HCTZ dose,text,No,Medication,medication_statement,hctz,Refactor,Medication review
MAP-00884,HF,index (8).html,In-Hospital Admission,Medication: Diuretics,A_HCTZ_Status,HCTZ Status,select,No,Registry metadata,form_response,value,Refactor,Domain review
MAP-00885,HF,index (8).html,In-Hospital Admission,Medication: Diuretics,A_HCTZ_Custom,HCTZ Custom,text,No,Registry metadata,form_response,value,Refactor,Domain review
MAP-00886,HF,index (8).html,In-Hospital Admission,Medication: Diuretics,A_HCTZ_Freq,HCTZ Freq,text,No,Registry metadata,form_response,value,Refactor,Domain review
MAP-00887,HF,index (8).html,In-Hospital Admission,Medication: Diuretics,A_HCTZ_Change,HCTZ Change,text,No,Registry metadata,form_response,value,Refactor,Domain review
MAP-00888,HF,index (8).html,Visits,Intravenous Iron,V_Ferinject,Ferinject (ferric carboxymaltose) dose,select,No,Medication,medication_statement,ferinject,Refactor,Medication review
MAP-00889,HF,index (8).html,Visits,Intravenous Iron,V_Ferinject_Status,Ferinject (ferric carboxymaltose) status,select,No,Medication,medication_statement,ferinject_status,Refactor,Medication review
MAP-00890,HF,index (8).html,Visits,Intravenous Iron,V_Ferinject_Custom,Ferinject (ferric carboxymaltose) custom dose,text,No,Medication,medication_statement,ferinject_custom,Refactor,Medication review
MAP-00891,HF,index (8).html,Visits,Intravenous Iron,V_Ferinject_Freq,Ferinject (ferric carboxymaltose) frequency,text,No,Medication,medication_statement,ferinject_freq,Refactor,Medication review
MAP-00892,HF,index (8).html,Visits,Intravenous Iron,V_Ferinject_Change,Ferinject (ferric carboxymaltose) change,text,No,Medication,medication_statement,ferinject_change,Refactor,Medication review
MAP-00893,HF,index (8).html,In-Hospital Admission,Medication: Intravenous Iron,A_Ferinject,Ferinject (ferric carboxymaltose) dose,text,No,Medication,medication_statement,ferinject,Refactor,Medication review
MAP-00894,HF,index (8).html,In-Hospital Admission,Medication: Intravenous Iron,A_Ferinject_Status,Ferinject (ferric carboxymaltose) Status,select,No,Medication,medication_statement,ferinject_status,Refactor,Medication review
MAP-00895,HF,index (8).html,In-Hospital Admission,Medication: Intravenous Iron,A_Ferinject_Custom,Ferinject (ferric carboxymaltose) Custom,text,No,Medication,medication_statement,ferinject_custom,Refactor,Medication review
MAP-00896,HF,index (8).html,In-Hospital Admission,Medication: Intravenous Iron,A_Ferinject_Freq,Ferinject (ferric carboxymaltose) Freq,text,No,Medication,medication_statement,ferinject_freq,Refactor,Medication review
MAP-00897,HF,index (8).html,In-Hospital Admission,Medication: Intravenous Iron,A_Ferinject_Change,Ferinject (ferric carboxymaltose) Change,text,No,Medication,medication_statement,ferinject_change,Refactor,Medication review
MAP-00898,HF,index (8).html,Visits,GLP-1 Agonists,V_Mounjaro,Mounjaro dose,select,No,Medication,medication_statement,mounjaro,Refactor,Medication review
MAP-00899,HF,index (8).html,Visits,GLP-1 Agonists,V_Mounjaro_Status,Mounjaro status,select,No,Registry metadata,form_response,value,Refactor,Domain review
MAP-00900,HF,index (8).html,Visits,GLP-1 Agonists,V_Mounjaro_Custom,Mounjaro custom dose,text,No,Medication,medication_statement,mounjaro_custom,Refactor,Medication review
MAP-00901,HF,index (8).html,Visits,GLP-1 Agonists,V_Mounjaro_Freq,Mounjaro frequency,text,No,Registry metadata,form_response,value,Refactor,Domain review
MAP-00902,HF,index (8).html,Visits,GLP-1 Agonists,V_Mounjaro_Change,Mounjaro change,text,No,Registry metadata,form_response,value,Refactor,Domain review
MAP-00903,HF,index (8).html,In-Hospital Admission,Medication: GLP-1 Agonists,A_Mounjaro,Mounjaro dose,text,No,Medication,medication_statement,mounjaro,Refactor,Medication review
MAP-00904,HF,index (8).html,In-Hospital Admission,Medication: GLP-1 Agonists,A_Mounjaro_Status,Mounjaro Status,select,No,Registry metadata,form_response,value,Refactor,Domain review
MAP-00905,HF,index (8).html,In-Hospital Admission,Medication: GLP-1 Agonists,A_Mounjaro_Custom,Mounjaro Custom,text,No,Registry metadata,form_response,value,Refactor,Domain review
MAP-00906,HF,index (8).html,In-Hospital Admission,Medication: GLP-1 Agonists,A_Mounjaro_Freq,Mounjaro Freq,text,No,Registry metadata,form_response,value,Refactor,Domain review
MAP-00907,HF,index (8).html,In-Hospital Admission,Medication: GLP-1 Agonists,A_Mounjaro_Change,Mounjaro Change,text,No,Registry metadata,form_response,value,Refactor,Domain review
MAP-00908,HF,index (8).html,Visits,GLP-1 Agonists,V_Ozempic,Ozempic dose,select,No,Medication,medication_statement,ozempic,Refactor,Medication review
MAP-00909,HF,index (8).html,Visits,GLP-1 Agonists,V_Ozempic_Status,Ozempic status,select,No,Registry metadata,form_response,value,Refactor,Domain review
MAP-00910,HF,index (8).html,Visits,GLP-1 Agonists,V_Ozempic_Custom,Ozempic custom dose,text,No,Medication,medication_statement,ozempic_custom,Refactor,Medication review
MAP-00911,HF,index (8).html,Visits,GLP-1 Agonists,V_Ozempic_Freq,Ozempic frequency,text,No,Registry metadata,form_response,value,Refactor,Domain review
MAP-00912,HF,index (8).html,Visits,GLP-1 Agonists,V_Ozempic_Change,Ozempic change,text,No,Registry metadata,form_response,value,Refactor,Domain review
MAP-00913,HF,index (8).html,In-Hospital Admission,Medication: GLP-1 Agonists,A_Ozempic,Ozempic dose,text,No,Medication,medication_statement,ozempic,Refactor,Medication review
MAP-00914,HF,index (8).html,In-Hospital Admission,Medication: GLP-1 Agonists,A_Ozempic_Status,Ozempic Status,select,No,Registry metadata,form_response,value,Refactor,Domain review
MAP-00915,HF,index (8).html,In-Hospital Admission,Medication: GLP-1 Agonists,A_Ozempic_Custom,Ozempic Custom,text,No,Registry metadata,form_response,value,Refactor,Domain review
MAP-00916,HF,index (8).html,In-Hospital Admission,Medication: GLP-1 Agonists,A_Ozempic_Freq,Ozempic Freq,text,No,Registry metadata,form_response,value,Refactor,Domain review
MAP-00917,HF,index (8).html,In-Hospital Admission,Medication: GLP-1 Agonists,A_Ozempic_Change,Ozempic Change,text,No,Registry metadata,form_response,value,Refactor,Domain review
MAP-00918,HF,index (8).html,Visits,Anticoagulants,V_Warfarin,Warfarin dose,select,No,Medication,medication_statement,warfarin,Refactor,Medication review
MAP-00919,HF,index (8).html,Visits,Anticoagulants,V_Warfarin_Status,Warfarin status,select,No,Medication,medication_statement,warfarin_status,Refactor,Medication review
MAP-00920,HF,index (8).html,Visits,Anticoagulants,V_Warfarin_Custom,Warfarin custom dose,text,No,Medication,medication_statement,warfarin_custom,Refactor,Medication review
MAP-00921,HF,index (8).html,Visits,Anticoagulants,V_Warfarin_Freq,Warfarin frequency,text,No,Medication,medication_statement,warfarin_freq,Refactor,Medication review
MAP-00922,HF,index (8).html,Visits,Anticoagulants,V_Warfarin_Change,Warfarin change,text,No,Medication,medication_statement,warfarin_change,Refactor,Medication review
MAP-00923,HF,index (8).html,In-Hospital Admission,Medication: Anticoagulants,A_Warfarin,Warfarin dose,text,No,Medication,medication_statement,warfarin,Refactor,Medication review
MAP-00924,HF,index (8).html,In-Hospital Admission,Medication: Anticoagulants,A_Warfarin_Status,Warfarin Status,select,No,Medication,medication_statement,warfarin_status,Refactor,Medication review
MAP-00925,HF,index (8).html,In-Hospital Admission,Medication: Anticoagulants,A_Warfarin_Custom,Warfarin Custom,text,No,Medication,medication_statement,warfarin_custom,Refactor,Medication review
MAP-00926,HF,index (8).html,In-Hospital Admission,Medication: Anticoagulants,A_Warfarin_Freq,Warfarin Freq,text,No,Medication,medication_statement,warfarin_freq,Refactor,Medication review
MAP-00927,HF,index (8).html,In-Hospital Admission,Medication: Anticoagulants,A_Warfarin_Change,Warfarin Change,text,No,Medication,medication_statement,warfarin_change,Refactor,Medication review
MAP-00928,HF,index (8).html,Visits,Anticoagulants,V_Xarelto,Xarelto dose,select,No,Medication,medication_statement,xarelto,Refactor,Medication review
MAP-00929,HF,index (8).html,Visits,Anticoagulants,V_Xarelto_Status,Xarelto status,select,No,Registry metadata,form_response,value,Refactor,Domain review
MAP-00930,HF,index (8).html,Visits,Anticoagulants,V_Xarelto_Custom,Xarelto custom dose,text,No,Medication,medication_statement,xarelto_custom,Refactor,Medication review
MAP-00931,HF,index (8).html,Visits,Anticoagulants,V_Xarelto_Freq,Xarelto frequency,text,No,Registry metadata,form_response,value,Refactor,Domain review
MAP-00932,HF,index (8).html,Visits,Anticoagulants,V_Xarelto_Change,Xarelto change,text,No,Registry metadata,form_response,value,Refactor,Domain review
MAP-00933,HF,index (8).html,In-Hospital Admission,Medication: Anticoagulants,A_Xarelto,Xarelto dose,text,No,Medication,medication_statement,xarelto,Refactor,Medication review
MAP-00934,HF,index (8).html,In-Hospital Admission,Medication: Anticoagulants,A_Xarelto_Status,Xarelto Status,select,No,Registry metadata,form_response,value,Refactor,Domain review
MAP-00935,HF,index (8).html,In-Hospital Admission,Medication: Anticoagulants,A_Xarelto_Custom,Xarelto Custom,text,No,Registry metadata,form_response,value,Refactor,Domain review
MAP-00936,HF,index (8).html,In-Hospital Admission,Medication: Anticoagulants,A_Xarelto_Freq,Xarelto Freq,text,No,Registry metadata,form_response,value,Refactor,Domain review
MAP-00937,HF,index (8).html,In-Hospital Admission,Medication: Anticoagulants,A_Xarelto_Change,Xarelto Change,text,No,Registry metadata,form_response,value,Refactor,Domain review
MAP-00938,HF,index (8).html,Visits,Anticoagulants,V_Eliquis,Eliquis dose,select,No,Medication,medication_statement,eliquis,Refactor,Medication review
MAP-00939,HF,index (8).html,Visits,Anticoagulants,V_Eliquis_Status,Eliquis status,select,No,Registry metadata,form_response,value,Refactor,Domain review
MAP-00940,HF,index (8).html,Visits,Anticoagulants,V_Eliquis_Custom,Eliquis custom dose,text,No,Medication,medication_statement,eliquis_custom,Refactor,Medication review
MAP-00941,HF,index (8).html,Visits,Anticoagulants,V_Eliquis_Freq,Eliquis frequency,text,No,Registry metadata,form_response,value,Refactor,Domain review
MAP-00942,HF,index (8).html,Visits,Anticoagulants,V_Eliquis_Change,Eliquis change,text,No,Registry metadata,form_response,value,Refactor,Domain review
MAP-00943,HF,index (8).html,In-Hospital Admission,Medication: Anticoagulants,A_Eliquis,Eliquis dose,text,No,Medication,medication_statement,eliquis,Refactor,Medication review
MAP-00944,HF,index (8).html,In-Hospital Admission,Medication: Anticoagulants,A_Eliquis_Status,Eliquis Status,select,No,Registry metadata,form_response,value,Refactor,Domain review
MAP-00945,HF,index (8).html,In-Hospital Admission,Medication: Anticoagulants,A_Eliquis_Custom,Eliquis Custom,text,No,Registry metadata,form_response,value,Refactor,Domain review
MAP-00946,HF,index (8).html,In-Hospital Admission,Medication: Anticoagulants,A_Eliquis_Freq,Eliquis Freq,text,No,Registry metadata,form_response,value,Refactor,Domain review
MAP-00947,HF,index (8).html,In-Hospital Admission,Medication: Anticoagulants,A_Eliquis_Change,Eliquis Change,text,No,Registry metadata,form_response,value,Refactor,Domain review
MAP-00948,HF,index (8).html,Visits,Anticoagulants,V_Edoxaban,Edoxaban dose,select,No,Medication,medication_statement,edoxaban,Refactor,Medication review
MAP-00949,HF,index (8).html,Visits,Anticoagulants,V_Edoxaban_Status,Edoxaban status,select,No,Medication,medication_statement,edoxaban_status,Refactor,Medication review
MAP-00950,HF,index (8).html,Visits,Anticoagulants,V_Edoxaban_Custom,Edoxaban custom dose,text,No,Medication,medication_statement,edoxaban_custom,Refactor,Medication review
MAP-00951,HF,index (8).html,Visits,Anticoagulants,V_Edoxaban_Freq,Edoxaban frequency,text,No,Medication,medication_statement,edoxaban_freq,Refactor,Medication review
MAP-00952,HF,index (8).html,Visits,Anticoagulants,V_Edoxaban_Change,Edoxaban change,text,No,Medication,medication_statement,edoxaban_change,Refactor,Medication review
MAP-00953,HF,index (8).html,In-Hospital Admission,Medication: Anticoagulants,A_Edoxaban,Edoxaban dose,text,No,Medication,medication_statement,edoxaban,Refactor,Medication review
MAP-00954,HF,index (8).html,In-Hospital Admission,Medication: Anticoagulants,A_Edoxaban_Status,Edoxaban Status,select,No,Medication,medication_statement,edoxaban_status,Refactor,Medication review
MAP-00955,HF,index (8).html,In-Hospital Admission,Medication: Anticoagulants,A_Edoxaban_Custom,Edoxaban Custom,text,No,Medication,medication_statement,edoxaban_custom,Refactor,Medication review
MAP-00956,HF,index (8).html,In-Hospital Admission,Medication: Anticoagulants,A_Edoxaban_Freq,Edoxaban Freq,text,No,Medication,medication_statement,edoxaban_freq,Refactor,Medication review
MAP-00957,HF,index (8).html,In-Hospital Admission,Medication: Anticoagulants,A_Edoxaban_Change,Edoxaban Change,text,No,Medication,medication_statement,edoxaban_change,Refactor,Medication review
MAP-00958,HF,index (8).html,Visits,Antiplatelets,V_ASA,ASA dose,select,No,Medication,medication_statement,asa,Refactor,Medication review
MAP-00959,HF,index (8).html,Visits,Antiplatelets,V_ASA_Status,ASA status,select,No,Registry metadata,form_response,value,Refactor,Domain review
MAP-00960,HF,index (8).html,Visits,Antiplatelets,V_ASA_Custom,ASA custom dose,text,No,Medication,medication_statement,asa_custom,Refactor,Medication review
MAP-00961,HF,index (8).html,Visits,Antiplatelets,V_ASA_Freq,ASA frequency,text,No,Registry metadata,form_response,value,Refactor,Domain review
MAP-00962,HF,index (8).html,Visits,Antiplatelets,V_ASA_Change,ASA change,text,No,Registry metadata,form_response,value,Refactor,Domain review
MAP-00963,HF,index (8).html,In-Hospital Admission,Medication: Antiplatelets,A_ASA,ASA dose,text,No,Medication,medication_statement,asa,Refactor,Medication review
MAP-00964,HF,index (8).html,In-Hospital Admission,Medication: Antiplatelets,A_ASA_Status,ASA Status,select,No,Registry metadata,form_response,value,Refactor,Domain review
MAP-00965,HF,index (8).html,In-Hospital Admission,Medication: Antiplatelets,A_ASA_Custom,ASA Custom,text,No,Registry metadata,form_response,value,Refactor,Domain review
MAP-00966,HF,index (8).html,In-Hospital Admission,Medication: Antiplatelets,A_ASA_Freq,ASA Freq,text,No,Registry metadata,form_response,value,Refactor,Domain review
MAP-00967,HF,index (8).html,In-Hospital Admission,Medication: Antiplatelets,A_ASA_Change,ASA Change,text,No,Registry metadata,form_response,value,Refactor,Domain review
MAP-00968,HF,index (8).html,Visits,Antiplatelets,V_Plavix,Plavix dose,select,No,Medication,medication_statement,plavix,Refactor,Medication review
MAP-00969,HF,index (8).html,Visits,Antiplatelets,V_Plavix_Status,Plavix status,select,No,Registry metadata,form_response,value,Refactor,Domain review
MAP-00970,HF,index (8).html,Visits,Antiplatelets,V_Plavix_Custom,Plavix custom dose,text,No,Medication,medication_statement,plavix_custom,Refactor,Medication review
MAP-00971,HF,index (8).html,Visits,Antiplatelets,V_Plavix_Freq,Plavix frequency,text,No,Registry metadata,form_response,value,Refactor,Domain review
MAP-00972,HF,index (8).html,Visits,Antiplatelets,V_Plavix_Change,Plavix change,text,No,Registry metadata,form_response,value,Refactor,Domain review
MAP-00973,HF,index (8).html,In-Hospital Admission,Medication: Antiplatelets,A_Plavix,Plavix dose,text,No,Medication,medication_statement,plavix,Refactor,Medication review
MAP-00974,HF,index (8).html,In-Hospital Admission,Medication: Antiplatelets,A_Plavix_Status,Plavix Status,select,No,Registry metadata,form_response,value,Refactor,Domain review
MAP-00975,HF,index (8).html,In-Hospital Admission,Medication: Antiplatelets,A_Plavix_Custom,Plavix Custom,text,No,Registry metadata,form_response,value,Refactor,Domain review
MAP-00976,HF,index (8).html,In-Hospital Admission,Medication: Antiplatelets,A_Plavix_Freq,Plavix Freq,text,No,Registry metadata,form_response,value,Refactor,Domain review
MAP-00977,HF,index (8).html,In-Hospital Admission,Medication: Antiplatelets,A_Plavix_Change,Plavix Change,text,No,Registry metadata,form_response,value,Refactor,Domain review
MAP-00978,HF,index (8).html,Visits,Antiplatelets,V_Brilinta,Brilinta dose,select,No,Medication,medication_statement,brilinta,Refactor,Medication review
MAP-00979,HF,index (8).html,Visits,Antiplatelets,V_Brilinta_Status,Brilinta status,select,No,Registry metadata,form_response,value,Refactor,Domain review
MAP-00980,HF,index (8).html,Visits,Antiplatelets,V_Brilinta_Custom,Brilinta custom dose,text,No,Medication,medication_statement,brilinta_custom,Refactor,Medication review
MAP-00981,HF,index (8).html,Visits,Antiplatelets,V_Brilinta_Freq,Brilinta frequency,text,No,Registry metadata,form_response,value,Refactor,Domain review
MAP-00982,HF,index (8).html,Visits,Antiplatelets,V_Brilinta_Change,Brilinta change,text,No,Registry metadata,form_response,value,Refactor,Domain review
MAP-00983,HF,index (8).html,In-Hospital Admission,Medication: Antiplatelets,A_Brilinta,Brilinta dose,text,No,Medication,medication_statement,brilinta,Refactor,Medication review
MAP-00984,HF,index (8).html,In-Hospital Admission,Medication: Antiplatelets,A_Brilinta_Status,Brilinta Status,select,No,Registry metadata,form_response,value,Refactor,Domain review
MAP-00985,HF,index (8).html,In-Hospital Admission,Medication: Antiplatelets,A_Brilinta_Custom,Brilinta Custom,text,No,Registry metadata,form_response,value,Refactor,Domain review
MAP-00986,HF,index (8).html,In-Hospital Admission,Medication: Antiplatelets,A_Brilinta_Freq,Brilinta Freq,text,No,Registry metadata,form_response,value,Refactor,Domain review
MAP-00987,HF,index (8).html,In-Hospital Admission,Medication: Antiplatelets,A_Brilinta_Change,Brilinta Change,text,No,Registry metadata,form_response,value,Refactor,Domain review
MAP-00988,HF,index (8).html,Visits,Antiplatelets,V_Effient,Effient dose,select,No,Medication,medication_statement,effient,Refactor,Medication review
MAP-00989,HF,index (8).html,Visits,Antiplatelets,V_Effient_Status,Effient status,select,No,Registry metadata,form_response,value,Refactor,Domain review
MAP-00990,HF,index (8).html,Visits,Antiplatelets,V_Effient_Custom,Effient custom dose,text,No,Medication,medication_statement,effient_custom,Refactor,Medication review
MAP-00991,HF,index (8).html,Visits,Antiplatelets,V_Effient_Freq,Effient frequency,text,No,Registry metadata,form_response,value,Refactor,Domain review
MAP-00992,HF,index (8).html,Visits,Antiplatelets,V_Effient_Change,Effient change,text,No,Registry metadata,form_response,value,Refactor,Domain review
MAP-00993,HF,index (8).html,In-Hospital Admission,Medication: Antiplatelets,A_Effient,Effient dose,text,No,Medication,medication_statement,effient,Refactor,Medication review
MAP-00994,HF,index (8).html,In-Hospital Admission,Medication: Antiplatelets,A_Effient_Status,Effient Status,select,No,Registry metadata,form_response,value,Refactor,Domain review
MAP-00995,HF,index (8).html,In-Hospital Admission,Medication: Antiplatelets,A_Effient_Custom,Effient Custom,text,No,Registry metadata,form_response,value,Refactor,Domain review
MAP-00996,HF,index (8).html,In-Hospital Admission,Medication: Antiplatelets,A_Effient_Freq,Effient Freq,text,No,Registry metadata,form_response,value,Refactor,Domain review
MAP-00997,HF,index (8).html,In-Hospital Admission,Medication: Antiplatelets,A_Effient_Change,Effient Change,text,No,Registry metadata,form_response,value,Refactor,Domain review
MAP-00998,HF,index (8).html,Visits,Lipid Lowering,V_Zocor,Zocor dose,select,No,Medication,medication_statement,zocor,Refactor,Medication review
MAP-00999,HF,index (8).html,Visits,Lipid Lowering,V_Zocor_Status,Zocor status,select,No,Registry metadata,form_response,value,Refactor,Domain review
MAP-01000,HF,index (8).html,Visits,Lipid Lowering,V_Zocor_Custom,Zocor custom dose,text,No,Medication,medication_statement,zocor_custom,Refactor,Medication review
MAP-01001,HF,index (8).html,Visits,Lipid Lowering,V_Zocor_Freq,Zocor frequency,text,No,Registry metadata,form_response,value,Refactor,Domain review
MAP-01002,HF,index (8).html,Visits,Lipid Lowering,V_Zocor_Change,Zocor change,text,No,Registry metadata,form_response,value,Refactor,Domain review
MAP-01003,HF,index (8).html,In-Hospital Admission,Medication: Lipid Lowering,A_Zocor,Zocor dose,text,No,Medication,medication_statement,zocor,Refactor,Medication review
MAP-01004,HF,index (8).html,In-Hospital Admission,Medication: Lipid Lowering,A_Zocor_Status,Zocor Status,select,No,Registry metadata,form_response,value,Refactor,Domain review
MAP-01005,HF,index (8).html,In-Hospital Admission,Medication: Lipid Lowering,A_Zocor_Custom,Zocor Custom,text,No,Registry metadata,form_response,value,Refactor,Domain review
MAP-01006,HF,index (8).html,In-Hospital Admission,Medication: Lipid Lowering,A_Zocor_Freq,Zocor Freq,text,No,Registry metadata,form_response,value,Refactor,Domain review
MAP-01007,HF,index (8).html,In-Hospital Admission,Medication: Lipid Lowering,A_Zocor_Change,Zocor Change,text,No,Registry metadata,form_response,value,Refactor,Domain review
MAP-01008,HF,index (8).html,Visits,Lipid Lowering,V_Lipitor,Lipitor dose,select,No,Medication,medication_statement,lipitor,Refactor,Medication review
MAP-01009,HF,index (8).html,Visits,Lipid Lowering,V_Lipitor_Status,Lipitor status,select,No,Registry metadata,form_response,value,Refactor,Domain review
MAP-01010,HF,index (8).html,Visits,Lipid Lowering,V_Lipitor_Custom,Lipitor custom dose,text,No,Medication,medication_statement,lipitor_custom,Refactor,Medication review
MAP-01011,HF,index (8).html,Visits,Lipid Lowering,V_Lipitor_Freq,Lipitor frequency,text,No,Registry metadata,form_response,value,Refactor,Domain review
MAP-01012,HF,index (8).html,Visits,Lipid Lowering,V_Lipitor_Change,Lipitor change,text,No,Registry metadata,form_response,value,Refactor,Domain review
MAP-01013,HF,index (8).html,In-Hospital Admission,Medication: Lipid Lowering,A_Lipitor,Lipitor dose,text,No,Medication,medication_statement,lipitor,Refactor,Medication review
MAP-01014,HF,index (8).html,In-Hospital Admission,Medication: Lipid Lowering,A_Lipitor_Status,Lipitor Status,select,No,Registry metadata,form_response,value,Refactor,Domain review
MAP-01015,HF,index (8).html,In-Hospital Admission,Medication: Lipid Lowering,A_Lipitor_Custom,Lipitor Custom,text,No,Registry metadata,form_response,value,Refactor,Domain review
MAP-01016,HF,index (8).html,In-Hospital Admission,Medication: Lipid Lowering,A_Lipitor_Freq,Lipitor Freq,text,No,Registry metadata,form_response,value,Refactor,Domain review
MAP-01017,HF,index (8).html,In-Hospital Admission,Medication: Lipid Lowering,A_Lipitor_Change,Lipitor Change,text,No,Registry metadata,form_response,value,Refactor,Domain review
MAP-01018,HF,index (8).html,Visits,Lipid Lowering,V_Crestor,Crestor dose,select,No,Medication,medication_statement,crestor,Refactor,Medication review
MAP-01019,HF,index (8).html,Visits,Lipid Lowering,V_Crestor_Status,Crestor status,select,No,Registry metadata,form_response,value,Refactor,Domain review
MAP-01020,HF,index (8).html,Visits,Lipid Lowering,V_Crestor_Custom,Crestor custom dose,text,No,Medication,medication_statement,crestor_custom,Refactor,Medication review
MAP-01021,HF,index (8).html,Visits,Lipid Lowering,V_Crestor_Freq,Crestor frequency,text,No,Registry metadata,form_response,value,Refactor,Domain review
MAP-01022,HF,index (8).html,Visits,Lipid Lowering,V_Crestor_Change,Crestor change,text,No,Registry metadata,form_response,value,Refactor,Domain review
MAP-01023,HF,index (8).html,In-Hospital Admission,Medication: Lipid Lowering,A_Crestor,Crestor dose,text,No,Medication,medication_statement,crestor,Refactor,Medication review
MAP-01024,HF,index (8).html,In-Hospital Admission,Medication: Lipid Lowering,A_Crestor_Status,Crestor Status,select,No,Registry metadata,form_response,value,Refactor,Domain review
MAP-01025,HF,index (8).html,In-Hospital Admission,Medication: Lipid Lowering,A_Crestor_Custom,Crestor Custom,text,No,Registry metadata,form_response,value,Refactor,Domain review
MAP-01026,HF,index (8).html,In-Hospital Admission,Medication: Lipid Lowering,A_Crestor_Freq,Crestor Freq,text,No,Registry metadata,form_response,value,Refactor,Domain review
MAP-01027,HF,index (8).html,In-Hospital Admission,Medication: Lipid Lowering,A_Crestor_Change,Crestor Change,text,No,Registry metadata,form_response,value,Refactor,Domain review
MAP-01028,HF,index (8).html,Visits,Lipid Lowering,V_Ezetrol,Ezetrol dose,select,No,Medication,medication_statement,ezetrol,Refactor,Medication review
MAP-01029,HF,index (8).html,Visits,Lipid Lowering,V_Ezetrol_Status,Ezetrol status,select,No,Medication,medication_statement,ezetrol_status,Refactor,Medication review
MAP-01030,HF,index (8).html,Visits,Lipid Lowering,V_Ezetrol_Custom,Ezetrol custom dose,text,No,Medication,medication_statement,ezetrol_custom,Refactor,Medication review
MAP-01031,HF,index (8).html,Visits,Lipid Lowering,V_Ezetrol_Freq,Ezetrol frequency,text,No,Medication,medication_statement,ezetrol_freq,Refactor,Medication review
MAP-01032,HF,index (8).html,Visits,Lipid Lowering,V_Ezetrol_Change,Ezetrol change,text,No,Medication,medication_statement,ezetrol_change,Refactor,Medication review
MAP-01033,HF,index (8).html,In-Hospital Admission,Medication: Lipid Lowering,A_Ezetrol,Ezetrol dose,text,No,Medication,medication_statement,ezetrol,Refactor,Medication review
MAP-01034,HF,index (8).html,In-Hospital Admission,Medication: Lipid Lowering,A_Ezetrol_Status,Ezetrol Status,select,No,Medication,medication_statement,ezetrol_status,Refactor,Medication review
MAP-01035,HF,index (8).html,In-Hospital Admission,Medication: Lipid Lowering,A_Ezetrol_Custom,Ezetrol Custom,text,No,Medication,medication_statement,ezetrol_custom,Refactor,Medication review
MAP-01036,HF,index (8).html,In-Hospital Admission,Medication: Lipid Lowering,A_Ezetrol_Freq,Ezetrol Freq,text,No,Medication,medication_statement,ezetrol_freq,Refactor,Medication review
MAP-01037,HF,index (8).html,In-Hospital Admission,Medication: Lipid Lowering,A_Ezetrol_Change,Ezetrol Change,text,No,Medication,medication_statement,ezetrol_change,Refactor,Medication review
MAP-01038,HF,index (8).html,Visits,Lipid Lowering,V_Repatha,Repatha dose,select,No,Medication,medication_statement,repatha,Refactor,Medication review
MAP-01039,HF,index (8).html,Visits,Lipid Lowering,V_Repatha_Status,Repatha status,select,No,Registry metadata,form_response,value,Refactor,Domain review
MAP-01040,HF,index (8).html,Visits,Lipid Lowering,V_Repatha_Custom,Repatha custom dose,text,No,Medication,medication_statement,repatha_custom,Refactor,Medication review
MAP-01041,HF,index (8).html,Visits,Lipid Lowering,V_Repatha_Freq,Repatha frequency,text,No,Registry metadata,form_response,value,Refactor,Domain review
MAP-01042,HF,index (8).html,Visits,Lipid Lowering,V_Repatha_Change,Repatha change,text,No,Registry metadata,form_response,value,Refactor,Domain review
MAP-01043,HF,index (8).html,In-Hospital Admission,Medication: Lipid Lowering,A_Repatha,Repatha dose,text,No,Medication,medication_statement,repatha,Refactor,Medication review
MAP-01044,HF,index (8).html,In-Hospital Admission,Medication: Lipid Lowering,A_Repatha_Status,Repatha Status,select,No,Registry metadata,form_response,value,Refactor,Domain review
MAP-01045,HF,index (8).html,In-Hospital Admission,Medication: Lipid Lowering,A_Repatha_Custom,Repatha Custom,text,No,Registry metadata,form_response,value,Refactor,Domain review
MAP-01046,HF,index (8).html,In-Hospital Admission,Medication: Lipid Lowering,A_Repatha_Freq,Repatha Freq,text,No,Registry metadata,form_response,value,Refactor,Domain review
MAP-01047,HF,index (8).html,In-Hospital Admission,Medication: Lipid Lowering,A_Repatha_Change,Repatha Change,text,No,Registry metadata,form_response,value,Refactor,Domain review
MAP-01048,HF,index (8).html,Visits,Lipid Lowering,V_Praluent,Praluent dose,select,No,Medication,medication_statement,praluent,Refactor,Medication review
MAP-01049,HF,index (8).html,Visits,Lipid Lowering,V_Praluent_Status,Praluent status,select,No,Registry metadata,form_response,value,Refactor,Domain review
MAP-01050,HF,index (8).html,Visits,Lipid Lowering,V_Praluent_Custom,Praluent custom dose,text,No,Medication,medication_statement,praluent_custom,Refactor,Medication review
MAP-01051,HF,index (8).html,Visits,Lipid Lowering,V_Praluent_Freq,Praluent frequency,text,No,Registry metadata,form_response,value,Refactor,Domain review
MAP-01052,HF,index (8).html,Visits,Lipid Lowering,V_Praluent_Change,Praluent change,text,No,Registry metadata,form_response,value,Refactor,Domain review
MAP-01053,HF,index (8).html,In-Hospital Admission,Medication: Lipid Lowering,A_Praluent,Praluent dose,text,No,Medication,medication_statement,praluent,Refactor,Medication review
MAP-01054,HF,index (8).html,In-Hospital Admission,Medication: Lipid Lowering,A_Praluent_Status,Praluent Status,select,No,Registry metadata,form_response,value,Refactor,Domain review
MAP-01055,HF,index (8).html,In-Hospital Admission,Medication: Lipid Lowering,A_Praluent_Custom,Praluent Custom,text,No,Registry metadata,form_response,value,Refactor,Domain review
MAP-01056,HF,index (8).html,In-Hospital Admission,Medication: Lipid Lowering,A_Praluent_Freq,Praluent Freq,text,No,Registry metadata,form_response,value,Refactor,Domain review
MAP-01057,HF,index (8).html,In-Hospital Admission,Medication: Lipid Lowering,A_Praluent_Change,Praluent Change,text,No,Registry metadata,form_response,value,Refactor,Domain review
MAP-01058,HF,index (8).html,Visits,Lipid Lowering,V_Atozet,Atozet dose,select,No,Medication,medication_statement,atozet,Refactor,Medication review
MAP-01059,HF,index (8).html,Visits,Lipid Lowering,V_Atozet_Status,Atozet status,select,No,Registry metadata,form_response,value,Refactor,Domain review
MAP-01060,HF,index (8).html,Visits,Lipid Lowering,V_Atozet_Custom,Atozet custom dose,text,No,Medication,medication_statement,atozet_custom,Refactor,Medication review
MAP-01061,HF,index (8).html,Visits,Lipid Lowering,V_Atozet_Freq,Atozet frequency,text,No,Registry metadata,form_response,value,Refactor,Domain review
MAP-01062,HF,index (8).html,Visits,Lipid Lowering,V_Atozet_Change,Atozet change,text,No,Registry metadata,form_response,value,Refactor,Domain review
MAP-01063,HF,index (8).html,In-Hospital Admission,Medication: Lipid Lowering,A_Atozet,Atozet dose,text,No,Medication,medication_statement,atozet,Refactor,Medication review
MAP-01064,HF,index (8).html,In-Hospital Admission,Medication: Lipid Lowering,A_Atozet_Status,Atozet Status,select,No,Registry metadata,form_response,value,Refactor,Domain review
MAP-01065,HF,index (8).html,In-Hospital Admission,Medication: Lipid Lowering,A_Atozet_Custom,Atozet Custom,text,No,Registry metadata,form_response,value,Refactor,Domain review
MAP-01066,HF,index (8).html,In-Hospital Admission,Medication: Lipid Lowering,A_Atozet_Freq,Atozet Freq,text,No,Registry metadata,form_response,value,Refactor,Domain review
MAP-01067,HF,index (8).html,In-Hospital Admission,Medication: Lipid Lowering,A_Atozet_Change,Atozet Change,text,No,Registry metadata,form_response,value,Refactor,Domain review
MAP-01068,HF,index (8).html,Visits,Lipid Lowering,V_Zympass,Zympass dose,select,No,Medication,medication_statement,zympass,Refactor,Medication review
MAP-01069,HF,index (8).html,Visits,Lipid Lowering,V_Zympass_Status,Zympass status,select,No,Registry metadata,form_response,value,Refactor,Domain review
MAP-01070,HF,index (8).html,Visits,Lipid Lowering,V_Zympass_Custom,Zympass custom dose,text,No,Medication,medication_statement,zympass_custom,Refactor,Medication review
MAP-01071,HF,index (8).html,Visits,Lipid Lowering,V_Zympass_Freq,Zympass frequency,text,No,Registry metadata,form_response,value,Refactor,Domain review
MAP-01072,HF,index (8).html,Visits,Lipid Lowering,V_Zympass_Change,Zympass change,text,No,Registry metadata,form_response,value,Refactor,Domain review
MAP-01073,HF,index (8).html,In-Hospital Admission,Medication: Lipid Lowering,A_Zympass,Zympass dose,text,No,Medication,medication_statement,zympass,Refactor,Medication review
MAP-01074,HF,index (8).html,In-Hospital Admission,Medication: Lipid Lowering,A_Zympass_Status,Zympass Status,select,No,Registry metadata,form_response,value,Refactor,Domain review
MAP-01075,HF,index (8).html,In-Hospital Admission,Medication: Lipid Lowering,A_Zympass_Custom,Zympass Custom,text,No,Registry metadata,form_response,value,Refactor,Domain review
MAP-01076,HF,index (8).html,In-Hospital Admission,Medication: Lipid Lowering,A_Zympass_Freq,Zympass Freq,text,No,Registry metadata,form_response,value,Refactor,Domain review
MAP-01077,HF,index (8).html,In-Hospital Admission,Medication: Lipid Lowering,A_Zympass_Change,Zympass Change,text,No,Registry metadata,form_response,value,Refactor,Domain review
MAP-01078,HF,index (8).html,Visits,Lipid Lowering,V_Fibrates,Fibrates dose,select,No,Medication,medication_statement,fibrates,Refactor,Medication review
MAP-01079,HF,index (8).html,Visits,Lipid Lowering,V_Fibrates_Status,Fibrates status,select,No,Registry metadata,form_response,value,Refactor,Domain review
MAP-01080,HF,index (8).html,Visits,Lipid Lowering,V_Fibrates_Custom,Fibrates custom dose,text,No,Medication,medication_statement,fibrates_custom,Refactor,Medication review
MAP-01081,HF,index (8).html,Visits,Lipid Lowering,V_Fibrates_Freq,Fibrates frequency,text,No,Registry metadata,form_response,value,Refactor,Domain review
MAP-01082,HF,index (8).html,Visits,Lipid Lowering,V_Fibrates_Change,Fibrates change,text,No,Registry metadata,form_response,value,Refactor,Domain review
MAP-01083,HF,index (8).html,In-Hospital Admission,Medication: Lipid Lowering,A_Fibrates,Fibrates dose,text,No,Medication,medication_statement,fibrates,Refactor,Medication review
MAP-01084,HF,index (8).html,In-Hospital Admission,Medication: Lipid Lowering,A_Fibrates_Status,Fibrates Status,select,No,Registry metadata,form_response,value,Refactor,Domain review
MAP-01085,HF,index (8).html,In-Hospital Admission,Medication: Lipid Lowering,A_Fibrates_Custom,Fibrates Custom,text,No,Registry metadata,form_response,value,Refactor,Domain review
MAP-01086,HF,index (8).html,In-Hospital Admission,Medication: Lipid Lowering,A_Fibrates_Freq,Fibrates Freq,text,No,Registry metadata,form_response,value,Refactor,Domain review
MAP-01087,HF,index (8).html,In-Hospital Admission,Medication: Lipid Lowering,A_Fibrates_Change,Fibrates Change,text,No,Registry metadata,form_response,value,Refactor,Domain review
MAP-01088,HF,index (8).html,Visits,Lipid Lowering,V_Omacor,Omacor dose,select,No,Medication,medication_statement,omacor,Refactor,Medication review
MAP-01089,HF,index (8).html,Visits,Lipid Lowering,V_Omacor_Status,Omacor status,select,No,Registry metadata,form_response,value,Refactor,Domain review
MAP-01090,HF,index (8).html,Visits,Lipid Lowering,V_Omacor_Custom,Omacor custom dose,text,No,Medication,medication_statement,omacor_custom,Refactor,Medication review
MAP-01091,HF,index (8).html,Visits,Lipid Lowering,V_Omacor_Freq,Omacor frequency,text,No,Registry metadata,form_response,value,Refactor,Domain review
MAP-01092,HF,index (8).html,Visits,Lipid Lowering,V_Omacor_Change,Omacor change,text,No,Registry metadata,form_response,value,Refactor,Domain review
MAP-01093,HF,index (8).html,In-Hospital Admission,Medication: Lipid Lowering,A_Omacor,Omacor dose,text,No,Medication,medication_statement,omacor,Refactor,Medication review
MAP-01094,HF,index (8).html,In-Hospital Admission,Medication: Lipid Lowering,A_Omacor_Status,Omacor Status,select,No,Registry metadata,form_response,value,Refactor,Domain review
MAP-01095,HF,index (8).html,In-Hospital Admission,Medication: Lipid Lowering,A_Omacor_Custom,Omacor Custom,text,No,Registry metadata,form_response,value,Refactor,Domain review
MAP-01096,HF,index (8).html,In-Hospital Admission,Medication: Lipid Lowering,A_Omacor_Freq,Omacor Freq,text,No,Registry metadata,form_response,value,Refactor,Domain review
MAP-01097,HF,index (8).html,In-Hospital Admission,Medication: Lipid Lowering,A_Omacor_Change,Omacor Change,text,No,Registry metadata,form_response,value,Refactor,Domain review
MAP-01098,HF,index (8).html,Visits,Lipid Lowering,V_Vascepa,Vascepa dose,select,No,Medication,medication_statement,vascepa,Refactor,Medication review
MAP-01099,HF,index (8).html,Visits,Lipid Lowering,V_Vascepa_Status,Vascepa status,select,No,Registry metadata,form_response,value,Refactor,Domain review
MAP-01100,HF,index (8).html,Visits,Lipid Lowering,V_Vascepa_Custom,Vascepa custom dose,text,No,Medication,medication_statement,vascepa_custom,Refactor,Medication review
MAP-01101,HF,index (8).html,Visits,Lipid Lowering,V_Vascepa_Freq,Vascepa frequency,text,No,Registry metadata,form_response,value,Refactor,Domain review
MAP-01102,HF,index (8).html,Visits,Lipid Lowering,V_Vascepa_Change,Vascepa change,text,No,Registry metadata,form_response,value,Refactor,Domain review
MAP-01103,HF,index (8).html,In-Hospital Admission,Medication: Lipid Lowering,A_Vascepa,Vascepa dose,text,No,Medication,medication_statement,vascepa,Refactor,Medication review
MAP-01104,HF,index (8).html,In-Hospital Admission,Medication: Lipid Lowering,A_Vascepa_Status,Vascepa Status,select,No,Registry metadata,form_response,value,Refactor,Domain review
MAP-01105,HF,index (8).html,In-Hospital Admission,Medication: Lipid Lowering,A_Vascepa_Custom,Vascepa Custom,text,No,Registry metadata,form_response,value,Refactor,Domain review
MAP-01106,HF,index (8).html,In-Hospital Admission,Medication: Lipid Lowering,A_Vascepa_Freq,Vascepa Freq,text,No,Registry metadata,form_response,value,Refactor,Domain review
MAP-01107,HF,index (8).html,In-Hospital Admission,Medication: Lipid Lowering,A_Vascepa_Change,Vascepa Change,text,No,Registry metadata,form_response,value,Refactor,Domain review
MAP-01108,HF,index (8).html,Visits,Smoking Cessation,V_Nicotine,Nicotine Patch dose,select,No,Medication,medication_statement,nicotine,Refactor,Medication review
MAP-01109,HF,index (8).html,Visits,Smoking Cessation,V_Nicotine_Status,Nicotine Patch status,select,No,Registry metadata,form_response,value,Refactor,Domain review
MAP-01110,HF,index (8).html,Visits,Smoking Cessation,V_Nicotine_Custom,Nicotine Patch custom dose,text,No,Medication,medication_statement,nicotine_custom,Refactor,Medication review
MAP-01111,HF,index (8).html,Visits,Smoking Cessation,V_Nicotine_Freq,Nicotine Patch frequency,text,No,Registry metadata,form_response,value,Refactor,Domain review
MAP-01112,HF,index (8).html,Visits,Smoking Cessation,V_Nicotine_Change,Nicotine Patch change,text,No,Registry metadata,form_response,value,Refactor,Domain review
MAP-01113,HF,index (8).html,In-Hospital Admission,Medication: Smoking Cessation,A_Nicotine,Nicotine Patch dose,text,No,Medication,medication_statement,nicotine,Refactor,Medication review
MAP-01114,HF,index (8).html,In-Hospital Admission,Medication: Smoking Cessation,A_Nicotine_Status,Nicotine Patch Status,select,No,Registry metadata,form_response,value,Refactor,Domain review
MAP-01115,HF,index (8).html,In-Hospital Admission,Medication: Smoking Cessation,A_Nicotine_Custom,Nicotine Patch Custom,text,No,Registry metadata,form_response,value,Refactor,Domain review
MAP-01116,HF,index (8).html,In-Hospital Admission,Medication: Smoking Cessation,A_Nicotine_Freq,Nicotine Patch Freq,text,No,Registry metadata,form_response,value,Refactor,Domain review
MAP-01117,HF,index (8).html,In-Hospital Admission,Medication: Smoking Cessation,A_Nicotine_Change,Nicotine Patch Change,text,No,Registry metadata,form_response,value,Refactor,Domain review
MAP-01118,HF,index (8).html,Visits,Anti-arrhythmics,V_Cordarone,Cordarone (oral) dose,select,No,Medication,medication_statement,cordarone,Refactor,Medication review
MAP-01119,HF,index (8).html,Visits,Anti-arrhythmics,V_Cordarone_Status,Cordarone (oral) status,select,No,Registry metadata,form_response,value,Refactor,Domain review
MAP-01120,HF,index (8).html,Visits,Anti-arrhythmics,V_Cordarone_Custom,Cordarone (oral) custom dose,text,No,Medication,medication_statement,cordarone_custom,Refactor,Medication review
MAP-01121,HF,index (8).html,Visits,Anti-arrhythmics,V_Cordarone_Freq,Cordarone (oral) frequency,text,No,Registry metadata,form_response,value,Refactor,Domain review
MAP-01122,HF,index (8).html,Visits,Anti-arrhythmics,V_Cordarone_Change,Cordarone (oral) change,text,No,Registry metadata,form_response,value,Refactor,Domain review
MAP-01123,HF,index (8).html,In-Hospital Admission,Medication: Anti-arrhythmics,A_Cordarone,Cordarone (oral) dose,text,No,Medication,medication_statement,cordarone,Refactor,Medication review
MAP-01124,HF,index (8).html,In-Hospital Admission,Medication: Anti-arrhythmics,A_Cordarone_Status,Cordarone (oral) Status,select,No,Registry metadata,form_response,value,Refactor,Domain review
MAP-01125,HF,index (8).html,In-Hospital Admission,Medication: Anti-arrhythmics,A_Cordarone_Custom,Cordarone (oral) Custom,text,No,Registry metadata,form_response,value,Refactor,Domain review
MAP-01126,HF,index (8).html,In-Hospital Admission,Medication: Anti-arrhythmics,A_Cordarone_Freq,Cordarone (oral) Freq,text,No,Registry metadata,form_response,value,Refactor,Domain review
MAP-01127,HF,index (8).html,In-Hospital Admission,Medication: Anti-arrhythmics,A_Cordarone_Change,Cordarone (oral) Change,text,No,Registry metadata,form_response,value,Refactor,Domain review
MAP-01128,HF,index (8).html,Visits,Anti-arrhythmics,V_Flecainide,Flecainide dose,select,No,Medication,medication_statement,flecainide,Refactor,Medication review
MAP-01129,HF,index (8).html,Visits,Anti-arrhythmics,V_Flecainide_Status,Flecainide status,select,No,Medication,medication_statement,flecainide_status,Refactor,Medication review
MAP-01130,HF,index (8).html,Visits,Anti-arrhythmics,V_Flecainide_Custom,Flecainide custom dose,text,No,Medication,medication_statement,flecainide_custom,Refactor,Medication review
MAP-01131,HF,index (8).html,Visits,Anti-arrhythmics,V_Flecainide_Freq,Flecainide frequency,text,No,Medication,medication_statement,flecainide_freq,Refactor,Medication review
MAP-01132,HF,index (8).html,Visits,Anti-arrhythmics,V_Flecainide_Change,Flecainide change,text,No,Medication,medication_statement,flecainide_change,Refactor,Medication review
MAP-01133,HF,index (8).html,In-Hospital Admission,Medication: Anti-arrhythmics,A_Flecainide,Flecainide dose,text,No,Medication,medication_statement,flecainide,Refactor,Medication review
MAP-01134,HF,index (8).html,In-Hospital Admission,Medication: Anti-arrhythmics,A_Flecainide_Status,Flecainide Status,select,No,Medication,medication_statement,flecainide_status,Refactor,Medication review
MAP-01135,HF,index (8).html,In-Hospital Admission,Medication: Anti-arrhythmics,A_Flecainide_Custom,Flecainide Custom,text,No,Medication,medication_statement,flecainide_custom,Refactor,Medication review
MAP-01136,HF,index (8).html,In-Hospital Admission,Medication: Anti-arrhythmics,A_Flecainide_Freq,Flecainide Freq,text,No,Medication,medication_statement,flecainide_freq,Refactor,Medication review
MAP-01137,HF,index (8).html,In-Hospital Admission,Medication: Anti-arrhythmics,A_Flecainide_Change,Flecainide Change,text,No,Medication,medication_statement,flecainide_change,Refactor,Medication review
MAP-01138,HF,index (8).html,Visits,Anti-arrhythmics,V_Sotalol,Sotalol dose,select,No,Medication,medication_statement,sotalol,Refactor,Medication review
MAP-01139,HF,index (8).html,Visits,Anti-arrhythmics,V_Sotalol_Status,Sotalol status,select,No,Medication,medication_statement,sotalol_status,Refactor,Medication review
MAP-01140,HF,index (8).html,Visits,Anti-arrhythmics,V_Sotalol_Custom,Sotalol custom dose,text,No,Medication,medication_statement,sotalol_custom,Refactor,Medication review
MAP-01141,HF,index (8).html,Visits,Anti-arrhythmics,V_Sotalol_Freq,Sotalol frequency,text,No,Medication,medication_statement,sotalol_freq,Refactor,Medication review
MAP-01142,HF,index (8).html,Visits,Anti-arrhythmics,V_Sotalol_Change,Sotalol change,text,No,Medication,medication_statement,sotalol_change,Refactor,Medication review
MAP-01143,HF,index (8).html,In-Hospital Admission,Medication: Anti-arrhythmics,A_Sotalol,Sotalol dose,text,No,Medication,medication_statement,sotalol,Refactor,Medication review
MAP-01144,HF,index (8).html,In-Hospital Admission,Medication: Anti-arrhythmics,A_Sotalol_Status,Sotalol Status,select,No,Medication,medication_statement,sotalol_status,Refactor,Medication review
MAP-01145,HF,index (8).html,In-Hospital Admission,Medication: Anti-arrhythmics,A_Sotalol_Custom,Sotalol Custom,text,No,Medication,medication_statement,sotalol_custom,Refactor,Medication review
MAP-01146,HF,index (8).html,In-Hospital Admission,Medication: Anti-arrhythmics,A_Sotalol_Freq,Sotalol Freq,text,No,Medication,medication_statement,sotalol_freq,Refactor,Medication review
MAP-01147,HF,index (8).html,In-Hospital Admission,Medication: Anti-arrhythmics,A_Sotalol_Change,Sotalol Change,text,No,Medication,medication_statement,sotalol_change,Refactor,Medication review
MAP-01148,HF,index (8).html,Visits,Anti-arrhythmics,V_Propafenone,Propafenone dose,select,No,Medication,medication_statement,propafenone,Refactor,Medication review
MAP-01149,HF,index (8).html,Visits,Anti-arrhythmics,V_Propafenone_Status,Propafenone status,select,No,Registry metadata,form_response,value,Refactor,Domain review
MAP-01150,HF,index (8).html,Visits,Anti-arrhythmics,V_Propafenone_Custom,Propafenone custom dose,text,No,Medication,medication_statement,propafenone_custom,Refactor,Medication review
MAP-01151,HF,index (8).html,Visits,Anti-arrhythmics,V_Propafenone_Freq,Propafenone frequency,text,No,Registry metadata,form_response,value,Refactor,Domain review
MAP-01152,HF,index (8).html,Visits,Anti-arrhythmics,V_Propafenone_Change,Propafenone change,text,No,Registry metadata,form_response,value,Refactor,Domain review
MAP-01153,HF,index (8).html,In-Hospital Admission,Medication: Anti-arrhythmics,A_Propafenone,Propafenone dose,text,No,Medication,medication_statement,propafenone,Refactor,Medication review
MAP-01154,HF,index (8).html,In-Hospital Admission,Medication: Anti-arrhythmics,A_Propafenone_Status,Propafenone Status,select,No,Registry metadata,form_response,value,Refactor,Domain review
MAP-01155,HF,index (8).html,In-Hospital Admission,Medication: Anti-arrhythmics,A_Propafenone_Custom,Propafenone Custom,text,No,Registry metadata,form_response,value,Refactor,Domain review
MAP-01156,HF,index (8).html,In-Hospital Admission,Medication: Anti-arrhythmics,A_Propafenone_Freq,Propafenone Freq,text,No,Registry metadata,form_response,value,Refactor,Domain review
MAP-01157,HF,index (8).html,In-Hospital Admission,Medication: Anti-arrhythmics,A_Propafenone_Change,Propafenone Change,text,No,Registry metadata,form_response,value,Refactor,Domain review
MAP-01158,HF,index (8).html,Visits,Anti-arrhythmics,V_Digoxin,Digoxin dose,select,No,Medication,medication_statement,digoxin,Refactor,Medication review
MAP-01159,HF,index (8).html,Visits,Anti-arrhythmics,V_Digoxin_Status,Digoxin status,select,No,Medication,medication_statement,digoxin_status,Refactor,Medication review
MAP-01160,HF,index (8).html,Visits,Anti-arrhythmics,V_Digoxin_Custom,Digoxin custom dose,text,No,Medication,medication_statement,digoxin_custom,Refactor,Medication review
MAP-01161,HF,index (8).html,Visits,Anti-arrhythmics,V_Digoxin_Freq,Digoxin frequency,text,No,Medication,medication_statement,digoxin_freq,Refactor,Medication review
MAP-01162,HF,index (8).html,Visits,Anti-arrhythmics,V_Digoxin_Change,Digoxin change,text,No,Medication,medication_statement,digoxin_change,Refactor,Medication review
MAP-01163,HF,index (8).html,In-Hospital Admission,Medication: Anti-arrhythmics,A_Digoxin,Digoxin dose,text,No,Medication,medication_statement,digoxin,Refactor,Medication review
MAP-01164,HF,index (8).html,In-Hospital Admission,Medication: Anti-arrhythmics,A_Digoxin_Status,Digoxin Status,select,No,Medication,medication_statement,digoxin_status,Refactor,Medication review
MAP-01165,HF,index (8).html,In-Hospital Admission,Medication: Anti-arrhythmics,A_Digoxin_Custom,Digoxin Custom,text,No,Medication,medication_statement,digoxin_custom,Refactor,Medication review
MAP-01166,HF,index (8).html,In-Hospital Admission,Medication: Anti-arrhythmics,A_Digoxin_Freq,Digoxin Freq,text,No,Medication,medication_statement,digoxin_freq,Refactor,Medication review
MAP-01167,HF,index (8).html,In-Hospital Admission,Medication: Anti-arrhythmics,A_Digoxin_Change,Digoxin Change,text,No,Medication,medication_statement,digoxin_change,Refactor,Medication review
MAP-01168,HF,index (8).html,Visits,Potassium Chelators,V_Veltassa,Veltassa dose,select,No,Medication,medication_statement,veltassa,Refactor,Medication review
MAP-01169,HF,index (8).html,Visits,Potassium Chelators,V_Veltassa_Status,Veltassa status,select,No,Registry metadata,form_response,value,Refactor,Domain review
MAP-01170,HF,index (8).html,Visits,Potassium Chelators,V_Veltassa_Custom,Veltassa custom dose,text,No,Medication,medication_statement,veltassa_custom,Refactor,Medication review
MAP-01171,HF,index (8).html,Visits,Potassium Chelators,V_Veltassa_Freq,Veltassa frequency,text,No,Registry metadata,form_response,value,Refactor,Domain review
MAP-01172,HF,index (8).html,Visits,Potassium Chelators,V_Veltassa_Change,Veltassa change,text,No,Registry metadata,form_response,value,Refactor,Domain review
MAP-01173,HF,index (8).html,In-Hospital Admission,Medication: Potassium Chelators,A_Veltassa,Veltassa dose,text,No,Medication,medication_statement,veltassa,Refactor,Medication review
MAP-01174,HF,index (8).html,In-Hospital Admission,Medication: Potassium Chelators,A_Veltassa_Status,Veltassa Status,select,No,Registry metadata,form_response,value,Refactor,Domain review
MAP-01175,HF,index (8).html,In-Hospital Admission,Medication: Potassium Chelators,A_Veltassa_Custom,Veltassa Custom,text,No,Registry metadata,form_response,value,Refactor,Domain review
MAP-01176,HF,index (8).html,In-Hospital Admission,Medication: Potassium Chelators,A_Veltassa_Freq,Veltassa Freq,text,No,Registry metadata,form_response,value,Refactor,Domain review
MAP-01177,HF,index (8).html,In-Hospital Admission,Medication: Potassium Chelators,A_Veltassa_Change,Veltassa Change,text,No,Registry metadata,form_response,value,Refactor,Domain review
MAP-01178,HF,index (8).html,Visits,Potassium Chelators,V_Lokelma,Lokelma dose,select,No,Medication,medication_statement,lokelma,Refactor,Medication review
MAP-01179,HF,index (8).html,Visits,Potassium Chelators,V_Lokelma_Status,Lokelma status,select,No,Registry metadata,form_response,value,Refactor,Domain review
MAP-01180,HF,index (8).html,Visits,Potassium Chelators,V_Lokelma_Custom,Lokelma custom dose,text,No,Medication,medication_statement,lokelma_custom,Refactor,Medication review
MAP-01181,HF,index (8).html,Visits,Potassium Chelators,V_Lokelma_Freq,Lokelma frequency,text,No,Registry metadata,form_response,value,Refactor,Domain review
MAP-01182,HF,index (8).html,Visits,Potassium Chelators,V_Lokelma_Change,Lokelma change,text,No,Registry metadata,form_response,value,Refactor,Domain review
MAP-01183,HF,index (8).html,In-Hospital Admission,Medication: Potassium Chelators,A_Lokelma,Lokelma dose,text,No,Medication,medication_statement,lokelma,Refactor,Medication review
MAP-01184,HF,index (8).html,In-Hospital Admission,Medication: Potassium Chelators,A_Lokelma_Status,Lokelma Status,select,No,Registry metadata,form_response,value,Refactor,Domain review
MAP-01185,HF,index (8).html,In-Hospital Admission,Medication: Potassium Chelators,A_Lokelma_Custom,Lokelma Custom,text,No,Registry metadata,form_response,value,Refactor,Domain review
MAP-01186,HF,index (8).html,In-Hospital Admission,Medication: Potassium Chelators,A_Lokelma_Freq,Lokelma Freq,text,No,Registry metadata,form_response,value,Refactor,Domain review
MAP-01187,HF,index (8).html,In-Hospital Admission,Medication: Potassium Chelators,A_Lokelma_Change,Lokelma Change,text,No,Registry metadata,form_response,value,Refactor,Domain review
MAP-01188,HF,index (8).html,Additional admission,Admission Details,date,Admission Date,date,No,Episode,care_episode,date,Refactor,Mapped shared core
MAP-01189,HF,index (8).html,Additional admission,Admission Details,dischargeDate,Discharge Date,date,No,Episode,discharge,dischargedate,Refactor,Mapped shared core
MAP-01190,HF,index (8).html,Additional admission,Admission Details,reason,Reason / Notes,text,No,Module extension,form_response,reason,Refactor,Domain review
MAP-01191,HF,index (8).html,Additional admission,Admission Details,LOS,Length of Stay (Days),num,No,Episode,care_episode,los,Refactor,Mapped shared core
MAP-01192,HF,index (8).html,Additional admission,Admission Details,Admission_HF_Related,Cause of Admission,sel,No,Episode,care_episode,admission_hf_related,Refactor,Mapped shared core
MAP-01193,HF,index (8).html,Additional admission,Admission Details,Admission_Cause,Specify Cause,text,No,Episode,care_episode,admission_cause,Refactor,Mapped shared core
MAP-01194,HF,index (8).html,Additional admission,"Symptoms, Signs & Vitals",Height,Height (cm),num,No,Observation,observation,height,Refactor,Unit/code review
MAP-01195,HF,index (8).html,Additional admission,"Symptoms, Signs & Vitals",Weight,Weight (kg),num,No,Observation,observation,weight,Refactor,Unit/code review
MAP-01196,HF,index (8).html,Additional admission,"Symptoms, Signs & Vitals",BMI,BMI,text,No,Observation,observation,bmi,Refactor,Unit/code review
MAP-01197,HF,index (8).html,Additional admission,"Symptoms, Signs & Vitals",Dry_Weight,Dry Weight (kg),num,No,Observation,observation,dry_weight,Refactor,Unit/code review
MAP-01198,HF,index (8).html,Additional admission,"Symptoms, Signs & Vitals",NYHA,NYHA,sel,No,Assessment,functional_assessment,nyha,Refactor,Clinical rule review
MAP-01199,HF,index (8).html,Additional admission,"Symptoms, Signs & Vitals",KCCQ,KCCQ,num,No,Assessment,functional_assessment,kccq,Refactor,Clinical rule review
MAP-01200,HF,index (8).html,Additional admission,"Symptoms, Signs & Vitals",Symptoms,Symptoms,multi,No,Registry metadata,form_response,value,Refactor,Domain review
MAP-01201,HF,index (8).html,Additional admission,"Symptoms, Signs & Vitals",Sym_Other_Text,Other Symptoms,text,No,Module extension,form_response,sym_other_text,Refactor,Domain review
MAP-01202,HF,index (8).html,Additional admission,"Symptoms, Signs & Vitals",BP,BP,text,No,Observation,observation,bp,Refactor,Unit/code review
MAP-01203,HF,index (8).html,Additional admission,"Symptoms, Signs & Vitals",Pulse,Pulse,text,No,Observation,observation,pulse,Refactor,Unit/code review
MAP-01204,HF,index (8).html,Additional admission,"Symptoms, Signs & Vitals",SpO2,SpO2 (%),num,No,Observation,observation,spo2,Refactor,Unit/code review
MAP-01205,HF,index (8).html,Additional admission,"Symptoms, Signs & Vitals",JVP,JVP,sel,No,Observation,observation,jvp,Refactor,Unit/code review
MAP-01206,HF,index (8).html,Additional admission,"Symptoms, Signs & Vitals",Rales,Rales,sel,No,Observation,observation,rales,Refactor,Unit/code review
MAP-01207,HF,index (8).html,Additional admission,"Symptoms, Signs & Vitals",Edema,Oedema,sel,No,Observation,observation,edema,Refactor,Unit/code review
MAP-01208,HF,index (8).html,Additional admission,"Symptoms, Signs & Vitals",S3,S3 Gallop,sel,No,Observation,observation,s3,Refactor,Unit/code review
MAP-01209,HF,index (8).html,Additional admission,"Symptoms, Signs & Vitals",Murmur,Murmur,text,No,Observation,observation,murmur,Refactor,Unit/code review
MAP-01210,HF,index (8).html,Additional admission,Investigations & Procedures,ECG_LBBB,LBBB,sel,No,Diagnostic study,imaging_study,ecg_lbbb,Refactor,Imaging review
MAP-01211,HF,index (8).html,Additional admission,Investigations & Procedures,ECG_QRS,QRS Duration (ms),num,No,Diagnostic study,imaging_study,ecg_qrs,Refactor,Imaging review
MAP-01212,HF,index (8).html,Additional admission,Investigations & Procedures,ECG_Arrhythmia,Arrhythmia,text,No,Diagnostic study,imaging_study,ecg_arrhythmia,Refactor,Imaging review
MAP-01213,HF,index (8).html,Additional admission,Investigations & Procedures,ECG_Pacing,Pacing Rhythm,sel,No,Diagnostic study,imaging_study,ecg_pacing,Refactor,Imaging review
MAP-01214,HF,index (8).html,Additional admission,Investigations & Procedures,ECG_Images,ECG Images,ecgimages,No,Diagnostic study,imaging_study,ecg_images,Refactor,Imaging review
MAP-01215,HF,index (8).html,Additional admission,Investigations & Procedures,Holter_Done,Holter Performed,sel,No,Diagnostic study,imaging_study,holter_done,Refactor,Imaging review
MAP-01216,HF,index (8).html,Additional admission,Investigations & Procedures,Holter_Date,Date,date,No,Diagnostic study,imaging_study,holter_date,Refactor,Imaging review
MAP-01217,HF,index (8).html,Additional admission,Investigations & Procedures,Holter_Duration,Duration (hours),num,No,Diagnostic study,imaging_study,holter_duration,Refactor,Imaging review
MAP-01218,HF,index (8).html,Additional admission,Investigations & Procedures,Holter_MaxHR,Max HR,num,No,Diagnostic study,imaging_study,holter_maxhr,Refactor,Imaging review
MAP-01219,HF,index (8).html,Additional admission,Investigations & Procedures,Holter_MinHR,Min HR,num,No,Diagnostic study,imaging_study,holter_minhr,Refactor,Imaging review
MAP-01220,HF,index (8).html,Additional admission,Investigations & Procedures,Holter_AvgHR,Avg HR,num,No,Diagnostic study,imaging_study,holter_avghr,Refactor,Imaging review
MAP-01221,HF,index (8).html,Additional admission,Investigations & Procedures,Holter_Arrhythmia,Arrhythmia Burden / Type,text,No,Diagnostic study,imaging_study,holter_arrhythmia,Refactor,Imaging review
MAP-01222,HF,index (8).html,Additional admission,Investigations & Procedures,Holter_Findings,Findings / Notes,area,No,Diagnostic study,imaging_study,holter_findings,Refactor,Imaging review
MAP-01223,HF,index (8).html,Additional admission,Investigations & Procedures,ECHO,ECHO Details,text,No,Diagnostic study,imaging_study,echo,Refactor,Imaging review
MAP-01224,HF,index (8).html,Additional admission,Investigations & Procedures,Echo_EDVI,EDVI/EDD,text,No,Diagnostic study,imaging_study,echo_edvi,Refactor,Imaging review
MAP-01225,HF,index (8).html,Additional admission,Investigations & Procedures,Echo_ESVI,ESVI/ESD,text,No,Diagnostic study,imaging_study,echo_esvi,Refactor,Imaging review
MAP-01226,HF,index (8).html,Additional admission,Investigations & Procedures,Echo_EF,EF %,text,No,Diagnostic study,imaging_study,echo_ef,Refactor,Imaging review
MAP-01227,HF,index (8).html,Additional admission,Investigations & Procedures,CMR_CT,CMR Details,text,No,Diagnostic study,imaging_study,cmr_ct,Refactor,Imaging review
MAP-01228,HF,index (8).html,Additional admission,Investigations & Procedures,CMR_LVEDVI,LVEDVI/EDD,text,No,Diagnostic study,imaging_measurement,cmr_lvedvi,Refactor,Imaging review
MAP-01229,HF,index (8).html,Additional admission,Investigations & Procedures,CMR_LVESVI,LVESVI/ESD,text,No,Diagnostic study,imaging_measurement,cmr_lvesvi,Refactor,Imaging review
MAP-01230,HF,index (8).html,Additional admission,Investigations & Procedures,CMR_LVEF,LVEF %,text,No,Diagnostic study,imaging_measurement,cmr_lvef,Refactor,Imaging review
MAP-01231,HF,index (8).html,Additional admission,Investigations & Procedures,CMR_RVEDI,RVEDI,text,No,Diagnostic study,imaging_study,cmr_rvedi,Refactor,Imaging review
MAP-01232,HF,index (8).html,Additional admission,Investigations & Procedures,CMR_RVEF,RVEF %,text,No,Diagnostic study,imaging_study,cmr_rvef,Refactor,Imaging review
MAP-01233,HF,index (8).html,Additional admission,Investigations & Procedures,CMR_LGE,LGE,sel,No,Diagnostic study,imaging_study,cmr_lge,Refactor,Imaging review
MAP-01234,HF,index (8).html,Additional admission,Investigations & Procedures,CMR_LGE_Pct,LGE %,text,No,Diagnostic study,imaging_study,cmr_lge_pct,Refactor,Imaging review
MAP-01235,HF,index (8).html,Additional admission,Investigations & Procedures,CMR_Others,CMR Others,text,No,Diagnostic study,imaging_study,cmr_others,Refactor,Imaging review
MAP-01236,HF,index (8).html,Additional admission,Investigations & Procedures,CT_Done,CT Angio Performed,sel,No,Diagnostic study,imaging_study,ct_done,Refactor,Imaging review
MAP-01237,HF,index (8).html,Additional admission,Investigations & Procedures,CT_Angio,Findings,text,No,Diagnostic study,imaging_study,ct_angio,Refactor,Imaging review
MAP-01238,HF,index (8).html,Additional admission,Investigations & Procedures,CT_Calcium,Calcium Score,text,No,Registry metadata,form_response,value,Refactor,Domain review
MAP-01239,HF,index (8).html,Additional admission,Investigations & Procedures,CT_Notes,CT Angio Notes,text,No,Diagnostic study,imaging_study,ct_notes,Refactor,Imaging review
MAP-01240,HF,index (8).html,Additional admission,Investigations & Procedures,CAG_Done,CAG Performed,sel,No,Procedure,procedure,cag_done,Refactor,Procedure review
MAP-01241,HF,index (8).html,Additional admission,Investigations & Procedures,CAG_Date,CAG Date,date,No,Procedure,procedure,cag_date,Refactor,Procedure review
MAP-01242,HF,index (8).html,Additional admission,Investigations & Procedures,CAG_Access,CAG Access,sel,No,Procedure,procedure,cag_access,Refactor,Procedure review
MAP-01243,HF,index (8).html,Additional admission,Investigations & Procedures,CAG_Findings,"CAG Findings (vessels, % stenosis)",text,No,Procedure,procedure_finding,cag_findings,Refactor,Procedure review
MAP-01244,HF,index (8).html,Additional admission,Investigations & Procedures,CAG_Notes,CAG Notes,text,No,Procedure,procedure,cag_notes,Refactor,Procedure review
MAP-01245,HF,index (8).html,Additional admission,Investigations & Procedures,Walk_Completed,Completed,sel,No,Registry metadata,form_response,value,Refactor,Domain review
MAP-01246,HF,index (8).html,Additional admission,Investigations & Procedures,Walk_Meters,Meters Walked,num,No,Registry metadata,form_response,value,Refactor,Domain review
MAP-01247,HF,index (8).html,Additional admission,Investigations & Procedures,CPET_PeakVO2,Peak VO₂,text,No,Registry metadata,form_response,value,Refactor,Domain review
MAP-01248,HF,index (8).html,Additional admission,Investigations & Procedures,CPET_VEVCO2,VE/VCO₂ Slope,text,No,Registry metadata,form_response,value,Refactor,Domain review
MAP-01249,HF,index (8).html,Additional admission,Investigations & Procedures,CPET_RER,RER (validity),text,No,Registry metadata,form_response,value,Refactor,Domain review
MAP-01250,HF,index (8).html,Additional admission,Investigations & Procedures,CPET_AT,Anaerobic Threshold,text,No,Registry metadata,form_response,value,Refactor,Domain review
MAP-01251,HF,index (8).html,Additional admission,Investigations & Procedures,CPET_VO2HR,VO₂/HR,text,No,Registry metadata,form_response,value,Refactor,Domain review
MAP-01252,HF,index (8).html,Additional admission,Investigations & Procedures,CPET_PetCO2,PetCO₂,text,No,Registry metadata,form_response,value,Refactor,Domain review
MAP-01253,HF,index (8).html,Additional admission,Investigations & Procedures,Device_Type,Device Implanted,sel,No,Procedure,procedure,device_type,Refactor,Procedure review
MAP-01254,HF,index (8).html,Additional admission,Investigations & Procedures,Device_Date,Device Date,date,No,Procedure,procedure,device_date,Refactor,Procedure review
MAP-01255,HF,index (8).html,Additional admission,Investigations & Procedures,RHC_Done,Performed,sel,No,Registry metadata,form_response,value,Refactor,Domain review
MAP-01256,HF,index (8).html,Additional admission,Investigations & Procedures,RHC_CI,C.I (L/min/m²),text,No,Registry metadata,form_response,value,Refactor,Domain review
MAP-01257,HF,index (8).html,Additional admission,Investigations & Procedures,RHC_RAP,RAP (mmHg),text,No,Registry metadata,form_response,value,Refactor,Domain review
MAP-01258,HF,index (8).html,Additional admission,Investigations & Procedures,RHC_RVP,RVP (S/D/ED),text,No,Registry metadata,form_response,value,Refactor,Domain review
MAP-01259,HF,index (8).html,Additional admission,Investigations & Procedures,RHC_PCWP,PCWP (mmHg),text,No,Registry metadata,form_response,value,Refactor,Domain review
MAP-01260,HF,index (8).html,Additional admission,Investigations & Procedures,RHC_PAP,PAP (S/D/M),text,No,Registry metadata,form_response,value,Refactor,Domain review
MAP-01261,HF,index (8).html,Additional admission,Investigations & Procedures,RHC_PVR,PVR (Woods),text,No,Registry metadata,form_response,value,Refactor,Domain review
MAP-01262,HF,index (8).html,Additional admission,Investigations & Procedures,RHC_PAPi,PAPi,text,No,Registry metadata,form_response,value,Refactor,Domain review
MAP-01263,HF,index (8).html,Additional admission,Investigations & Procedures,RHC_LV,LV (S/D/ED),text,No,Registry metadata,form_response,value,Refactor,Domain review
MAP-01264,HF,index (8).html,Additional admission,Investigations & Procedures,RHC_MVO2,MVO₂ Sat (%),text,No,Registry metadata,form_response,value,Refactor,Domain review
MAP-01265,HF,index (8).html,Additional admission,Investigations & Procedures,InHospital_Procedures,Procedure(s) Performed,btnmulti,No,Procedure,procedure,inhospital_procedures,Refactor,Procedure review
MAP-01266,HF,index (8).html,Additional admission,Investigations & Procedures,InHospital_Procedures_Other,Other Procedure (specify),text,No,Procedure,procedure,inhospital_procedures_other,Refactor,Procedure review
MAP-01267,HF,index (8).html,Additional admission,Investigations & Procedures,InHospital_Procedures_Notes,Procedure Notes,area,No,Procedure,procedure,inhospital_procedures_notes,Refactor,Procedure review
MAP-01268,HF,index (8).html,Additional admission,Investigations & Procedures,Investigations_Other,Other Investigations / Notes,area,No,Module extension,form_response,investigations_other,Refactor,Domain review
MAP-01269,HF,index (8).html,Additional admission,Past History and Comorbidities,DM,DM,binary,No,Registry metadata,form_response,value,Refactor,Domain review
MAP-01270,HF,index (8).html,Additional admission,Past History and Comorbidities,HTN,HTN,binary,No,Registry metadata,form_response,value,Refactor,Domain review
MAP-01271,HF,index (8).html,Additional admission,Past History and Comorbidities,AF,AF,binary,No,Registry metadata,form_response,value,Refactor,Domain review
MAP-01272,HF,index (8).html,Additional admission,Past History and Comorbidities,CKD,CKD,binary,No,Condition,condition,ckd,Refactor,Terminology review
MAP-01273,HF,index (8).html,Additional admission,Past History and Comorbidities,Dialysis,Dialysis,binary,No,Condition,condition,dialysis,Refactor,Terminology review
MAP-01274,HF,index (8).html,Additional admission,Past History and Comorbidities,CVA,CVA,binary,No,Registry metadata,form_response,value,Refactor,Domain review
MAP-01275,HF,index (8).html,Additional admission,Past History and Comorbidities,PVD,PVD,binary,No,Registry metadata,form_response,value,Refactor,Domain review
MAP-01276,HF,index (8).html,Additional admission,Past History and Comorbidities,Alcohol,Alcohol,binary,No,Registry metadata,form_response,value,Refactor,Domain review
MAP-01277,HF,index (8).html,Additional admission,Past History and Comorbidities,Obese,Obese,binary,No,Condition,condition,obese,Refactor,Terminology review
MAP-01278,HF,index (8).html,Additional admission,Past History and Comorbidities,OSA,OSA,binary,No,Condition,condition,osa,Refactor,Terminology review
MAP-01279,HF,index (8).html,Additional admission,Past History and Comorbidities,Dyslipidemia,Dyslipidemia,binary,No,Condition,condition,dyslipidemia,Refactor,Terminology review
MAP-01280,HF,index (8).html,Additional admission,Past History and Comorbidities,Lung_Dz,Lung Disease,binary,No,Condition,condition,lung_dz,Refactor,Terminology review
MAP-01281,HF,index (8).html,Additional admission,Past History and Comorbidities,Liver_Dz,Liver Disease,binary,No,Condition,condition,liver_dz,Refactor,Terminology review
MAP-01282,HF,index (8).html,Additional admission,Past History and Comorbidities,IHD,IHD Type,sel,No,Module extension,form_response,ihd,Refactor,Domain review
MAP-01283,HF,index (8).html,Additional admission,Past History and Comorbidities,PCI_CABG,PCI / CABG,btnmulti,No,Procedure,procedure,pci_cabg,Refactor,Procedure review
MAP-01284,HF,index (8).html,Additional admission,Past History and Comorbidities,PCI_CABG_Date,Date of Procedure(s),date,No,Procedure,procedure,pci_cabg_date,Refactor,Procedure review
MAP-01285,HF,index (8).html,Additional admission,Past History and Comorbidities,PCI_CABG_Details,"Procedure Details (vessels, stents, grafts, etc.)",text,No,Procedure,procedure_finding,pci_cabg_details,Refactor,Procedure review
MAP-01286,HF,index (8).html,Additional admission,Past History and Comorbidities,Smoker,Smoking Status,sel,No,Condition,condition,smoker,Refactor,Terminology review
MAP-01287,HF,index (8).html,Additional admission,Past History and Comorbidities,Frail,Frail,sel,No,Registry metadata,form_response,value,Refactor,Domain review
MAP-01288,HF,index (8).html,Additional admission,Past History and Comorbidities,Frailty_Deficits,Deficits Present,num,No,Assessment,functional_assessment,frailty_deficits,Refactor,Clinical rule review
MAP-01289,HF,index (8).html,Additional admission,Past History and Comorbidities,Frailty_Items_Assessed,Items Assessed,num,No,Assessment,functional_assessment,frailty_items_assessed,Refactor,Clinical rule review
MAP-01290,HF,index (8).html,Additional admission,Past History and Comorbidities,Frailty_Index,Frailty Index (auto),text,No,Assessment,functional_assessment,frailty_index,Refactor,Clinical rule review
MAP-01291,HF,index (8).html,Additional admission,Past History and Comorbidities,Valve_Intervention,Valve Intervention,sel,No,Registry metadata,form_response,value,Refactor,Domain review
MAP-01292,HF,index (8).html,Additional admission,Past History and Comorbidities,Valve_Repair_Valves,Surgical Repair (valves),btnmulti,No,Diagnostic study,imaging_measurement,valve_repair_valves,Refactor,Imaging review
MAP-01293,HF,index (8).html,Additional admission,Past History and Comorbidities,Valve_Repair_Date,Surgical Repair Date,date,No,Registry metadata,form_response,value,Refactor,Domain review
MAP-01294,HF,index (8).html,Additional admission,Past History and Comorbidities,Valve_Replace_Valves,Surgical Replacement (valves),btnmulti,No,Diagnostic study,imaging_measurement,valve_replace_valves,Refactor,Imaging review
MAP-01295,HF,index (8).html,Additional admission,Past History and Comorbidities,Valve_Replace_Type,Prosthesis Type,sel,No,Module extension,form_response,valve_replace_type,Refactor,Domain review
MAP-01296,HF,index (8).html,Additional admission,Past History and Comorbidities,Valve_Replace_Date,Surgical Replacement Date,date,No,Registry metadata,form_response,value,Refactor,Domain review
MAP-01297,HF,index (8).html,Additional admission,Past History and Comorbidities,Valve_Percutaneous,Percutaneous Procedure,sel,No,Procedure,procedure,valve_percutaneous,Refactor,Procedure review
MAP-01298,HF,index (8).html,Additional admission,Past History and Comorbidities,Valve_MVClip,MV Clip,sel,No,Registry metadata,form_response,value,Refactor,Domain review
MAP-01299,HF,index (8).html,Additional admission,Past History and Comorbidities,Valve_MVClip_Date,MV Clip Date,date,No,Registry metadata,form_response,value,Refactor,Domain review
MAP-01300,HF,index (8).html,Additional admission,Past History and Comorbidities,Valve_TVClip,TV Clip,sel,No,Registry metadata,form_response,value,Refactor,Domain review
MAP-01301,HF,index (8).html,Additional admission,Past History and Comorbidities,Valve_TVClip_Date,TV Clip Date,date,No,Registry metadata,form_response,value,Refactor,Domain review
MAP-01302,HF,index (8).html,Additional admission,Past History and Comorbidities,Valve_TAVI,TAVI,sel,No,Procedure,procedure,valve_tavi,Refactor,Procedure review
MAP-01303,HF,index (8).html,Additional admission,Past History and Comorbidities,Valve_TAVI_Date,TAVI Date,date,No,Procedure,procedure,valve_tavi_date,Refactor,Procedure review
MAP-01304,HF,index (8).html,Additional admission,Past History and Comorbidities,Valve_Percutaneous_Other,Other Percutaneous Procedures,text,No,Procedure,procedure,valve_percutaneous_other,Refactor,Procedure review
MAP-01305,HF,index (8).html,Additional admission,Past History and Comorbidities,Thyroid_Dz,Thyroid Disease,sel,No,Registry metadata,form_response,value,Refactor,Domain review
MAP-01306,HF,index (8).html,Additional admission,Past History and Comorbidities,FH_Cardio,Family History (Cardio),sel,No,Condition,condition,fh_cardio,Refactor,Terminology review
MAP-01307,HF,index (8).html,Additional admission,Past History and Comorbidities,Genetics,Genetics,sel,No,Registry metadata,form_response,value,Refactor,Domain review
MAP-01308,HF,index (8).html,Additional admission,Past History and Comorbidities,Genetics_Type,Type of Gene,text,No,Module extension,form_response,genetics_type,Refactor,Domain review
MAP-01309,HF,index (8).html,Additional admission,Past History and Comorbidities,Comorbid_Others,Other Past History / Comorbidities,text,No,Condition,condition,comorbid_others,Refactor,Terminology review
MAP-01310,HF,index (8).html,Additional admission,In-Hospital Labs,Lab_HbA1c,HbA1c (%),text,No,Laboratory,lab_result,lab_hba1c,Refactor,Unit/code review
MAP-01311,HF,index (8).html,Additional admission,In-Hospital Labs,Lab_Gluc,Fasting Glucose (mmol/L),text,No,Laboratory,lab_result,lab_gluc,Refactor,Unit/code review
MAP-01312,HF,index (8).html,Additional admission,In-Hospital Labs,Lab_Urea,Urea Adm (mmol/L),text,No,Laboratory,lab_result,lab_urea,Refactor,Unit/code review
MAP-01313,HF,index (8).html,Additional admission,In-Hospital Labs,Lab_Creat,Creatinine Adm (µmol/L),text,No,Laboratory,lab_result,lab_creat,Refactor,Unit/code review
MAP-01314,HF,index (8).html,Additional admission,In-Hospital Labs,Lab_eGFR,eGFR Adm,text,No,Laboratory,lab_result,lab_egfr,Refactor,Unit/code review
MAP-01315,HF,index (8).html,Additional admission,In-Hospital Labs,Lab_Na,Na Adm (mmol/L),text,No,Registry metadata,form_response,value,Refactor,Domain review
MAP-01316,HF,index (8).html,Additional admission,In-Hospital Labs,Lab_K,K Adm (mmol/L),text,No,Registry metadata,form_response,value,Refactor,Domain review
MAP-01317,HF,index (8).html,Additional admission,In-Hospital Labs,Lab_Urea_Disch,Urea Disch (mmol/L),text,No,Laboratory,lab_result,lab_urea_disch,Refactor,Unit/code review
MAP-01318,HF,index (8).html,Additional admission,In-Hospital Labs,Lab_Creat_Disch,Creatinine Disch (µmol/L),text,No,Laboratory,lab_result,lab_creat_disch,Refactor,Unit/code review
MAP-01319,HF,index (8).html,Additional admission,In-Hospital Labs,Lab_eGFR_Disch,eGFR Disch,text,No,Laboratory,lab_result,lab_egfr_disch,Refactor,Unit/code review
MAP-01320,HF,index (8).html,Additional admission,In-Hospital Labs,Lab_Na_Disch,Na Disch (mmol/L),text,No,Registry metadata,form_response,value,Refactor,Domain review
MAP-01321,HF,index (8).html,Additional admission,In-Hospital Labs,Lab_K_Disch,K Disch (mmol/L),text,No,Registry metadata,form_response,value,Refactor,Domain review
MAP-01322,HF,index (8).html,Additional admission,In-Hospital Labs,Lab_BNP,NT-proBNP Adm (pg/mL),text,No,Laboratory,lab_result,lab_bnp,Refactor,Unit/code review
MAP-01323,HF,index (8).html,Additional admission,In-Hospital Labs,Lab_BNP_Disch,NT-proBNP Disch (pg/mL),text,No,Laboratory,lab_result,lab_bnp_disch,Refactor,Unit/code review
MAP-01324,HF,index (8).html,Additional admission,In-Hospital Labs,Lab_BNP_only,BNP Adm (pg/mL),text,No,Laboratory,lab_result,lab_bnp_only,Refactor,Unit/code review
MAP-01325,HF,index (8).html,Additional admission,In-Hospital Labs,Lab_BNP_only_Disch,BNP Disch (pg/mL),text,No,Laboratory,lab_result,lab_bnp_only_disch,Refactor,Unit/code review
MAP-01326,HF,index (8).html,Additional admission,In-Hospital Labs,Lab_Iron,Serum Iron (µmol/L),text,No,Laboratory,lab_result,lab_iron,Refactor,Unit/code review
MAP-01327,HF,index (8).html,Additional admission,In-Hospital Labs,Lab_Ferritin,Ferritin (µg/L),text,No,Laboratory,lab_result,lab_ferritin,Refactor,Unit/code review
MAP-01328,HF,index (8).html,Additional admission,In-Hospital Labs,Lab_TrSats,Transferrin Sat / TSAT (%),text,No,Episode,care_episode,lab_trsats,Refactor,Mapped shared core
MAP-01329,HF,index (8).html,Additional admission,In-Hospital Labs,Lab_Hb,Hb Adm (g/dL),text,No,Registry metadata,form_response,value,Refactor,Domain review
MAP-01330,HF,index (8).html,Additional admission,In-Hospital Labs,Lab_Hb_Disch,Hb Disch (g/dL),text,No,Registry metadata,form_response,value,Refactor,Domain review
MAP-01331,HF,index (8).html,Additional admission,In-Hospital Labs,Lab_WBC,WBC (×10⁹/L),text,No,Laboratory,lab_result,lab_wbc,Refactor,Unit/code review
MAP-01332,HF,index (8).html,Additional admission,In-Hospital Labs,Lab_Plt,Platelets (×10⁹/L),text,No,Laboratory,lab_result,lab_plt,Refactor,Unit/code review
MAP-01333,HF,index (8).html,Additional admission,In-Hospital Labs,Lab_TSH,TSH (mIU/L),text,No,Laboratory,lab_result,lab_tsh,Refactor,Unit/code review
MAP-01334,HF,index (8).html,Additional admission,In-Hospital Labs,Lab_FreeT4,Free T4 (pmol/L),text,No,Laboratory,lab_result,lab_freet4,Refactor,Unit/code review
MAP-01335,HF,index (8).html,Additional admission,In-Hospital Labs,Lab_TotalChol,Total Cholesterol (mmol/L),text,No,Laboratory,lab_result,lab_totalchol,Refactor,Unit/code review
MAP-01336,HF,index (8).html,Additional admission,In-Hospital Labs,Lab_LDL,LDL (mmol/L),text,No,Laboratory,lab_result,lab_ldl,Refactor,Unit/code review
MAP-01337,HF,index (8).html,Additional admission,In-Hospital Labs,Lab_HDL,HDL (mmol/L),text,No,Laboratory,lab_result,lab_hdl,Refactor,Unit/code review
MAP-01338,HF,index (8).html,Additional admission,In-Hospital Labs,Lab_TG,Triglycerides (mmol/L),text,No,Laboratory,lab_result,lab_tg,Refactor,Unit/code review
MAP-01339,HF,index (8).html,Additional admission,In-Hospital Labs,Lab_AlbCreat,Albumin/Creatinine Ratio (mg/g),text,No,Laboratory,lab_result,lab_albcreat,Refactor,Unit/code review
MAP-01340,HF,index (8).html,Additional admission,In-Hospital Labs,Lab_Others,Other Labs,text,No,Module extension,form_response,lab_others,Refactor,Domain review
MAP-01341,HF,index (8).html,Additional admission,In-Hospital Management & Medications,Cardioversion,Cardioversion,sel,No,Procedure,procedure,cardioversion,Refactor,Procedure review
MAP-01342,HF,index (8).html,Additional admission,In-Hospital Management & Medications,Cardioversion_Type,Cardioversion Type,sel,No,Procedure,procedure,cardioversion_type,Refactor,Procedure review
MAP-01343,HF,index (8).html,Additional admission,In-Hospital Management & Medications,Cardioversion_Notes,Cardioversion Notes,text,No,Procedure,procedure,cardioversion_notes,Refactor,Procedure review
MAP-01344,HF,index (8).html,Additional admission,In-Hospital Management & Medications,Inotropes_Used,Inotropes Used?,sel,No,Registry metadata,form_response,value,Refactor,Domain review
MAP-01345,HF,index (8).html,Additional admission,In-Hospital Management & Medications,Inotropes_Selected,Inotrope(s),btnmulti,No,Registry metadata,form_response,value,Refactor,Domain review
MAP-01346,HF,index (8).html,Additional admission,In-Hospital Management & Medications,Hemo_Support,Haemodynamic Support?,sel,No,Registry metadata,form_response,value,Refactor,Domain review
MAP-01347,HF,index (8).html,Additional admission,In-Hospital Management & Medications,Hemo_Support_Type,MCS Type(s),btnmulti,No,Module extension,form_response,hemo_support_type,Refactor,Domain review
MAP-01348,HF,index (8).html,Additional admission,In-Hospital Management & Medications,_fullMedicationEditor,Full Medication Editor,fullmeds,No,Medication,medication_statement,fullmedicationeditor,Refactor,Medication review
MAP-01349,HF,index (8).html,Additional admission,In-Hospital Management & Medications,Med_Others,Other Medications,text,No,Medication,medication_statement,med_others,Refactor,Medication review
MAP-01350,HF,index (8).html,Additional admission,In-Hospital Management & Medications,Med_Changes,Medication / GDMT Notes,area,No,Medication,medication_statement,med_changes,Refactor,Medication review
MAP-01351,HF,index (8).html,Additional admission,In-Hospital Complications,Complications,Complications,btnmulti,No,Safety event,complication,complications,Refactor,Endpoint review
MAP-01352,HF,index (8).html,Additional admission,In-Hospital Complications,Bleeding_Transfusion,Blood Transfusion Given?,sel,No,Safety event,complication,bleeding_transfusion,Refactor,Endpoint review
MAP-01353,HF,index (8).html,Additional admission,In-Hospital Complications,Bleeding_Units,Units Transfused,num,No,Safety event,complication,bleeding_units,Refactor,Endpoint review
MAP-01354,HF,index (8).html,Additional admission,In-Hospital Complications,Bleeding_Source,Source of Bleeding,sel,No,Safety event,complication,bleeding_source,Refactor,Endpoint review
MAP-01355,HF,index (8).html,Additional admission,In-Hospital Complications,Bleeding_Site,Bleeding Source Details / Notes,text,No,Safety event,complication,bleeding_site,Refactor,Endpoint review
MAP-01356,HF,index (8).html,Additional admission,In-Hospital Complications,Complications_Other,Other Complications / Notes,text,No,Safety event,complication,complications_other,Refactor,Endpoint review
MAP-01357,HF,index (8).html,Additional admission,Outcomes & Management,Quad_GDMT,Quadruple GDMT?,sel,No,Registry metadata,form_response,value,Refactor,Domain review
MAP-01358,HF,index (8).html,Additional admission,Outcomes & Management,Max_GDMT,On Maximum GDMT Doses?,sel,No,Medication,medication_statement,max_gdmt,Refactor,Medication review
MAP-01359,HF,index (8).html,Additional admission,Outcomes & Management,Recovered_LV,Recovered LV?,sel,No,Registry metadata,form_response,value,Refactor,Domain review
MAP-01360,HF,index (8).html,Additional admission,Outcomes & Management,Recovered_LV_Type,Recovery Type,sel,No,Module extension,form_response,recovered_lv_type,Refactor,Domain review
MAP-01361,HF,index (8).html,Additional admission,Outcomes & Management,Mortality,Mortality,sel,No,Outcome,clinical_event,mortality,Refactor,Endpoint review
MAP-01362,HF,index (8).html,Additional admission,Outcomes & Management,LostFU,Lost to Follow-up,sel,No,Follow-up,followup_task,lostfu,Refactor,Protocol review
MAP-01363,HF,index (8).html,Additional admission,Outcomes & Management,LostFU_Reason,LTFU Reason,sel,No,Follow-up,followup_task,lostfu_reason,Refactor,Protocol review
MAP-01364,HF,index (8).html,Additional admission,Outcomes & Management,LostFU_Other,Specify (Others),text,No,Follow-up,followup_task,lostfu_other,Refactor,Protocol review
MAP-01365,HF,index (8).html,Additional admission,Outcomes & Management,Discharge_Home,Discharged Home,sel,No,Registry metadata,form_response,value,Refactor,Domain review
MAP-01366,HF,index (8).html,Additional admission,Outcomes & Management,Transfer_Other,Transferred to Other Hospital,sel,No,Episode,care_episode,transfer_other,Refactor,Mapped shared core
MAP-01367,HF,index (8).html,Additional admission,Outcomes & Management,Transfer_Hospital_Name,Receiving Hospital,text,No,Episode,care_episode,transfer_hospital_name,Refactor,Mapped shared core
MAP-01368,HF,index (8).html,Additional admission,Outcomes & Management,Discharge_Other,Other Discharge Destination / Details,text,No,Module extension,form_response,discharge_other,Refactor,Domain review
MAP-01369,HF,index (8).html,Additional admission,Outcomes & Management,Discharge_Status,Status on Discharge,sel,No,Registry metadata,form_response,value,Refactor,Domain review
MAP-01370,HF,index (8).html,Additional admission,Outcomes & Management,Discharge_OPD_Appt,OPD Appointment on Discharge,date,No,Follow-up,followup_task,discharge_opd_appt,Refactor,Protocol review
MAP-01371,HF,index (8).html,Additional admission,Outcomes & Management,Advanced_HF_Outcome,Advanced HF?,sel,No,Registry metadata,form_response,value,Refactor,Domain review
MAP-01372,HF,index (8).html,Additional admission,Outcomes & Management,Strong_HF,Strong HF eligible?,sel,No,Registry metadata,form_response,value,Refactor,Domain review
MAP-01373,HF,index (8).html,Additional admission,Outcomes & Management,Adv_HF_Therapy,Advanced HF Therapy?,sel,No,Registry metadata,form_response,value,Refactor,Domain review
MAP-01374,HF,index (8).html,Additional admission,Outcomes & Management,Adv_HF_Therapy_Type,Therapy Type,btnmulti,No,Module extension,form_response,adv_hf_therapy_type,Refactor,Domain review
MAP-01375,HF,index (8).html,Additional admission,Outcomes & Management,Referral,Referral(s),btnmulti,No,Registry metadata,form_response,value,Refactor,Domain review
MAP-01376,HF,index (8).html,Additional admission,Outcomes & Management,Referral_Other,Specify Other Referral(s),text,No,Module extension,form_response,referral_other,Refactor,Domain review
MAP-01377,HF,index (8).html,Additional admission,Outcomes & Management,Notes,Management Plan / Notes,area,No,Module extension,form_response,notes,Refactor,Domain review
MAP-01378,CAD,index (9).html,Identification,1.1 Patient Name (Initials),Name_First,First,initial,No,Identity,patient,name,Refactor,Identity review
MAP-01379,CAD,index (9).html,Identification,1.1 Patient Name (Initials),Name_Middle,Middle,initial,No,Identity,patient,name,Refactor,Identity review
MAP-01380,CAD,index (9).html,Identification,1.1 Patient Name (Initials),Name_Last,Last,initial,No,Identity,patient,name,Refactor,Identity review
MAP-01381,CAD,index (9).html,Identification,Identifiers,Civil_ID_Optional,1.2 Civil ID (optional),text,No,Identity,patient_identifier,identifier_value,Refactor,Identity review
MAP-01382,CAD,index (9).html,Identification,Identifiers,CRF_Number,1.3 CRF Number,text,No,Identity,registry_identifier,identifier_value,Refactor,Identity review
MAP-01383,CAD,index (9).html,Identification,Identifiers,Sex,1.4 Gender,select,Yes,Demographics,patient,sex,Reuse,Mapped shared core
MAP-01384,CAD,index (9).html,Identification,Identifiers,Nationality,1.5 Nationality,select,No,Demographics,patient,nationality,Reuse,Mapped shared core
MAP-01385,CAD,index (9).html,Identification,Identifiers,Year_of_Birth,1.6 Year of Birth,text,No,Demographics,patient,year_of_birth,Reuse,Mapped shared core
MAP-01386,CAD,index (9).html,Identification,Identifiers,Age,1.6a Est. Age (yrs),num,No,Demographics,patient,age,Reuse,Mapped shared core
MAP-01387,CAD,index (9).html,Identification,Identifiers,Index_Admission_Date,1.7 Hospital Admission Date,date,Yes,Episode,care_episode,index_admission_date,Refactor,Mapped shared core
MAP-01388,CAD,index (9).html,Identification,Identifiers,Patient_Contact,1.8 Patient Contact,tel,No,Contact,patient_contact,patient_contact,Refactor,Privacy review
MAP-01389,CAD,index (9).html,Identification,Identifiers,Relative_Contact,1.9 Relative Contact (optional),tel,No,Contact,patient_contact,relative_contact,Refactor,Privacy review
MAP-01390,CAD,index (9).html,CA Reason,2. Reason for Coronary Angiography / Cath Lab,CA_Reason,Patient is coming to the cath lab because of,select,Yes,Module extension,form_response,ca_reason,Refactor,Domain review
MAP-01391,CAD,index (9).html,CA Reason,3. Hospital Admission,Patient_Origin,3.1 Patient Origin,select,No,Episode,care_episode,patient_origin,Refactor,Mapped shared core
MAP-01392,CAD,index (9).html,History & Presentation,Clinical Presentation,Presentation_Type,Presentation Type,select,No,Module extension,form_response,presentation_type,Refactor,Domain review
MAP-01393,CAD,index (9).html,History & Presentation,Clinical Presentation,Killip_Class,Killip Class,select,No,Assessment,functional_assessment,killip_class,Refactor,Clinical rule review
MAP-01394,CAD,index (9).html,History & Presentation,Clinical Presentation,Chest_Pain_CCS_Class,Chest Pain (CCS class),select,No,Assessment,functional_assessment,chest_pain_ccs_class,Refactor,Clinical rule review
MAP-01395,CAD,index (9).html,History & Presentation,Clinical Presentation,Dyspnea_NYHA_Class,Dyspnea (NYHA class),select,No,Assessment,functional_assessment,dyspnea_nyha_class,Refactor,Clinical rule review
MAP-01396,CAD,index (9).html,History & Presentation,Clinical Presentation,Cardiogenic_Shock_SCAI,Cardiogenic Shock (SCAI stage),select,No,Safety event,complication,cardiogenic_shock_scai,Refactor,Endpoint review
MAP-01397,CAD,index (9).html,History & Presentation,Clinical Presentation,Presenting_Symptom_Syncope,Presenting Symptom Syncope,ynbtn,No,Registry metadata,form_response,value,Refactor,Domain review
MAP-01398,CAD,index (9).html,History & Presentation,Clinical Presentation,Cardiac_Arrest,Cardiac Arrest,ynbtn,No,Safety event,complication,cardiac_arrest,Refactor,Endpoint review
MAP-01399,CAD,index (9).html,History & Presentation,Vital Signs on Presentation,Systolic_BP,Systolic BP (mmHg),numu,No,Observation,observation,systolic_bp,Refactor,Unit/code review
MAP-01400,CAD,index (9).html,History & Presentation,Vital Signs on Presentation,Diastolic_BP,Diastolic BP (mmHg),numu,No,Observation,observation,diastolic_bp,Refactor,Unit/code review
MAP-01401,CAD,index (9).html,History & Presentation,Vital Signs on Presentation,Presenting_HR,Presenting HR (/min),numu,No,Registry metadata,form_response,value,Refactor,Domain review
MAP-01402,CAD,index (9).html,History & Presentation,Vital Signs on Presentation,Weight_kg,Weight (kg),numu,No,Observation,observation,weight_kg,Refactor,Unit/code review
MAP-01403,CAD,index (9).html,History & Presentation,Vital Signs on Presentation,Height_cm,Height (cm),numu,No,Observation,observation,height_cm,Refactor,Unit/code review
MAP-01404,CAD,index (9).html,History & Presentation,Vital Signs on Presentation,BMI,BMI,num,No,Observation,observation,bmi,Refactor,Unit/code review
MAP-01405,CAD,index (9).html,History & Presentation,Cardiovascular Risk Factors,Smoking_Status,Smoking Status,select,No,Condition,condition,smoking_status,Refactor,Terminology review
MAP-01406,CAD,index (9).html,History & Presentation,Cardiovascular Risk Factors,Diabetes,Diabetes,ynbtn,No,Condition,condition,diabetes,Refactor,Terminology review
MAP-01407,CAD,index (9).html,History & Presentation,Cardiovascular Risk Factors,Hypertension,Hypertension,ynbtn,No,Condition,condition,hypertension,Refactor,Terminology review
MAP-01408,CAD,index (9).html,History & Presentation,Cardiovascular Risk Factors,Dyslipidemia,Dyslipidemia,ynbtn,No,Condition,condition,dyslipidemia,Refactor,Terminology review
MAP-01409,CAD,index (9).html,History & Presentation,Cardiovascular Risk Factors,Family_History_CAD,Family History CAD,ynbtn,No,Condition,condition,family_history_cad,Refactor,Terminology review
MAP-01410,CAD,index (9).html,History & Presentation,Cardiovascular Risk Factors,Chronic_Kidney_Disease,Chronic Kidney Disease,ynbtn,No,Registry metadata,form_response,value,Refactor,Domain review
MAP-01411,CAD,index (9).html,History & Presentation,Cardiovascular Risk Factors,Dialysis_Dependent,Dialysis dependent?,ynbtn,No,Condition,condition,dialysis_dependent,Refactor,Terminology review
MAP-01412,CAD,index (9).html,History & Presentation,Coronary Disease & Prior Revascularization,Coronary_Artery_Disease,Coronary Artery Disease,ynbtn,No,Registry metadata,form_response,value,Refactor,Domain review
MAP-01413,CAD,index (9).html,History & Presentation,Coronary Disease & Prior Revascularization,Myocardial_Infarction,Myocardial Infarction,ynbtn,No,Outcome,clinical_event,myocardial_infarction,Refactor,Endpoint review
MAP-01414,CAD,index (9).html,History & Presentation,Coronary Disease & Prior Revascularization,Prior_PCI,Prior PCI,ynbtn,No,Procedure,procedure,prior_pci,Refactor,Procedure review
MAP-01415,CAD,index (9).html,History & Presentation,Coronary Disease & Prior Revascularization,PCI_Within_6_Months,PCI within last 6 months,ynbtn,No,Procedure,procedure,pci_within_6_months,Refactor,Procedure review
MAP-01416,CAD,index (9).html,History & Presentation,Coronary Disease & Prior Revascularization,Prior_CABG,Prior CABG,ynbtn,No,Procedure,procedure,prior_cabg,Refactor,Procedure review
MAP-01417,CAD,index (9).html,History & Presentation,Coronary Disease & Prior Revascularization,CABG_Within_6_Months,CABG within last 6 months,ynbtn,No,Procedure,procedure,cabg_within_6_months,Refactor,Procedure review
MAP-01418,CAD,index (9).html,History & Presentation,Coronary Disease & Prior Revascularization,Prior_Coronary_Angiography,Prior Coronary Angiography,ynbtn,No,Procedure,procedure,prior_coronary_angiography,Refactor,Procedure review
MAP-01419,CAD,index (9).html,History & Presentation,Coronary Disease & Prior Revascularization,CA_Within_6_Months,Angiography within last 6 months,ynbtn,No,Procedure,procedure,ca_within_6_months,Refactor,Procedure review
MAP-01420,CAD,index (9).html,History & Presentation,Coronary Disease & Prior Revascularization,CA_After_Cardiac_Arrest,After most recent cardiac arrest,ynbtn,No,Safety event,complication,ca_after_cardiac_arrest,Refactor,Endpoint review
MAP-01421,CAD,index (9).html,History & Presentation,Cardiomyopathy & Heart Failure,Ischemic_Cardiomyopathy,Ischemic Cardiomyopathy,ynbtn,No,Condition,condition,ischemic_cardiomyopathy,Refactor,Terminology review
MAP-01422,CAD,index (9).html,History & Presentation,Cardiomyopathy & Heart Failure,Cardiomyopathy_Timeframe,Timeframe,select,No,Condition,condition,cardiomyopathy_timeframe,Refactor,Terminology review
MAP-01423,CAD,index (9).html,History & Presentation,Cardiomyopathy & Heart Failure,GDMT_Max_Dose,GDMT max dose,select,No,Medication,medication_statement,gdmt_max_dose,Refactor,Medication review
MAP-01424,CAD,index (9).html,History & Presentation,Cardiomyopathy & Heart Failure,Heart_Failure,Heart Failure,ynbtn,No,Condition,condition,heart_failure,Refactor,Terminology review
MAP-01425,CAD,index (9).html,History & Presentation,Cardiomyopathy & Heart Failure,HF_Type,HF phenotype,select,No,Condition,condition,hf_type,Refactor,Terminology review
MAP-01426,CAD,index (9).html,History & Presentation,Other Comorbidities,Valvular_Heart_Disease,Valvular Heart Disease,ynbtn,No,Condition,condition,valvular_heart_disease,Refactor,Terminology review
MAP-01427,CAD,index (9).html,History & Presentation,Other Comorbidities,Cerebrovascular_Disease,Cerebrovascular Disease,ynbtn,No,Condition,condition,cerebrovascular_disease,Refactor,Terminology review
MAP-01428,CAD,index (9).html,History & Presentation,Other Comorbidities,Chronic_Lung_Disease,Chronic Lung Disease / COPD,ynbtn,No,Condition,condition,chronic_lung_disease,Refactor,Terminology review
MAP-01429,CAD,index (9).html,History & Presentation,Other Comorbidities,Peripheral_Artery_Disease,Peripheral Artery Disease,ynbtn,No,Registry metadata,form_response,value,Refactor,Domain review
MAP-01430,CAD,index (9).html,History & Presentation,Other Comorbidities,Prior_Stroke_TIA,Prior Stroke / TIA,ynbtn,No,Outcome,clinical_event,prior_stroke_tia,Refactor,Endpoint review
MAP-01431,CAD,index (9).html,History & Presentation,Other Comorbidities,Prior_Major_Bleeding,Prior Major Bleeding,ynbtn,No,Safety event,complication,prior_major_bleeding,Refactor,Endpoint review
MAP-01432,CAD,index (9).html,History & Presentation,Other Comorbidities,Contrast_Allergy,Contrast Allergy,ynbtn,No,Registry metadata,form_response,value,Refactor,Domain review
MAP-01433,CAD,index (9).html,History & Presentation,Other Comorbidities,Familial_Syndrome,Familial Syndrome,ynbtn,No,Registry metadata,form_response,value,Refactor,Domain review
MAP-01434,CAD,index (9).html,History & Presentation,Other Comorbidities,Frailty,Frailty (CFS category),select,No,Assessment,functional_assessment,frailty,Refactor,Clinical rule review
MAP-01435,CAD,index (9).html,History & Presentation,Arrhythmia & Other Cardiac History,Atrial_Fibrillation,Atrial Fibrillation,ynbtn,No,Condition,condition,atrial_fibrillation,Refactor,Terminology review
MAP-01436,CAD,index (9).html,History & Presentation,Arrhythmia & Other Cardiac History,Prior_Cardiac_Arrest,Prior Cardiac Arrest,ynbtn,No,Safety event,complication,prior_cardiac_arrest,Refactor,Endpoint review
MAP-01437,CAD,index (9).html,History & Presentation,Arrhythmia & Other Cardiac History,Paroxysmal_SVT,Paroxysmal SVT,ynbtn,No,Registry metadata,form_response,value,Refactor,Domain review
MAP-01438,CAD,index (9).html,History & Presentation,Arrhythmia & Other Cardiac History,Ventricular_Fibrillation,Ventricular Fibrillation,ynbtn,No,Registry metadata,form_response,value,Refactor,Domain review
MAP-01439,CAD,index (9).html,History & Presentation,Arrhythmia & Other Cardiac History,Ventricular_Tachycardia,Ventricular Tachycardia,ynbtn,No,Registry metadata,form_response,value,Refactor,Domain review
MAP-01440,CAD,index (9).html,History & Presentation,Arrhythmia & Other Cardiac History,Syndromes_Of_Sudden_Death,Syndromes of Sudden Death,ynbtn,No,Outcome,clinical_event,syndromes_of_sudden_death,Refactor,Endpoint review
MAP-01441,CAD,index (9).html,History & Presentation,Arrhythmia & Other Cardiac History,Structural_Abnormalities,Structural Abnormalities,ynbtn,No,Registry metadata,form_response,value,Refactor,Domain review
MAP-01442,CAD,index (9).html,History & Presentation,Arrhythmia & Other Cardiac History,Syncope,Syncope,ynbtn,No,Registry metadata,form_response,value,Refactor,Domain review
MAP-01443,CAD,index (9).html,History & Presentation,Arrhythmia & Other Cardiac History,Prior_CIED,Prior CIED,ynbtn,No,Procedure,procedure,prior_cied,Refactor,Procedure review
MAP-01444,CAD,index (9).html,History & Presentation,Valve Procedures,Aortic_Valve_Procedure,Aortic Valve Procedure,ynbtn,No,Procedure,procedure,aortic_valve_procedure,Refactor,Procedure review
MAP-01445,CAD,index (9).html,History & Presentation,Valve Procedures,AV_Procedure_Type,Aortic procedure type,select,No,Procedure,procedure,av_procedure_type,Refactor,Procedure review
MAP-01446,CAD,index (9).html,History & Presentation,Valve Procedures,AV_Within_6_Months,Aortic — within last 6 months,ynbtn,No,Registry metadata,form_response,value,Refactor,Domain review
MAP-01447,CAD,index (9).html,History & Presentation,Valve Procedures,Mitral_Valve_Procedure,Mitral Valve Procedure,ynbtn,No,Procedure,procedure,mitral_valve_procedure,Refactor,Procedure review
MAP-01448,CAD,index (9).html,History & Presentation,Valve Procedures,MV_Procedure_Type,Mitral procedure type,select,No,Procedure,procedure,mv_procedure_type,Refactor,Procedure review
MAP-01449,CAD,index (9).html,History & Presentation,Valve Procedures,MV_Within_6_Months,Mitral — within last 6 months,ynbtn,No,Registry metadata,form_response,value,Refactor,Domain review
MAP-01450,CAD,index (9).html,Home Meds,Antiplatelets,Aspirin,Aspirin,ynbtn,No,Medication,medication_statement,aspirin,Refactor,Medication review
MAP-01451,CAD,index (9).html,Home Meds,Antiplatelets,Clopidogrel,Clopidogrel,ynbtn,No,Medication,medication_statement,clopidogrel,Refactor,Medication review
MAP-01452,CAD,index (9).html,Home Meds,Antiplatelets,Prasugrel,Prasugrel,ynbtn,No,Medication,medication_statement,prasugrel,Refactor,Medication review
MAP-01453,CAD,index (9).html,Home Meds,Antiplatelets,Ticagrelor,Ticagrelor,ynbtn,No,Medication,medication_statement,ticagrelor,Refactor,Medication review
MAP-01454,CAD,index (9).html,Home Meds,Oral Anticoagulants,Warfarin,Warfarin,ynbtn,No,Medication,medication_statement,warfarin,Refactor,Medication review
MAP-01455,CAD,index (9).html,Home Meds,Oral Anticoagulants,Dabigatran,Dabigatran,ynbtn,No,Medication,medication_statement,dabigatran,Refactor,Medication review
MAP-01456,CAD,index (9).html,Home Meds,Oral Anticoagulants,Apixaban,Apixaban,ynbtn,No,Medication,medication_statement,apixaban,Refactor,Medication review
MAP-01457,CAD,index (9).html,Home Meds,Oral Anticoagulants,Rivaroxaban,Rivaroxaban,ynbtn,No,Medication,medication_statement,rivaroxaban,Refactor,Medication review
MAP-01458,CAD,index (9).html,Home Meds,Oral Anticoagulants,Edoxaban,Edoxaban,ynbtn,No,Medication,medication_statement,edoxaban,Refactor,Medication review
MAP-01459,CAD,index (9).html,Home Meds,Oral Anticoagulants,LMWH,LMWH,ynbtn,No,Medication,medication_statement,lmwh,Refactor,Medication review
MAP-01460,CAD,index (9).html,Home Meds,Lipid-Lowering,Statin,Statin intensity,select,No,Medication,medication_statement,statin,Refactor,Medication review
MAP-01461,CAD,index (9).html,Home Meds,Lipid-Lowering,Ezetimibe,Ezetimibe,ynbtn,No,Medication,medication_statement,ezetimibe,Refactor,Medication review
MAP-01462,CAD,index (9).html,Home Meds,Lipid-Lowering,PCSK9i,PCSK9 Inhibitor,ynbtn,No,Medication,medication_statement,pcsk9i,Refactor,Medication review
MAP-01463,CAD,index (9).html,Home Meds,Lipid-Lowering,Icosapent_Ethyl_Omega3,Icosapent Ethyl (Omega-3),ynbtn,No,Condition,condition,icosapent_ethyl_omega3,Refactor,Terminology review
MAP-01464,CAD,index (9).html,Home Meds,Lipid-Lowering,Fibrates,Fibrates,ynbtn,No,Registry metadata,form_response,value,Refactor,Domain review
MAP-01465,CAD,index (9).html,Home Meds,Beta-Blocker & Renin-Angiotensin,Beta_Blockers,Beta-Blocker,ynbtn,No,Medication,medication_statement,beta_blockers,Refactor,Medication review
MAP-01466,CAD,index (9).html,Home Meds,Beta-Blocker & Renin-Angiotensin,ACE_I,ACE Inhibitor,ynbtn,No,Medication,medication_statement,ace_i,Refactor,Medication review
MAP-01467,CAD,index (9).html,Home Meds,Beta-Blocker & Renin-Angiotensin,ARB,ARB,ynbtn,No,Medication,medication_statement,arb,Refactor,Medication review
MAP-01468,CAD,index (9).html,Home Meds,Beta-Blocker & Renin-Angiotensin,ARNI,ARNI,ynbtn,No,Medication,medication_statement,arni,Refactor,Medication review
MAP-01469,CAD,index (9).html,Home Meds,Beta-Blocker & Renin-Angiotensin,MRA,MRA,ynbtn,No,Medication,medication_statement,mra,Refactor,Medication review
MAP-01470,CAD,index (9).html,Home Meds,Heart-Failure / Other Neurohormonal,SGLT_Inhibitor,SGLT2 Inhibitor,ynbtn,No,Medication,medication_statement,sglt_inhibitor,Refactor,Medication review
MAP-01471,CAD,index (9).html,Home Meds,Heart-Failure / Other Neurohormonal,Ivabradine,Ivabradine,ynbtn,No,Medication,medication_statement,ivabradine,Refactor,Medication review
MAP-01472,CAD,index (9).html,Home Meds,Heart-Failure / Other Neurohormonal,Digoxin,Digoxin,ynbtn,No,Medication,medication_statement,digoxin,Refactor,Medication review
MAP-01473,CAD,index (9).html,Home Meds,Heart-Failure / Other Neurohormonal,Loop_Diuretics,Loop Diuretic,ynbtn,No,Medication,medication_statement,loop_diuretics,Refactor,Medication review
MAP-01474,CAD,index (9).html,Home Meds,Heart-Failure / Other Neurohormonal,Hydralazine_Nitrate,Hydralazine / Nitrates,ynbtn,No,Registry metadata,form_response,value,Refactor,Domain review
MAP-01475,CAD,index (9).html,Home Meds,Rate Control / Calcium-Channel Blockers,Verapamil,Verapamil,ynbtn,No,Registry metadata,form_response,value,Refactor,Domain review
MAP-01476,CAD,index (9).html,Home Meds,Rate Control / Calcium-Channel Blockers,Diltiazem,Diltiazem,ynbtn,No,Outcome,clinical_event,diltiazem,Refactor,Endpoint review
MAP-01477,CAD,index (9).html,Home Meds,Antiarrhythmics,Amiodarone,Amiodarone,ynbtn,No,Medication,medication_statement,amiodarone,Refactor,Medication review
MAP-01478,CAD,index (9).html,Home Meds,Antiarrhythmics,Flecainide,Flecainide,ynbtn,No,Medication,medication_statement,flecainide,Refactor,Medication review
MAP-01479,CAD,index (9).html,Home Meds,Antiarrhythmics,Sotalol,Sotalol,ynbtn,No,Medication,medication_statement,sotalol,Refactor,Medication review
MAP-01480,CAD,index (9).html,Home Meds,Antiarrhythmics,Procainamide,Procainamide,ynbtn,No,Registry metadata,form_response,value,Refactor,Domain review
MAP-01481,CAD,index (9).html,Home Meds,Antidiabetic,Insulin,Insulin,ynbtn,No,Registry metadata,form_response,value,Refactor,Domain review
MAP-01482,CAD,index (9).html,Home Meds,Antidiabetic,Oral_Hypoglycemic,Oral Hypoglycemic,ynbtn,No,Registry metadata,form_response,value,Refactor,Domain review
MAP-01483,CAD,index (9).html,Home Meds,Antidiabetic,GLP1_RA,GLP-1 RA,ynbtn,No,Registry metadata,form_response,value,Refactor,Domain review
MAP-01484,CAD,index (9).html,Home Meds,Anti-anginal & Other,Ranolazine,Ranolazine,ynbtn,No,Registry metadata,form_response,value,Refactor,Domain review
MAP-01485,CAD,index (9).html,Home Meds,Anti-anginal & Other,Trimetazidine,Trimetazidine,ynbtn,No,Registry metadata,form_response,value,Refactor,Domain review
MAP-01486,CAD,index (9).html,Home Meds,Anti-anginal & Other,Nicorandil,Nicorandil,ynbtn,No,Registry metadata,form_response,value,Refactor,Domain review
MAP-01487,CAD,index (9).html,Home Meds,Anti-anginal & Other,Colchicine,Colchicine,ynbtn,No,Registry metadata,form_response,value,Refactor,Domain review
MAP-01488,CAD,index (9).html,Home Meds,Anti-anginal & Other,PPI,PPI,ynbtn,No,Registry metadata,form_response,value,Refactor,Domain review
MAP-01489,CAD,index (9).html,Investigations,ECG Findings,ECG_Performed,ECG performed?,ynbtn,No,Diagnostic study,imaging_study,ecg_performed,Refactor,Imaging review
MAP-01490,CAD,index (9).html,Investigations,ECG Findings,ECG_Time,ECG date & time,dt24,No,Diagnostic study,imaging_study,ecg_time,Refactor,Imaging review
MAP-01491,CAD,index (9).html,Investigations,ECG Findings,ECG_Rhythm,ECG Rhythm,select,No,Diagnostic study,imaging_study,ecg_rhythm,Refactor,Imaging review
MAP-01492,CAD,index (9).html,Investigations,ECG Findings,ST_Elevation,ST Elevation,ynbtn,No,Registry metadata,form_response,value,Refactor,Domain review
MAP-01493,CAD,index (9).html,Investigations,ECG Findings,ST_Elevation_Leads,ST Elevation Leads,text,No,Procedure,device_lead_or_interrogation,st_elevation_leads,Refactor,Procedure review
MAP-01494,CAD,index (9).html,Investigations,ECG Findings,ST_Depression,ST Depression,ynbtn,No,Registry metadata,form_response,value,Refactor,Domain review
MAP-01495,CAD,index (9).html,Investigations,ECG Findings,T_Wave_Inversion,T Wave Inversion,ynbtn,No,Registry metadata,form_response,value,Refactor,Domain review
MAP-01496,CAD,index (9).html,Investigations,ECG Findings,Pathologic_Q_Waves,Pathologic Q Waves,ynbtn,No,Registry metadata,form_response,value,Refactor,Domain review
MAP-01497,CAD,index (9).html,Investigations,ECG Findings,New_LBBB,New LBBB,ynbtn,No,Registry metadata,form_response,value,Refactor,Domain review
MAP-01498,CAD,index (9).html,Investigations,ECG Findings,Posterior_MI_Suspected,Posterior MI Suspected,ynbtn,No,Outcome,clinical_event,posterior_mi_suspected,Refactor,Endpoint review
MAP-01499,CAD,index (9).html,Investigations,ECG Findings,STEMI_Territory,STEMI territory (ECG),select,No,Diagnostic study,imaging_study,stemi_territory,Refactor,Imaging review
MAP-01500,CAD,index (9).html,Investigations,ECG Findings,ECG_Notes,ECG Notes,textarea,No,Diagnostic study,imaging_study,ecg_notes,Refactor,Imaging review
MAP-01501,CAD,index (9).html,Investigations,Echocardiography — LV Function,Echo_Performed,Echo performed?,ynbtn,No,Diagnostic study,imaging_study,echo_performed,Refactor,Imaging review
MAP-01502,CAD,index (9).html,Investigations,Echocardiography — LV Function,Echo_Date,Echo Date,date,No,Diagnostic study,imaging_study,echo_date,Refactor,Imaging review
MAP-01503,CAD,index (9).html,Investigations,Echocardiography — LV Function,LVEF,LVEF (%),num,No,Diagnostic study,imaging_measurement,lvef,Refactor,Imaging review
MAP-01504,CAD,index (9).html,Investigations,Echocardiography — LV Function,Regional_Wall_Motion_Abnormality,Regional Wall Motion Abnormality,ynbtn,No,Diagnostic study,imaging_measurement,regional_wall_motion_abnormality,Refactor,Imaging review
MAP-01505,CAD,index (9).html,Investigations,Echocardiography — LV Function,Diastolic_Dysfunction,Diastolic Dysfunction,select,No,Observation,observation,diastolic_dysfunction,Refactor,Unit/code review
MAP-01506,CAD,index (9).html,Investigations,Echocardiography — LV Function,LVH,LVH,ynbtn,No,Registry metadata,form_response,value,Refactor,Domain review
MAP-01507,CAD,index (9).html,Investigations,"Echocardiography — Chambers, Valves & Pericardium",LA_Size,LA Size,select,No,Registry metadata,form_response,value,Refactor,Domain review
MAP-01508,CAD,index (9).html,Investigations,"Echocardiography — Chambers, Valves & Pericardium",RV_Function,RV Function,select,No,Registry metadata,form_response,value,Refactor,Domain review
MAP-01509,CAD,index (9).html,Investigations,"Echocardiography — Chambers, Valves & Pericardium",Pulmonary_Pressure,Pulmonary Pressure (mmHg),num,No,Registry metadata,form_response,value,Refactor,Domain review
MAP-01510,CAD,index (9).html,Investigations,"Echocardiography — Chambers, Valves & Pericardium",Valvular_Disease,Valvular Disease,select,No,Diagnostic study,imaging_study,valvular_disease,Refactor,Imaging review
MAP-01511,CAD,index (9).html,Investigations,"Echocardiography — Chambers, Valves & Pericardium",Pericardial_Effusion,Pericardial Effusion,ynbtn,No,Safety event,complication,pericardial_effusion,Refactor,Endpoint review
MAP-01512,CAD,index (9).html,Investigations,"Echocardiography — Chambers, Valves & Pericardium",Echo_Notes,Echo Notes,textarea,No,Diagnostic study,imaging_study,echo_notes,Refactor,Imaging review
MAP-01513,CAD,index (9).html,Investigations,Other Non-invasive Imaging,Stress_Test_Performed,Stress / functional test performed,ynbtn,No,Registry metadata,form_response,value,Refactor,Domain review
MAP-01514,CAD,index (9).html,Investigations,Other Non-invasive Imaging,CTCA_Performed,CT coronary angiography performed,ynbtn,No,Procedure,procedure,ctca_performed,Refactor,Procedure review
MAP-01515,CAD,index (9).html,Investigations,Labs — Hematology,Sample_Date,Sample Date,date,No,Registry metadata,form_response,value,Refactor,Domain review
MAP-01516,CAD,index (9).html,Investigations,Labs — Hematology,Hemoglobin,Baseline Hemoglobin (g/dL),labnum,No,Laboratory,lab_result,hemoglobin,Refactor,Unit/code review
MAP-01517,CAD,index (9).html,Investigations,Labs — Hematology,Hemoglobin_Nadir,Nadir Hemoglobin (g/dL),labnum,No,Laboratory,lab_result,hemoglobin_nadir,Refactor,Unit/code review
MAP-01518,CAD,index (9).html,Investigations,Labs — Hematology,WBC,WBC (×10⁹/L),labnum,No,Laboratory,lab_result,wbc,Refactor,Unit/code review
MAP-01519,CAD,index (9).html,Investigations,Labs — Hematology,Platelets,Platelets (×10⁹/L),labnum,No,Laboratory,lab_result,platelets,Refactor,Unit/code review
MAP-01520,CAD,index (9).html,Investigations,Labs — Renal Function & Electrolytes,Creatinine,Baseline Creatinine (µmol/L),labnum,No,Laboratory,lab_result,creatinine,Refactor,Unit/code review
MAP-01521,CAD,index (9).html,Investigations,Labs — Renal Function & Electrolytes,Creatinine_Peak,Peak Creatinine (µmol/L),labnum,No,Laboratory,lab_result,creatinine_peak,Refactor,Unit/code review
MAP-01522,CAD,index (9).html,Investigations,Labs — Renal Function & Electrolytes,eGFR,Baseline eGFR (mL/min/1.73m²),num,No,Laboratory,lab_result,egfr,Refactor,Unit/code review
MAP-01523,CAD,index (9).html,Investigations,Labs — Renal Function & Electrolytes,Sodium,Sodium (mmol/L),labnum,No,Laboratory,lab_result,sodium,Refactor,Unit/code review
MAP-01524,CAD,index (9).html,Investigations,Labs — Renal Function & Electrolytes,Potassium,Potassium (mmol/L),labnum,No,Laboratory,lab_result,potassium,Refactor,Unit/code review
MAP-01525,CAD,index (9).html,Investigations,Labs — Metabolic,Glucose,Glucose (mmol/L),labnum,No,Laboratory,lab_result,glucose,Refactor,Unit/code review
MAP-01526,CAD,index (9).html,Investigations,Labs — Metabolic,HbA1c,HbA1c (%),labnum,No,Laboratory,lab_result,hba1c,Refactor,Unit/code review
MAP-01527,CAD,index (9).html,Investigations,Labs — Lipid Profile,Total_Cholesterol,Total Cholesterol (mmol/L),labnum,No,Laboratory,lab_result,total_cholesterol,Refactor,Unit/code review
MAP-01528,CAD,index (9).html,Investigations,Labs — Lipid Profile,LDL,LDL (mmol/L),labnum,No,Laboratory,lab_result,ldl,Refactor,Unit/code review
MAP-01529,CAD,index (9).html,Investigations,Labs — Lipid Profile,HDL,HDL (mmol/L),labnum,No,Laboratory,lab_result,hdl,Refactor,Unit/code review
MAP-01530,CAD,index (9).html,Investigations,Labs — Lipid Profile,Triglycerides,Triglycerides (mmol/L),labnum,No,Laboratory,lab_result,triglycerides,Refactor,Unit/code review
MAP-01531,CAD,index (9).html,Investigations,Labs — Cardiac & Inflammatory Markers,Troponin,Baseline hs-Troponin (ng/L),labnum,No,Laboratory,lab_result,troponin,Refactor,Unit/code review
MAP-01532,CAD,index (9).html,Investigations,Labs — Cardiac & Inflammatory Markers,Troponin_Peak,Peak hs-Troponin (ng/L),labnum,No,Laboratory,lab_result,troponin_peak,Refactor,Unit/code review
MAP-01533,CAD,index (9).html,Investigations,Labs — Cardiac & Inflammatory Markers,BNP,BNP (pg/mL),labnum,No,Laboratory,lab_result,bnp,Refactor,Unit/code review
MAP-01534,CAD,index (9).html,Investigations,Labs — Cardiac & Inflammatory Markers,NT_proBNP,NT-proBNP (pg/mL),labnum,No,Laboratory,lab_result,nt_probnp,Refactor,Unit/code review
MAP-01535,CAD,index (9).html,Investigations,Labs — Cardiac & Inflammatory Markers,CRP,CRP (mg/L),labnum,No,Laboratory,lab_result,crp,Refactor,Unit/code review
MAP-01536,CAD,index (9).html,Procedure,Coronary Angiography,Angio_Date,Angio Date,date,No,Registry metadata,form_response,value,Refactor,Domain review
MAP-01537,CAD,index (9).html,Procedure,Coronary Angiography,Access_Site,Access Site,select,No,Registry metadata,form_response,value,Refactor,Domain review
MAP-01538,CAD,index (9).html,Procedure,Coronary Angiography,Coronary_Dominance,Coronary Dominance,select,No,Registry metadata,form_response,value,Refactor,Domain review
MAP-01539,CAD,index (9).html,Procedure,Coronary Angiography,Procedure_Urgency,Procedure Urgency,select,No,Procedure,procedure,procedure_urgency,Refactor,Procedure review
MAP-01540,CAD,index (9).html,Procedure,Diseased Vessels & Stenosis,Left_Main_Disease,Left Main,ynbtn,No,Registry metadata,form_response,value,Refactor,Domain review
MAP-01541,CAD,index (9).html,Procedure,Diseased Vessels & Stenosis,LM_Stenosis_Pct,LM stenosis (%),num,No,Registry metadata,form_response,value,Refactor,Domain review
MAP-01542,CAD,index (9).html,Procedure,Diseased Vessels & Stenosis,LAD_Disease,LAD,ynbtn,No,Registry metadata,form_response,value,Refactor,Domain review
MAP-01543,CAD,index (9).html,Procedure,Diseased Vessels & Stenosis,LAD_Stenosis_Pct,LAD stenosis (%),num,No,Registry metadata,form_response,value,Refactor,Domain review
MAP-01544,CAD,index (9).html,Procedure,Diseased Vessels & Stenosis,LCX_Disease,LCx,ynbtn,No,Registry metadata,form_response,value,Refactor,Domain review
MAP-01545,CAD,index (9).html,Procedure,Diseased Vessels & Stenosis,LCX_Stenosis_Pct,LCx stenosis (%),num,No,Registry metadata,form_response,value,Refactor,Domain review
MAP-01546,CAD,index (9).html,Procedure,Diseased Vessels & Stenosis,RCA_Disease,RCA,ynbtn,No,Registry metadata,form_response,value,Refactor,Domain review
MAP-01547,CAD,index (9).html,Procedure,Diseased Vessels & Stenosis,RCA_Stenosis_Pct,RCA stenosis (%),num,No,Registry metadata,form_response,value,Refactor,Domain review
MAP-01548,CAD,index (9).html,Procedure,Diseased Vessels & Stenosis,Number_Diseased_Vessels,No. diseased vessels,num,No,Procedure,cad_lesion,number_diseased_vessels,Refactor,Procedure review
MAP-01549,CAD,index (9).html,Procedure,Diseased Vessels & Stenosis,Num_Vessels_GE70,Vessels ≥70% stenosis,num,No,Procedure,cad_lesion,num_vessels_ge70,Refactor,Procedure review
MAP-01550,CAD,index (9).html,Procedure,Reperfusion Timing,Symptom_Onset_Time,Symptom Onset Time,dt24,No,Registry metadata,form_response,value,Refactor,Domain review
MAP-01551,CAD,index (9).html,Procedure,Reperfusion Timing,Hospital_Arrival_Time,Hospital Arrival Time,dt24,No,Registry metadata,form_response,value,Refactor,Domain review
MAP-01552,CAD,index (9).html,Procedure,Reperfusion Timing,Balloon_Time_First_Device,Balloon Time First Device,dt24,No,Procedure,procedure,balloon_time_first_device,Refactor,Procedure review
MAP-01553,CAD,index (9).html,Procedure,Reperfusion Timing,Door_to_Balloon_Min,Door To Balloon Min,num,No,Registry metadata,form_response,value,Refactor,Domain review
MAP-01554,CAD,index (9).html,Procedure,Reperfusion Timing,Symptom_to_Balloon_Min,Symptom To Balloon Min,num,No,Registry metadata,form_response,value,Refactor,Domain review
MAP-01555,CAD,index (9).html,Procedure,Management After Angiography,Management_Decision,Result of coronary angiography — management,select,No,Procedure,procedure,management_decision,Refactor,Procedure review
MAP-01556,CAD,index (9).html,Procedure,PCI Details,PCI_Date,PCI Date,date,No,Procedure,procedure,pci_date,Refactor,Procedure review
MAP-01557,CAD,index (9).html,Procedure,PCI Details,P2Y12_Loading_Location,P2Y12 loading dose location,select,No,Medication,medication_statement,p2y12_loading_location,Refactor,Medication review
MAP-01558,CAD,index (9).html,Procedure,PCI Details,GP_IIbIIIa_Used,GP IIb/IIIa inhibitor used,ynbtn,No,Registry metadata,form_response,value,Refactor,Domain review
MAP-01559,CAD,index (9).html,Procedure,PCI Details,Procedural_Anticoagulation,Procedural anticoagulation,select,No,Registry metadata,form_response,value,Refactor,Domain review
MAP-01560,CAD,index (9).html,Procedure,PCI Details,Culprit_Vessel,Culprit vessel,select,No,Procedure,cad_lesion,culprit_vessel,Refactor,Procedure review
MAP-01561,CAD,index (9).html,Procedure,PCI Details,Vascular_Closure_Device,Vascular closure device used,ynbtn,No,Procedure,procedure,vascular_closure_device,Refactor,Procedure review
MAP-01562,CAD,index (9).html,Procedure,PCI Details,Procedure_Success,Overall procedure success,select,No,Procedure,procedure,procedure_success,Refactor,Procedure review
MAP-01563,CAD,index (9).html,Procedure,PCI Details,Complete_Revascularization,Complete revascularization,ynbtn,No,Registry metadata,form_response,value,Refactor,Domain review
MAP-01564,CAD,index (9).html,Procedure,PCI Details,Staged_PCI_Planned,Staged PCI planned,ynbtn,No,Procedure,procedure,staged_pci_planned,Refactor,Procedure review
MAP-01565,CAD,index (9).html,Procedure,PCI Details,Staged_PCI_Setting,Staged PCI setting,select,No,Procedure,procedure,staged_pci_setting,Refactor,Procedure review
MAP-01566,CAD,index (9).html,Procedure,PCI Details,Staged_PCI_Date,Staged PCI date,date,No,Procedure,procedure,staged_pci_date,Refactor,Procedure review
MAP-01567,CAD,index (9).html,Procedure,PCI Details,Staged_Total_Stents,Staged Total Stents,num,No,Procedure,cad_stent,staged_total_stents,Refactor,Procedure review
MAP-01568,CAD,index (9).html,Procedure,PCI Details,Vessel_Treated,Vessel Treated,text,No,Procedure,cad_lesion,vessel_treated,Refactor,Procedure review
MAP-01569,CAD,index (9).html,Procedure,PCI Details,Total_Stents,Total Stents,num,No,Procedure,cad_stent,total_stents,Refactor,Procedure review
MAP-01570,CAD,index (9).html,Complications,Any procedural (cath-lab) complication?,Procedural_Complications_Present,Any procedural (cath-lab) complication?,ynbtn,No,Safety event,complication,procedural_complications_present,Refactor,Endpoint review
MAP-01571,CAD,index (9).html,Complications,Any procedural (cath-lab) complication?,Access_Site_Bleeding,Access Site Bleeding,ynbtn,No,Safety event,complication,access_site_bleeding,Refactor,Endpoint review
MAP-01572,CAD,index (9).html,Complications,Any procedural (cath-lab) complication?,Access_Hematoma,Access Hematoma,ynbtn,No,Safety event,complication,access_hematoma,Refactor,Endpoint review
MAP-01573,CAD,index (9).html,Complications,Any procedural (cath-lab) complication?,Pseudoaneurysm,Pseudoaneurysm,ynbtn,No,Registry metadata,form_response,value,Refactor,Domain review
MAP-01574,CAD,index (9).html,Complications,Any procedural (cath-lab) complication?,Retroperitoneal_Bleed,Retroperitoneal Bleed,ynbtn,No,Safety event,complication,retroperitoneal_bleed,Refactor,Endpoint review
MAP-01575,CAD,index (9).html,Complications,Any procedural (cath-lab) complication?,Access_Limb_Ischemia,Access Limb Ischemia,ynbtn,No,Registry metadata,form_response,value,Refactor,Domain review
MAP-01576,CAD,index (9).html,Complications,Any procedural (cath-lab) complication?,Coronary_Dissection,Coronary Dissection,ynbtn,No,Registry metadata,form_response,value,Refactor,Domain review
MAP-01577,CAD,index (9).html,Complications,Any procedural (cath-lab) complication?,Coronary_Perforation,Coronary Perforation,ynbtn,No,Registry metadata,form_response,value,Refactor,Domain review
MAP-01578,CAD,index (9).html,Complications,Any procedural (cath-lab) complication?,No_Reflow_Slow_Flow,No Reflow Slow Flow,ynbtn,No,Registry metadata,form_response,value,Refactor,Domain review
MAP-01579,CAD,index (9).html,Complications,Any procedural (cath-lab) complication?,Side_Branch_Occlusion,Side Branch Occlusion,ynbtn,No,Registry metadata,form_response,value,Refactor,Domain review
MAP-01580,CAD,index (9).html,Complications,Any procedural (cath-lab) complication?,Acute_Stent_Thrombosis,Acute Stent Thrombosis (<24h),ynbtn,No,Procedure,cad_stent,acute_stent_thrombosis,Refactor,Procedure review
MAP-01581,CAD,index (9).html,Complications,Any procedural (cath-lab) complication?,Acute_ST_Management,↳ Management,select,No,Registry metadata,form_response,value,Refactor,Domain review
MAP-01582,CAD,index (9).html,Complications,Any procedural (cath-lab) complication?,Abrupt_Vessel_Closure,Abrupt Vessel Closure,ynbtn,No,Procedure,cad_lesion,abrupt_vessel_closure,Refactor,Procedure review
MAP-01583,CAD,index (9).html,Complications,Any procedural (cath-lab) complication?,Distal_Embolization,Distal Embolization,ynbtn,No,Safety event,complication,distal_embolization,Refactor,Endpoint review
MAP-01584,CAD,index (9).html,Complications,Any procedural (cath-lab) complication?,Periprocedural_MI,Periprocedural MI,ynbtn,No,Outcome,clinical_event,periprocedural_mi,Refactor,Endpoint review
MAP-01585,CAD,index (9).html,Complications,Any procedural (cath-lab) complication?,Contrast_Induced_AKI,Contrast Induced AKI,ynbtn,No,Registry metadata,form_response,value,Refactor,Domain review
MAP-01586,CAD,index (9).html,Complications,Any procedural (cath-lab) complication?,Contrast_Reaction,Contrast Reaction,ynbtn,No,Registry metadata,form_response,value,Refactor,Domain review
MAP-01587,CAD,index (9).html,Complications,Any procedural (cath-lab) complication?,Emergency_CABG,Emergency CABG,ynbtn,No,Procedure,procedure,emergency_cabg,Refactor,Procedure review
MAP-01588,CAD,index (9).html,Complications,Any in-hospital complication?,InHospital_Complication_Present,Any in-hospital complication?,ynbtn,No,Safety event,complication,inhospital_complication_present,Refactor,Endpoint review
MAP-01589,CAD,index (9).html,Complications,Any in-hospital complication?,Recurrent_Ischemia_Angina,Recurrent Ischemia Angina,ynbtn,No,Registry metadata,form_response,value,Refactor,Domain review
MAP-01590,CAD,index (9).html,Complications,Any in-hospital complication?,Recurrent_Ischemia_Management,↳ Management,select,No,Registry metadata,form_response,value,Refactor,Domain review
MAP-01591,CAD,index (9).html,Complications,Any in-hospital complication?,Reinfarction,Reinfarction,ynbtn,No,Registry metadata,form_response,value,Refactor,Domain review
MAP-01592,CAD,index (9).html,Complications,Any in-hospital complication?,Reinfarction_Management,↳ Management,select,No,Registry metadata,form_response,value,Refactor,Domain review
MAP-01593,CAD,index (9).html,Complications,Any in-hospital complication?,Acute_Heart_Failure,Acute Heart Failure,ynbtn,No,Condition,condition,acute_heart_failure,Refactor,Terminology review
MAP-01594,CAD,index (9).html,Complications,Any in-hospital complication?,Cardiogenic_Shock_InHospital,Cardiogenic Shock In Hospital,ynbtn,No,Safety event,complication,cardiogenic_shock_inhospital,Refactor,Endpoint review
MAP-01595,CAD,index (9).html,Complications,Any in-hospital complication?,Cardiac_Arrest_InHospital,Cardiac Arrest In Hospital,ynbtn,No,Safety event,complication,cardiac_arrest_inhospital,Refactor,Endpoint review
MAP-01596,CAD,index (9).html,Complications,Any in-hospital complication?,Mechanical_Ventilation,Mechanical ventilation,ynbtn,No,Registry metadata,form_response,value,Refactor,Domain review
MAP-01597,CAD,index (9).html,Complications,Any in-hospital complication?,Sustained_VT_VF,Sustained VT VF,ynbtn,No,Registry metadata,form_response,value,Refactor,Domain review
MAP-01598,CAD,index (9).html,Complications,Any in-hospital complication?,New_Atrial_Fibrillation,New Atrial Fibrillation,ynbtn,No,Condition,condition,new_atrial_fibrillation,Refactor,Terminology review
MAP-01599,CAD,index (9).html,Complications,Any in-hospital complication?,High_Grade_AV_Block,High Grade AV Block,ynbtn,No,Registry metadata,form_response,value,Refactor,Domain review
MAP-01600,CAD,index (9).html,Complications,Any in-hospital complication?,Mechanical_Complication,Mechanical Complication,ynbtn,No,Safety event,complication,mechanical_complication,Refactor,Endpoint review
MAP-01601,CAD,index (9).html,Complications,Any in-hospital complication?,LV_Thrombus,LV Thrombus,ynbtn,No,Registry metadata,form_response,value,Refactor,Domain review
MAP-01602,CAD,index (9).html,Complications,Any in-hospital complication?,Pericardial_Effusion_Tamponade,Pericardial Effusion Tamponade,ynbtn,No,Safety event,complication,pericardial_effusion_tamponade,Refactor,Endpoint review
MAP-01603,CAD,index (9).html,Complications,Any in-hospital complication?,Stroke_TIA_InHospital,Stroke TIA In Hospital,ynbtn,No,Outcome,clinical_event,stroke_tia_inhospital,Refactor,Endpoint review
MAP-01604,CAD,index (9).html,Complications,Any in-hospital complication?,Major_Bleeding,Major Bleeding,ynbtn,No,Safety event,complication,major_bleeding,Refactor,Endpoint review
MAP-01605,CAD,index (9).html,Complications,Any in-hospital complication?,BARC_Bleeding_Grade,Max BARC bleeding grade,select,No,Safety event,complication,barc_bleeding_grade,Refactor,Endpoint review
MAP-01606,CAD,index (9).html,Complications,Any in-hospital complication?,Blood_Transfusion,Blood Transfusion,ynbtn,No,Safety event,complication,blood_transfusion,Refactor,Endpoint review
MAP-01607,CAD,index (9).html,Complications,Any in-hospital complication?,New_Dialysis,New dialysis requirement,ynbtn,No,Condition,condition,new_dialysis,Refactor,Terminology review
MAP-01608,CAD,index (9).html,Complications,Any in-hospital complication?,Subacute_Stent_Thrombosis,Subacute Stent Thrombosis (>24h),ynbtn,No,Procedure,cad_stent,subacute_stent_thrombosis,Refactor,Procedure review
MAP-01609,CAD,index (9).html,Complications,Any in-hospital complication?,Subacute_ST_Management,↳ Management,select,No,Registry metadata,form_response,value,Refactor,Domain review
MAP-01610,CAD,index (9).html,Complications,Any in-hospital complication?,Infection_Sepsis,Infection Sepsis,ynbtn,No,Safety event,complication,infection_sepsis,Refactor,Endpoint review
MAP-01611,CAD,index (9).html,Complications,Any in-hospital complication?,Death_In_Hospital,Death In Hospital,ynbtn,No,Outcome,clinical_event,death_in_hospital,Refactor,Endpoint review
MAP-01612,CAD,index (9).html,Complications,Reintervention during index stay?,Reintervention_Performed,Reintervention during index stay?,ynbtn,No,Outcome,clinical_event,reintervention_performed,Refactor,Endpoint review
MAP-01613,CAD,index (9).html,Complications,Reintervention during index stay?,Time_to_Reintervention_Days,Time To Reintervention Days,num,No,Outcome,clinical_event,time_to_reintervention_days,Refactor,Endpoint review
MAP-01614,CAD,index (9).html,Complications,Reintervention during index stay?,Same_Vessel,Same Vessel,ynbtn,No,Procedure,cad_lesion,same_vessel,Refactor,Procedure review
MAP-01615,CAD,index (9).html,Complications,Reintervention during index stay?,Type_Reintervention_PCI_or_CABG,Type Reintervention PCI Or CABG,select,No,Outcome,clinical_event,type_reintervention_pci_or_cabg,Refactor,Endpoint review
MAP-01616,CAD,index (9).html,Discharge & Medications,In-Hospital Outcome & Discharge,In_Hospital_Outcome,Discharge status,select,Yes,Registry metadata,form_response,value,Refactor,Domain review
MAP-01617,CAD,index (9).html,Discharge & Medications,In-Hospital Outcome & Discharge,Discharge_Date,Date of discharge / death,date,No,Episode,discharge,discharge_date,Refactor,Mapped shared core
MAP-01618,CAD,index (9).html,Discharge & Medications,In-Hospital Outcome & Discharge,Discharge_Type,Discharge type,select,No,Module extension,form_response,discharge_type,Refactor,Domain review
MAP-01619,CAD,index (9).html,Discharge & Medications,Antiplatelets,Aspirin,Aspirin,ynbtn,No,Medication,medication_statement,aspirin,Refactor,Medication review
MAP-01620,CAD,index (9).html,Discharge & Medications,Antiplatelets,Clopidogrel,Clopidogrel,ynbtn,No,Medication,medication_statement,clopidogrel,Refactor,Medication review
MAP-01621,CAD,index (9).html,Discharge & Medications,Antiplatelets,Prasugrel,Prasugrel,ynbtn,No,Medication,medication_statement,prasugrel,Refactor,Medication review
MAP-01622,CAD,index (9).html,Discharge & Medications,Antiplatelets,Ticagrelor,Ticagrelor,ynbtn,No,Medication,medication_statement,ticagrelor,Refactor,Medication review
MAP-01623,CAD,index (9).html,Discharge & Medications,Oral Anticoagulants,Warfarin,Warfarin,ynbtn,No,Medication,medication_statement,warfarin,Refactor,Medication review
MAP-01624,CAD,index (9).html,Discharge & Medications,Oral Anticoagulants,Dabigatran,Dabigatran,ynbtn,No,Medication,medication_statement,dabigatran,Refactor,Medication review
MAP-01625,CAD,index (9).html,Discharge & Medications,Oral Anticoagulants,Apixaban,Apixaban,ynbtn,No,Medication,medication_statement,apixaban,Refactor,Medication review
MAP-01626,CAD,index (9).html,Discharge & Medications,Oral Anticoagulants,Rivaroxaban,Rivaroxaban,ynbtn,No,Medication,medication_statement,rivaroxaban,Refactor,Medication review
MAP-01627,CAD,index (9).html,Discharge & Medications,Oral Anticoagulants,Edoxaban,Edoxaban,ynbtn,No,Medication,medication_statement,edoxaban,Refactor,Medication review
MAP-01628,CAD,index (9).html,Discharge & Medications,Oral Anticoagulants,LMWH,LMWH,ynbtn,No,Medication,medication_statement,lmwh,Refactor,Medication review
MAP-01629,CAD,index (9).html,Discharge & Medications,Lipid-Lowering,Statin,Statin intensity,select,No,Medication,medication_statement,statin,Refactor,Medication review
MAP-01630,CAD,index (9).html,Discharge & Medications,Lipid-Lowering,Ezetimibe,Ezetimibe,ynbtn,No,Medication,medication_statement,ezetimibe,Refactor,Medication review
MAP-01631,CAD,index (9).html,Discharge & Medications,Lipid-Lowering,PCSK9i,PCSK9 Inhibitor,ynbtn,No,Medication,medication_statement,pcsk9i,Refactor,Medication review
MAP-01632,CAD,index (9).html,Discharge & Medications,Lipid-Lowering,Icosapent_Ethyl_Omega3,Icosapent Ethyl (Omega-3),ynbtn,No,Condition,condition,icosapent_ethyl_omega3,Refactor,Terminology review
MAP-01633,CAD,index (9).html,Discharge & Medications,Lipid-Lowering,Fibrates,Fibrates,ynbtn,No,Registry metadata,form_response,value,Refactor,Domain review
MAP-01634,CAD,index (9).html,Discharge & Medications,Beta-Blocker & Renin-Angiotensin,Beta_Blockers,Beta-Blocker,ynbtn,No,Medication,medication_statement,beta_blockers,Refactor,Medication review
MAP-01635,CAD,index (9).html,Discharge & Medications,Beta-Blocker & Renin-Angiotensin,ACE_I,ACE Inhibitor,ynbtn,No,Medication,medication_statement,ace_i,Refactor,Medication review
MAP-01636,CAD,index (9).html,Discharge & Medications,Beta-Blocker & Renin-Angiotensin,ARB,ARB,ynbtn,No,Medication,medication_statement,arb,Refactor,Medication review
MAP-01637,CAD,index (9).html,Discharge & Medications,Beta-Blocker & Renin-Angiotensin,ARNI,ARNI,ynbtn,No,Medication,medication_statement,arni,Refactor,Medication review
MAP-01638,CAD,index (9).html,Discharge & Medications,Beta-Blocker & Renin-Angiotensin,MRA,MRA,ynbtn,No,Medication,medication_statement,mra,Refactor,Medication review
MAP-01639,CAD,index (9).html,Discharge & Medications,Heart-Failure / Other Neurohormonal,SGLT_Inhibitor,SGLT2 Inhibitor,ynbtn,No,Medication,medication_statement,sglt_inhibitor,Refactor,Medication review
MAP-01640,CAD,index (9).html,Discharge & Medications,Heart-Failure / Other Neurohormonal,Ivabradine,Ivabradine,ynbtn,No,Medication,medication_statement,ivabradine,Refactor,Medication review
MAP-01641,CAD,index (9).html,Discharge & Medications,Heart-Failure / Other Neurohormonal,Digoxin,Digoxin,ynbtn,No,Medication,medication_statement,digoxin,Refactor,Medication review
MAP-01642,CAD,index (9).html,Discharge & Medications,Heart-Failure / Other Neurohormonal,Loop_Diuretics,Loop Diuretic,ynbtn,No,Medication,medication_statement,loop_diuretics,Refactor,Medication review
MAP-01643,CAD,index (9).html,Discharge & Medications,Heart-Failure / Other Neurohormonal,Hydralazine_Nitrate,Hydralazine / Nitrates,ynbtn,No,Registry metadata,form_response,value,Refactor,Domain review
MAP-01644,CAD,index (9).html,Discharge & Medications,Rate Control / Calcium-Channel Blockers,Verapamil,Verapamil,ynbtn,No,Registry metadata,form_response,value,Refactor,Domain review
MAP-01645,CAD,index (9).html,Discharge & Medications,Rate Control / Calcium-Channel Blockers,Diltiazem,Diltiazem,ynbtn,No,Outcome,clinical_event,diltiazem,Refactor,Endpoint review
MAP-01646,CAD,index (9).html,Discharge & Medications,Antiarrhythmics,Amiodarone,Amiodarone,ynbtn,No,Medication,medication_statement,amiodarone,Refactor,Medication review
MAP-01647,CAD,index (9).html,Discharge & Medications,Antiarrhythmics,Flecainide,Flecainide,ynbtn,No,Medication,medication_statement,flecainide,Refactor,Medication review
MAP-01648,CAD,index (9).html,Discharge & Medications,Antiarrhythmics,Sotalol,Sotalol,ynbtn,No,Medication,medication_statement,sotalol,Refactor,Medication review
MAP-01649,CAD,index (9).html,Discharge & Medications,Antiarrhythmics,Procainamide,Procainamide,ynbtn,No,Registry metadata,form_response,value,Refactor,Domain review
MAP-01650,CAD,index (9).html,Discharge & Medications,Antidiabetic,Insulin,Insulin,ynbtn,No,Registry metadata,form_response,value,Refactor,Domain review
MAP-01651,CAD,index (9).html,Discharge & Medications,Antidiabetic,Oral_Hypoglycemic,Oral Hypoglycemic,ynbtn,No,Registry metadata,form_response,value,Refactor,Domain review
MAP-01652,CAD,index (9).html,Discharge & Medications,Antidiabetic,GLP1_RA,GLP-1 RA,ynbtn,No,Registry metadata,form_response,value,Refactor,Domain review
MAP-01653,CAD,index (9).html,Discharge & Medications,Anti-anginal & Other,Ranolazine,Ranolazine,ynbtn,No,Registry metadata,form_response,value,Refactor,Domain review
MAP-01654,CAD,index (9).html,Discharge & Medications,Anti-anginal & Other,Trimetazidine,Trimetazidine,ynbtn,No,Registry metadata,form_response,value,Refactor,Domain review
MAP-01655,CAD,index (9).html,Discharge & Medications,Anti-anginal & Other,Nicorandil,Nicorandil,ynbtn,No,Registry metadata,form_response,value,Refactor,Domain review
MAP-01656,CAD,index (9).html,Discharge & Medications,Anti-anginal & Other,Colchicine,Colchicine,ynbtn,No,Registry metadata,form_response,value,Refactor,Domain review
MAP-01657,CAD,index (9).html,Discharge & Medications,Anti-anginal & Other,PPI,PPI,ynbtn,No,Registry metadata,form_response,value,Refactor,Domain review
MAP-01658,CAD,index (9).html,Discharge & Medications,Medication Exceptions,DAPT_Not_Prescribed_Reason,Reason DAPT (ASA + P2Y12) not prescribed,select,No,Module extension,form_response,dapt_not_prescribed_reason,Refactor,Domain review
MAP-01659,CAD,index (9).html,Discharge & Medications,Other / Notes,Other_Medications_Notes,Other Medications Notes,textarea,No,Medication,medication_statement,other_medications_notes,Refactor,Medication review
MAP-01660,CAD,index (9).html,Comprehensive Follow-Up,Visit & Vital Status,FollowUp_Date,Follow Up Date,date,No,Encounter,encounter,followup_date,Refactor,Mapped shared core
MAP-01661,CAD,index (9).html,Comprehensive Follow-Up,Visit & Vital Status,FollowUp_Timepoint_Months,Follow Up Timepoint Months,num,No,Encounter,encounter,followup_timepoint_months,Refactor,Mapped shared core
MAP-01662,CAD,index (9).html,Comprehensive Follow-Up,Visit & Vital Status,FollowUp_Source,Source of follow-up,select,No,Encounter,encounter,followup_source,Refactor,Mapped shared core
MAP-01663,CAD,index (9).html,Comprehensive Follow-Up,Visit & Vital Status,Alive,Alive,ynbtn,No,Registry metadata,form_response,value,Refactor,Domain review
MAP-01664,CAD,index (9).html,Comprehensive Follow-Up,Visit & Vital Status,Still_In_Hospital,Still in hospital?,ynbtn,No,Registry metadata,form_response,value,Refactor,Domain review
MAP-01665,CAD,index (9).html,Comprehensive Follow-Up,Visit & Vital Status,Still_In_Hospital_Reason,Why still in hospital?,select,No,Module extension,form_response,still_in_hospital_reason,Refactor,Domain review
MAP-01666,CAD,index (9).html,Comprehensive Follow-Up,Symptoms & Clinical Events,Rehospitalization,Rehospitalization,ynbtn,No,Registry metadata,form_response,value,Refactor,Domain review
MAP-01667,CAD,index (9).html,Comprehensive Follow-Up,Symptoms & Clinical Events,Recurrent_Chest_Pain,Recurrent Chest Pain,ynbtn,No,Registry metadata,form_response,value,Refactor,Domain review
MAP-01668,CAD,index (9).html,Comprehensive Follow-Up,Symptoms & Clinical Events,Dyspnea,Dyspnea,ynbtn,No,Registry metadata,form_response,value,Refactor,Domain review
MAP-01669,CAD,index (9).html,Comprehensive Follow-Up,Symptoms & Clinical Events,NYHA_Class,NYHA Class,select,No,Assessment,functional_assessment,nyha_class,Refactor,Clinical rule review
MAP-01670,CAD,index (9).html,Comprehensive Follow-Up,Symptoms & Clinical Events,Heart_Failure_Hospitalization,Heart Failure Hospitalization,ynbtn,No,Condition,condition,heart_failure_hospitalization,Refactor,Terminology review
MAP-01671,CAD,index (9).html,Comprehensive Follow-Up,Symptoms & Clinical Events,Stroke,Stroke,ynbtn,No,Outcome,clinical_event,stroke,Refactor,Endpoint review
MAP-01672,CAD,index (9).html,Comprehensive Follow-Up,Symptoms & Clinical Events,MI,MI,ynbtn,No,Outcome,clinical_event,mi,Refactor,Endpoint review
MAP-01673,CAD,index (9).html,Comprehensive Follow-Up,Symptoms & Clinical Events,Unplanned_Revascularization,Unplanned Revascularization,ynbtn,No,Registry metadata,form_response,value,Refactor,Domain review
MAP-01674,CAD,index (9).html,Comprehensive Follow-Up,Symptoms & Clinical Events,Stent_Thrombosis,Stent Thrombosis,ynbtn,No,Procedure,cad_stent,stent_thrombosis,Refactor,Procedure review
MAP-01675,CAD,index (9).html,Comprehensive Follow-Up,ECG,ECG_Performed,ECG Performed,ynbtn,No,Diagnostic study,imaging_study,ecg_performed,Refactor,Imaging review
MAP-01676,CAD,index (9).html,Comprehensive Follow-Up,ECG,ECG_Rhythm,ECG Rhythm,select,No,Diagnostic study,imaging_study,ecg_rhythm,Refactor,Imaging review
MAP-01677,CAD,index (9).html,Comprehensive Follow-Up,ECG,ST_Changes,ST Changes,ynbtn,No,Registry metadata,form_response,value,Refactor,Domain review
MAP-01678,CAD,index (9).html,Comprehensive Follow-Up,ECG,New_Q_Waves,New Q Waves,ynbtn,No,Registry metadata,form_response,value,Refactor,Domain review
MAP-01679,CAD,index (9).html,Comprehensive Follow-Up,ECG,Arrhythmia,Arrhythmia,ynbtn,No,Condition,condition,arrhythmia,Refactor,Terminology review
MAP-01680,CAD,index (9).html,Comprehensive Follow-Up,Echocardiography,Echo_Performed,Echo Performed,ynbtn,No,Diagnostic study,imaging_study,echo_performed,Refactor,Imaging review
MAP-01681,CAD,index (9).html,Comprehensive Follow-Up,Echocardiography,LVEF_FollowUp,LVEF (%),num,No,Encounter,encounter,lvef_followup,Refactor,Mapped shared core
MAP-01682,CAD,index (9).html,Comprehensive Follow-Up,Echocardiography,RWMA_FollowUp,RWMA Follow Up,ynbtn,No,Encounter,encounter,rwma_followup,Refactor,Mapped shared core
MAP-01683,CAD,index (9).html,Comprehensive Follow-Up,Echocardiography,LV_Dilation,LV Dilation,ynbtn,No,Registry metadata,form_response,value,Refactor,Domain review
MAP-01684,CAD,index (9).html,Comprehensive Follow-Up,Echocardiography,RV_Function_FollowUp,RV Function Follow Up,select,No,Encounter,encounter,rv_function_followup,Refactor,Mapped shared core
MAP-01685,CAD,index (9).html,Comprehensive Follow-Up,Echocardiography,Valvular_Disease_FollowUp,Valvular Disease Follow Up,select,No,Encounter,encounter,valvular_disease_followup,Refactor,Mapped shared core
MAP-01686,CAD,index (9).html,Comprehensive Follow-Up,Laboratory,Hemoglobin_FU,Hemoglobin (g/dL),labnum,No,Laboratory,lab_result,hemoglobin_fu,Refactor,Unit/code review
MAP-01687,CAD,index (9).html,Comprehensive Follow-Up,Laboratory,Creatinine_FU,Creatinine (µmol/L),labnum,No,Laboratory,lab_result,creatinine_fu,Refactor,Unit/code review
MAP-01688,CAD,index (9).html,Comprehensive Follow-Up,Laboratory,eGFR_FU,eGFR (mL/min/1.73m²),labnum,No,Laboratory,lab_result,egfr_fu,Refactor,Unit/code review
MAP-01689,CAD,index (9).html,Comprehensive Follow-Up,Laboratory,LDL_FU,LDL (mmol/L),labnum,No,Laboratory,lab_result,ldl_fu,Refactor,Unit/code review
MAP-01690,CAD,index (9).html,Comprehensive Follow-Up,Laboratory,HbA1c_FU,HbA1c (%),labnum,No,Laboratory,lab_result,hba1c_fu,Refactor,Unit/code review
MAP-01691,CAD,index (9).html,Comprehensive Follow-Up,Laboratory,BNP_FU,BNP (pg/mL),labnum,No,Laboratory,lab_result,bnp_fu,Refactor,Unit/code review
MAP-01692,CAD,index (9).html,Comprehensive Follow-Up,Planned Staged PCI (if applicable),Staged_PCI_Done,Staged PCI done?,ynbtn,No,Procedure,procedure,staged_pci_done,Refactor,Procedure review
MAP-01693,CAD,index (9).html,Comprehensive Follow-Up,Planned Staged PCI (if applicable),Staged_PCI_Date,Staged PCI date,date,No,Procedure,procedure,staged_pci_date,Refactor,Procedure review
MAP-01694,CAD,index (9).html,Comprehensive Follow-Up,Planned Staged PCI (if applicable),Staged_PCI_Vessel,Vessel(s) treated,text,No,Procedure,cad_lesion,staged_pci_vessel,Refactor,Procedure review
MAP-01695,CAD,index (9).html,Comprehensive Follow-Up,Medications at Follow-Up,On_Aspirin,On Aspirin,ynbtn,No,Medication,medication_statement,on_aspirin,Refactor,Medication review
MAP-01696,CAD,index (9).html,Comprehensive Follow-Up,Medications at Follow-Up,On_P2Y12,On P2 Y12,ynbtn,No,Registry metadata,form_response,value,Refactor,Domain review
MAP-01697,CAD,index (9).html,Comprehensive Follow-Up,Medications at Follow-Up,On_Statin,On Statin,ynbtn,No,Medication,medication_statement,on_statin,Refactor,Medication review
MAP-01698,CAD,index (9).html,Comprehensive Follow-Up,Medications at Follow-Up,On_BetaBlocker,On Beta Blocker,ynbtn,No,Medication,medication_statement,on_betablocker,Refactor,Medication review
MAP-01699,CAD,index (9).html,Comprehensive Follow-Up,Medications at Follow-Up,On_ACEi_ARB_ARNI,On ACEi ARB ARNI,ynbtn,No,Medication,medication_statement,on_acei_arb_arni,Refactor,Medication review
MAP-01700,CAD,index (9).html,Comprehensive Follow-Up,Medications at Follow-Up,On_SGLT2,On SGLT2,ynbtn,No,Medication,medication_statement,on_sglt2,Refactor,Medication review
MAP-01701,CAD,index (9).html,Comprehensive Follow-Up,Reintervention at Follow-Up?,Reintervention_At_FollowUp,Reintervention At Follow Up,ynbtn,No,Encounter,encounter,reintervention_at_followup,Refactor,Mapped shared core
MAP-01702,CAD,index (9).html,Comprehensive Follow-Up,Reintervention Details,Repeat_Angiography,Repeat Angiography,ynbtn,No,Procedure,procedure,repeat_angiography,Refactor,Procedure review
MAP-01703,CAD,index (9).html,Comprehensive Follow-Up,Reintervention Details,Repeat_PCI,Repeat PCI,ynbtn,No,Procedure,procedure,repeat_pci,Refactor,Procedure review
MAP-01704,CAD,index (9).html,Comprehensive Follow-Up,Reintervention Details,CABG,CABG,ynbtn,No,Procedure,procedure,cabg,Refactor,Procedure review
MAP-01705,CAD,index (9).html,Comprehensive Follow-Up,Reintervention Details,Target_Lesion_Revascularization,TLR,ynbtn,No,Outcome,clinical_event,target_lesion_revascularization,Refactor,Endpoint review
MAP-01706,CAD,index (9).html,Comprehensive Follow-Up,Reintervention Details,Target_Vessel_Revascularization,TVR,ynbtn,No,Outcome,clinical_event,target_vessel_revascularization,Refactor,Endpoint review
MAP-01707,CAD,index (9).html,Comprehensive Follow-Up,Reintervention Details,Time_to_Reintervention_Months,Time To Reintervention Months,num,No,Outcome,clinical_event,time_to_reintervention_months,Refactor,Endpoint review
MAP-01708,CAD,index (9).html,Comprehensive Follow-Up,Reintervention Details,Same_Vessel_Reintervention,Same Vessel Reintervention,ynbtn,No,Outcome,clinical_event,same_vessel_reintervention,Refactor,Endpoint review
MAP-01709,CAD,index (9).html,Comprehensive Follow-Up,MACE & Vital Status,MACE,MACE,ynbtn,No,Outcome,clinical_event,mace,Refactor,Endpoint review
MAP-01710,CAD,index (9).html,Comprehensive Follow-Up,MACE & Vital Status,Death,Death,ynbtn,No,Outcome,clinical_event,death,Refactor,Endpoint review
MAP-01711,CAD,index (9).html,Comprehensive Follow-Up,MACE & Vital Status,Cardiac_Death,Cardiac Death,ynbtn,No,Outcome,clinical_event,cardiac_death,Refactor,Endpoint review
MAP-01712,CAD,index (9).html,Comprehensive Follow-Up,MACE & Vital Status,Notes,Notes,textarea,No,Module extension,form_response,notes,Refactor,Domain review
MAP-01713,CAD,index (9).html,Lesion / PCI Details,Lesion & Morphology,Target_Vessel,Target Vessel,select,No,Procedure,cad_lesion,target_vessel,Refactor,Procedure review
MAP-01714,CAD,index (9).html,Lesion / PCI Details,Lesion & Morphology,Target_Segment,Target Segment,select,No,Registry metadata,form_response,value,Refactor,Domain review
MAP-01715,CAD,index (9).html,Lesion / PCI Details,Lesion & Morphology,Lesion_Type,Lesion Type,select,No,Procedure,cad_lesion,lesion_type,Refactor,Procedure review
MAP-01716,CAD,index (9).html,Lesion / PCI Details,Lesion & Morphology,Calcification_Grade,Calcification Grade,select,No,Registry metadata,form_response,value,Refactor,Domain review
MAP-01717,CAD,index (9).html,Lesion / PCI Details,Lesion & Morphology,Bifurcation_Lesion,Bifurcation Lesion,ynbtn,No,Procedure,cad_lesion,bifurcation_lesion,Refactor,Procedure review
MAP-01718,CAD,index (9).html,Lesion / PCI Details,Lesion & Morphology,CTO_Lesion,CTO lesion,ynbtn,No,Procedure,cad_lesion,cto_lesion,Refactor,Procedure review
MAP-01719,CAD,index (9).html,Lesion / PCI Details,Lesion & Morphology,Thrombus_Present,Thrombus Present,ynbtn,No,Registry metadata,form_response,value,Refactor,Domain review
MAP-01720,CAD,index (9).html,Lesion / PCI Details,Lesion & Morphology,Pre_TIMI_Flow,Pre-PCI TIMI flow,select,No,Procedure,cad_lesion,pre_timi_flow,Refactor,Procedure review
MAP-01721,CAD,index (9).html,Lesion / PCI Details,Technique & Devices,Intravascular_Imaging_Physiology,Imaging / physiology,select,No,Registry metadata,form_response,value,Refactor,Domain review
MAP-01722,CAD,index (9).html,Lesion / PCI Details,Technique & Devices,Pre_Dilatation,Pre Dilatation,ynbtn,No,Registry metadata,form_response,value,Refactor,Domain review
MAP-01723,CAD,index (9).html,Lesion / PCI Details,Technique & Devices,Atherectomy_Used,Atherectomy / lithotripsy,ynbtn,No,Registry metadata,form_response,value,Refactor,Domain review
MAP-01724,CAD,index (9).html,Lesion / PCI Details,Technique & Devices,Thrombectomy_Used,Thrombectomy Used,ynbtn,No,Registry metadata,form_response,value,Refactor,Domain review
MAP-01725,CAD,index (9).html,Lesion / PCI Details,Technique & Devices,Primary_Device,Primary Device,select,No,Procedure,procedure,primary_device,Refactor,Procedure review
MAP-01726,CAD,index (9).html,Lesion / PCI Details,Technique & Devices,Post_Dilatation,Post Dilatation,ynbtn,No,Registry metadata,form_response,value,Refactor,Domain review
MAP-01727,CAD,index (9).html,Lesion / PCI Details,Stent & Result,Stent_Count,Number of stents,num,No,Procedure,cad_stent,stent_count,Refactor,Procedure review
MAP-01728,CAD,index (9).html,Lesion / PCI Details,Stent & Result,Post_TIMI_Flow,Post-PCI TIMI flow,select,No,Procedure,cad_lesion,post_timi_flow,Refactor,Procedure review
MAP-01729,CAD,index (9).html,Lesion / PCI Details,Stent & Result,Lesion_Success,Lesion Success,select,No,Procedure,cad_lesion,lesion_success,Refactor,Procedure review
MAP-01730,EP,index (7).html,Demographics,,_no,Case No,text/binary,Unknown,Identity,registry_identifier,identifier_value,Refactor,Identity review
MAP-01731,EP,index (7).html,Demographics,,nameFirst,First Name,text/binary,Unknown,Identity,patient,name,Refactor,Identity review
MAP-01732,EP,index (7).html,Demographics,,nameMiddle,Middle Name,text/binary,Unknown,Identity,patient,name,Refactor,Identity review
MAP-01733,EP,index (7).html,Demographics,,nameLast,Last Name,text/binary,Unknown,Identity,patient,name,Refactor,Identity review
MAP-01734,EP,index (7).html,Demographics,,civilId,Civil ID,text/binary,Unknown,Identity,patient_identifier,identifier_value,Refactor,Identity review
MAP-01735,EP,index (7).html,Demographics,,crfNo,CRF Number,text/binary,Unknown,Identity,registry_identifier,identifier_value,Refactor,Identity review
MAP-01736,EP,index (7).html,Demographics,,fileNumber,File Number,text/binary,Unknown,Identity,patient_identifier,identifier_value,Refactor,Identity review
MAP-01737,EP,index (7).html,Demographics,,enrolledByName,Enrolled By,text/binary,Unknown,Attribution,staff_profile,enrolledbyname,Refactor,Security review
MAP-01738,EP,index (7).html,Demographics,,enrolledByCode,Enrolled By (Code),text/binary,Unknown,Attribution,staff_profile,enrolledbycode,Refactor,Security review
MAP-01739,EP,index (7).html,Demographics,,updatedByName,Updated By,text/binary,Unknown,Attribution,staff_profile,updatedbyname,Refactor,Security review
MAP-01740,EP,index (7).html,Demographics,,updatedByCode,Updated By (Code),text/binary,Unknown,Attribution,staff_profile,updatedbycode,Refactor,Security review
MAP-01741,EP,index (7).html,Demographics,,gender,Gender,coded select,Unknown,Demographics,patient,gender,Reuse,Mapped shared core
MAP-01742,EP,index (7).html,Demographics,,nationality,Nationality,text/binary,Unknown,Demographics,patient,nationality,Reuse,Mapped shared core
MAP-01743,EP,index (7).html,Demographics,,yob,Year of Birth,number,Unknown,Demographics,patient,yob,Reuse,Mapped shared core
MAP-01744,EP,index (7).html,Demographics,,estimatedAge,Age (yrs),number,Unknown,Demographics,patient,estimatedage,Reuse,Mapped shared core
MAP-01745,EP,index (7).html,Demographics,,admissionDate,Admission Date,date,Unknown,Episode,care_episode,admissiondate,Refactor,Mapped shared core
MAP-01746,EP,index (7).html,Demographics,,patientContact,Patient Contact,text/binary,Unknown,Contact,patient_contact,patientcontact,Refactor,Privacy review
MAP-01747,EP,index (7).html,Demographics,,relativeContact,Relative Contact,text/binary,Unknown,Contact,patient_contact,relativecontact,Refactor,Privacy review
MAP-01748,EP,index (7).html,Demographics,,recordStatus,Record Status,text/binary,Unknown,Workflow,form_instance,recordstatus,Refactor,Mapped shared core
MAP-01749,EP,index (7).html,Demographics,,submissionType,Submission Type,text/binary,Unknown,Workflow,form_instance,submissiontype,Refactor,Mapped shared core
MAP-01750,EP,index (7).html,Demographics,,epReason,EP Lab Reason,coded select,Unknown,Module extension,form_response,epreason,Refactor,Domain review
MAP-01751,EP,index (7).html,Demographics,,pacemakerType,Pacemaker Type,coded select,Unknown,Procedure,procedure,pacemakertype,Refactor,Procedure review
MAP-01752,EP,index (7).html,Demographics,,patientOrigin,Patient Origin,coded select,Unknown,Episode,care_episode,patientorigin,Refactor,Mapped shared core
MAP-01753,EP,index (7).html,History & Vitals,,sysBp,Systolic BP,number,Unknown,Observation,observation,sysbp,Refactor,Unit/code review
MAP-01754,EP,index (7).html,History & Vitals,,sysBpUnrec,SysBP Unrecordable,text/binary,Unknown,Registry metadata,form_response,value,Refactor,Domain review
MAP-01755,EP,index (7).html,History & Vitals,,diaBp,Diastolic BP,number,Unknown,Observation,observation,diabp,Refactor,Unit/code review
MAP-01756,EP,index (7).html,History & Vitals,,diaBpUnrec,DiaBP Unrecordable,text/binary,Unknown,Registry metadata,form_response,value,Refactor,Domain review
MAP-01757,EP,index (7).html,History & Vitals,,hr,Heart Rate,number,Unknown,Observation,observation,hr,Refactor,Unit/code review
MAP-01758,EP,index (7).html,History & Vitals,,hrUnrec,HR Unrecordable,text/binary,Unknown,Registry metadata,form_response,value,Refactor,Domain review
MAP-01759,EP,index (7).html,History & Vitals,,weight,Weight (kg),number,Unknown,Observation,observation,weight,Refactor,Unit/code review
MAP-01760,EP,index (7).html,History & Vitals,,weightUnrec,Weight Unrecordable,text/binary,Unknown,Observation,observation,weightunrec,Refactor,Unit/code review
MAP-01761,EP,index (7).html,History & Vitals,,height,Height (cm),number,Unknown,Observation,observation,height,Refactor,Unit/code review
MAP-01762,EP,index (7).html,History & Vitals,,heightUnrec,Height Unrecordable,text/binary,Unknown,Observation,observation,heightunrec,Refactor,Unit/code review
MAP-01763,EP,index (7).html,History & Vitals,,hx_afib,Atrial Fibrillation,text/binary,Unknown,Condition,condition,hx_afib,Refactor,Terminology review
MAP-01764,EP,index (7).html,History & Vitals,,afibClassification,AFib Classification,coded select,Unknown,Condition,condition,afibclassification,Refactor,Terminology review
MAP-01765,EP,index (7).html,History & Vitals,,afibEHRA,AFib EHRA classification,coded select,Unknown,Assessment,functional_assessment,afibehra,Refactor,Clinical rule review
MAP-01766,EP,index (7).html,History & Vitals,,afibCardioversion,Plans for Cardioversion,text/binary,Unknown,Procedure,procedure,afibcardioversion,Refactor,Procedure review
MAP-01767,EP,index (7).html,History & Vitals,,afibChads,CHADs-VA,number,Unknown,Assessment,calc_result,afibchads,Refactor,Clinical rule review
MAP-01768,EP,index (7).html,History & Vitals,,afibHasBled,HAS-BLED,number,Unknown,Assessment,calc_result,afibhasbled,Refactor,Clinical rule review
MAP-01769,EP,index (7).html,History & Vitals,,afibPriorAblation,Prior Ablation Attempt,text/binary,Unknown,Procedure,procedure,afibpriorablation,Refactor,Procedure review
MAP-01770,EP,index (7).html,History & Vitals,,afibContraOAC,Contraindication to OAC,text/binary,Unknown,Condition,condition,afibcontraoac,Refactor,Terminology review
MAP-01771,EP,index (7).html,History & Vitals,,afibMajorBleed,Prior Major Bleeding,text/binary,Unknown,Safety event,complication,afibmajorbleed,Refactor,Endpoint review
MAP-01772,EP,index (7).html,History & Vitals,,hx_cardiacArrest,Cardiac Arrest,text/binary,Unknown,Safety event,complication,hx_cardiacarrest,Refactor,Endpoint review
MAP-01773,EP,index (7).html,History & Vitals,,arrestBradycardia,Arrest: Bradycardia,text/binary,Unknown,Registry metadata,form_response,value,Refactor,Domain review
MAP-01774,EP,index (7).html,History & Vitals,,arrestVF,Arrest: VF,text/binary,Unknown,Registry metadata,form_response,value,Refactor,Domain review
MAP-01775,EP,index (7).html,History & Vitals,,arrestVT,Arrest: VT,text/binary,Unknown,Registry metadata,form_response,value,Refactor,Domain review
MAP-01776,EP,index (7).html,History & Vitals,,arrestAsystole,Asystole Arrest,text/binary,Unknown,Registry metadata,form_response,value,Refactor,Domain review
MAP-01777,EP,index (7).html,History & Vitals,,hx_icm,Cardiomyopathy,text/binary,Unknown,Condition,condition,hx_icm,Refactor,Terminology review
MAP-01778,EP,index (7).html,History & Vitals,,icmTimeframe,Cardiomyopathy Timeframe,coded select,Unknown,Condition,condition,icmtimeframe,Refactor,Terminology review
MAP-01779,EP,index (7).html,History & Vitals,,icmGDMT,Cardiomyopathy GDMT,coded select,Unknown,Condition,condition,icmgdmt,Refactor,Terminology review
MAP-01780,EP,index (7).html,History & Vitals,,hx_hf,Heart Failure,text/binary,Unknown,Condition,condition,hx_hf,Refactor,Terminology review
MAP-01781,EP,index (7).html,History & Vitals,,hfType,HF Type,coded select,Unknown,Condition,condition,hftype,Refactor,Terminology review
MAP-01782,EP,index (7).html,History & Vitals,,hx_ca,Coronary Angiography,text/binary,Unknown,Procedure,procedure,hx_ca,Refactor,Procedure review
MAP-01783,EP,index (7).html,History & Vitals,,caRecent,CA within 6 months,text/binary,Unknown,Registry metadata,form_response,value,Refactor,Domain review
MAP-01784,EP,index (7).html,History & Vitals,,caAfterArrest,CA After Arrest,text/binary,Unknown,Registry metadata,form_response,value,Refactor,Domain review
MAP-01785,EP,index (7).html,History & Vitals,,hx_cad,CAD,text/binary,Unknown,Condition,condition,hx_cad,Refactor,Terminology review
MAP-01786,EP,index (7).html,History & Vitals,,hx_mi,Prior MI,text/binary,Unknown,Outcome,clinical_event,hx_mi,Refactor,Endpoint review
MAP-01787,EP,index (7).html,History & Vitals,,hx_pci,Prior PCI,text/binary,Unknown,Procedure,procedure,hx_pci,Refactor,Procedure review
MAP-01788,EP,index (7).html,History & Vitals,,pciRecent,PCI within 6 months,text/binary,Unknown,Procedure,procedure,pcirecent,Refactor,Procedure review
MAP-01789,EP,index (7).html,History & Vitals,,hx_cabg,Prior CABG,text/binary,Unknown,Procedure,procedure,hx_cabg,Refactor,Procedure review
MAP-01790,EP,index (7).html,History & Vitals,,cabgRecent,CABG within 6 months,text/binary,Unknown,Procedure,procedure,cabgrecent,Refactor,Procedure review
MAP-01791,EP,index (7).html,History & Vitals,,hx_valve,Valvular HD,text/binary,Unknown,Condition,condition,hx_valve,Refactor,Terminology review
MAP-01792,EP,index (7).html,History & Vitals,,hx_cvd,Cerebrovascular Disease,text/binary,Unknown,Condition,condition,hx_cvd,Refactor,Terminology review
MAP-01793,EP,index (7).html,History & Vitals,,hx_lung,Chronic Lung Disease,text/binary,Unknown,Condition,condition,hx_lung,Refactor,Terminology review
MAP-01794,EP,index (7).html,History & Vitals,,hx_dialysis,On Dialysis,text/binary,Unknown,Condition,condition,hx_dialysis,Refactor,Terminology review
MAP-01795,EP,index (7).html,History & Vitals,,hx_dm,Diabetes Mellitus,text/binary,Unknown,Condition,condition,hx_dm,Refactor,Terminology review
MAP-01796,EP,index (7).html,History & Vitals,,hx_htn,Hypertension,text/binary,Unknown,Condition,condition,hx_htn,Refactor,Terminology review
MAP-01797,EP,index (7).html,History & Vitals,,hx_familialSyndrome,Familial Syndrome,text/binary,Unknown,Registry metadata,form_response,value,Refactor,Domain review
MAP-01798,EP,index (7).html,History & Vitals,,hx_ssd,Sudden Death Syndrome,text/binary,Unknown,Outcome,clinical_event,hx_ssd,Refactor,Endpoint review
MAP-01799,EP,index (7).html,History & Vitals,,ssd_type,Sudden Death Syndrome Type,coded select,Unknown,Outcome,clinical_event,ssd_type,Refactor,Endpoint review
MAP-01800,EP,index (7).html,History & Vitals,,hx_struct,Structural Abnormalities,text/binary,Unknown,Registry metadata,form_response,value,Refactor,Domain review
MAP-01801,EP,index (7).html,History & Vitals,,struct_arvc,Struct: ARVC,text/binary,Unknown,Registry metadata,form_response,value,Refactor,Domain review
MAP-01802,EP,index (7).html,History & Vitals,,struct_congenital,Struct: Congenital HD,text/binary,Unknown,Registry metadata,form_response,value,Refactor,Domain review
MAP-01803,EP,index (7).html,History & Vitals,,struct_hcm,Struct: HCM,text/binary,Unknown,Registry metadata,form_response,value,Refactor,Domain review
MAP-01804,EP,index (7).html,History & Vitals,,struct_infiltrative,Struct: Infiltrative,text/binary,Unknown,Registry metadata,form_response,value,Refactor,Domain review
MAP-01805,EP,index (7).html,History & Vitals,,struct_lv,Struct: LV Abnormality,text/binary,Unknown,Registry metadata,form_response,value,Refactor,Domain review
MAP-01806,EP,index (7).html,History & Vitals,,hx_syncope,Syncope,text/binary,Unknown,Registry metadata,form_response,value,Refactor,Domain review
MAP-01807,EP,index (7).html,History & Vitals,,syncopeRecent,Syncope within 6 months,text/binary,Unknown,Registry metadata,form_response,value,Refactor,Domain review
MAP-01808,EP,index (7).html,History & Vitals,,hx_svt,Paroxysmal SVT,text/binary,Unknown,Registry metadata,form_response,value,Refactor,Domain review
MAP-01809,EP,index (7).html,History & Vitals,,hx_vf,VF,text/binary,Unknown,Registry metadata,form_response,value,Refactor,Domain review
MAP-01810,EP,index (7).html,History & Vitals,,hx_vt,VT,text/binary,Unknown,Registry metadata,form_response,value,Refactor,Domain review
MAP-01811,EP,index (7).html,History & Vitals,,hx_avp,Aortic Valve Procedure,text/binary,Unknown,Procedure,procedure,hx_avp,Refactor,Procedure review
MAP-01812,EP,index (7).html,History & Vitals,,avpType,AVP Type,coded select,Unknown,Module extension,form_response,avptype,Refactor,Domain review
MAP-01813,EP,index (7).html,History & Vitals,,avpRecent,AVP within 6 months,text/binary,Unknown,Registry metadata,form_response,value,Refactor,Domain review
MAP-01814,EP,index (7).html,History & Vitals,,hx_mvp,Mitral Valve Procedure,text/binary,Unknown,Procedure,procedure,hx_mvp,Refactor,Procedure review
MAP-01815,EP,index (7).html,History & Vitals,,mvpType,MVP Type,coded select,Unknown,Module extension,form_response,mvptype,Refactor,Domain review
MAP-01816,EP,index (7).html,History & Vitals,,mvpRecent,MVP within 6 months,text/binary,Unknown,Registry metadata,form_response,value,Refactor,Domain review
MAP-01817,EP,index (7).html,History & Vitals,,hx_cied,Prior CIED,text/binary,Unknown,Procedure,procedure,hx_cied,Refactor,Procedure review
MAP-01818,EP,index (7).html,History & Vitals,,cied_type,Prior CIED Device Type,coded select,Unknown,Procedure,procedure,cied_type,Refactor,Procedure review
MAP-01819,EP,index (7).html,Home Medications,,homeMed_amiodarone,Home Med: Amiodarone,binary medication,Unknown,Medication,medication_statement,homemed_amiodarone,Refactor,Medication review
MAP-01820,EP,index (7).html,Home Medications,,homeMed_disopyramide,Home Med: Disopyramide,binary medication,Unknown,Medication,medication_statement,homemed_disopyramide,Refactor,Medication review
MAP-01821,EP,index (7).html,Home Medications,,homeMed_flecainide,Home Med: Flecainide,binary medication,Unknown,Medication,medication_statement,homemed_flecainide,Refactor,Medication review
MAP-01822,EP,index (7).html,Home Medications,,homeMed_procainamide,Home Med: Procainamide,binary medication,Unknown,Medication,medication_statement,homemed_procainamide,Refactor,Medication review
MAP-01823,EP,index (7).html,Home Medications,,homeMed_propafenone,Home Med: Propafenone,binary medication,Unknown,Medication,medication_statement,homemed_propafenone,Refactor,Medication review
MAP-01824,EP,index (7).html,Home Medications,,homeMed_sotalol,Home Med: Sotalol,binary medication,Unknown,Medication,medication_statement,homemed_sotalol,Refactor,Medication review
MAP-01825,EP,index (7).html,Home Medications,,homeMed_dofetilide,Home Med: Dofetilide,binary medication,Unknown,Medication,medication_statement,homemed_dofetilide,Refactor,Medication review
MAP-01826,EP,index (7).html,Home Medications,,homeMed_dronaderone,Home Med: Dronaderone,binary medication,Unknown,Medication,medication_statement,homemed_dronaderone,Refactor,Medication review
MAP-01827,EP,index (7).html,Home Medications,,homeMed_verapamil,Home Med: Verapamil,binary medication,Unknown,Medication,medication_statement,homemed_verapamil,Refactor,Medication review
MAP-01828,EP,index (7).html,Home Medications,,homeMed_diltiazem,Home Med: Diltiazem,binary medication,Unknown,Outcome,clinical_event,homemed_diltiazem,Refactor,Endpoint review
MAP-01829,EP,index (7).html,Home Medications,,homeMed_warfarin,Home Med: Warfarin,binary medication,Unknown,Medication,medication_statement,homemed_warfarin,Refactor,Medication review
MAP-01830,EP,index (7).html,Home Medications,,homeMed_dabigatran,Home Med: Dabigatran,binary medication,Unknown,Medication,medication_statement,homemed_dabigatran,Refactor,Medication review
MAP-01831,EP,index (7).html,Home Medications,,homeMed_apixaban,Home Med: Apixaban,binary medication,Unknown,Medication,medication_statement,homemed_apixaban,Refactor,Medication review
MAP-01832,EP,index (7).html,Home Medications,,homeMed_rivaroxaban,Home Med: Rivaroxaban,binary medication,Unknown,Medication,medication_statement,homemed_rivaroxaban,Refactor,Medication review
MAP-01833,EP,index (7).html,Home Medications,,homeMed_edoxaban,Home Med: Edoxaban,binary medication,Unknown,Medication,medication_statement,homemed_edoxaban,Refactor,Medication review
MAP-01834,EP,index (7).html,Home Medications,,homeMed_lmwh,Home Med: LMWH,binary medication,Unknown,Medication,medication_statement,homemed_lmwh,Refactor,Medication review
MAP-01835,EP,index (7).html,Home Medications,,homeMed_aspirin,Home Med: Aspirin,binary medication,Unknown,Medication,medication_statement,homemed_aspirin,Refactor,Medication review
MAP-01836,EP,index (7).html,Home Medications,,homeMed_prasugrel,Home Med: Prasugrel,binary medication,Unknown,Medication,medication_statement,homemed_prasugrel,Refactor,Medication review
MAP-01837,EP,index (7).html,Home Medications,,homeMed_clopidogrel,Home Med: Clopidogrel,binary medication,Unknown,Medication,medication_statement,homemed_clopidogrel,Refactor,Medication review
MAP-01838,EP,index (7).html,Home Medications,,homeMed_ticagrelor,Home Med: Ticagrelor,binary medication,Unknown,Medication,medication_statement,homemed_ticagrelor,Refactor,Medication review
MAP-01839,EP,index (7).html,Home Medications,,homeMed_acei,Home Med: ACE-I,binary medication,Unknown,Medication,medication_statement,homemed_acei,Refactor,Medication review
MAP-01840,EP,index (7).html,Home Medications,,homeMed_arb,Home Med: ARB,binary medication,Unknown,Medication,medication_statement,homemed_arb,Refactor,Medication review
MAP-01841,EP,index (7).html,Home Medications,,homeMed_arni,Home Med: ARNI,binary medication,Unknown,Medication,medication_statement,homemed_arni,Refactor,Medication review
MAP-01842,EP,index (7).html,Home Medications,,homeMed_sglt,Home Med: SGLT inhibitor,binary medication,Unknown,Medication,medication_statement,homemed_sglt,Refactor,Medication review
MAP-01843,EP,index (7).html,Home Medications,,homeMed_betablocker,Home Med: Beta Blockers,binary medication,Unknown,Medication,medication_statement,homemed_betablocker,Refactor,Medication review
MAP-01844,EP,index (7).html,Home Medications,,homeMed_mra,Home Med: MRA,binary medication,Unknown,Medication,medication_statement,homemed_mra,Refactor,Medication review
MAP-01845,EP,index (7).html,Home Medications,,homeMed_digoxin,Home Med: Digoxin,binary medication,Unknown,Medication,medication_statement,homemed_digoxin,Refactor,Medication review
MAP-01846,EP,index (7).html,Home Medications,,homeMed_loopdiuretic,Home Med: Loop diuretics,binary medication,Unknown,Medication,medication_statement,homemed_loopdiuretic,Refactor,Medication review
MAP-01847,EP,index (7).html,Home Medications,,homeMed_ivabradine,Home Med: Ivabradine,binary medication,Unknown,Medication,medication_statement,homemed_ivabradine,Refactor,Medication review
MAP-01848,EP,index (7).html,Investigations & Labs,,inv_ecg,ECG,text/binary,Unknown,Diagnostic study,imaging_study,inv_ecg,Refactor,Imaging review
MAP-01849,EP,index (7).html,Investigations & Labs,,ecgAtrialRhythm,ECG Atrial Rhythm,coded select,Unknown,Diagnostic study,imaging_study,ecgatrialrhythm,Refactor,Imaging review
MAP-01850,EP,index (7).html,Investigations & Labs,,ecgNodal,ECG Nodal Rhythm,text/binary,Unknown,Diagnostic study,imaging_study,ecgnodal,Refactor,Imaging review
MAP-01851,EP,index (7).html,Investigations & Labs,,ecgNodalType,ECG Nodal Rhythm Type,coded select,Unknown,Diagnostic study,imaging_study,ecgnodaltype,Refactor,Imaging review
MAP-01852,EP,index (7).html,Investigations & Labs,,ecgVentRhythm,ECG Vent Rhythm,coded select,Unknown,Diagnostic study,imaging_study,ecgventrhythm,Refactor,Imaging review
MAP-01853,EP,index (7).html,Investigations & Labs,,ecgQRS,QRS (msec),number,Unknown,Diagnostic study,imaging_study,ecgqrs,Refactor,Imaging review
MAP-01854,EP,index (7).html,Investigations & Labs,,ecgQRSna,QRS Not Assessed,text/binary,Unknown,Diagnostic study,imaging_study,ecgqrsna,Refactor,Imaging review
MAP-01855,EP,index (7).html,Investigations & Labs,,inv_holter,Holter,text/binary,Unknown,Diagnostic study,imaging_study,inv_holter,Refactor,Imaging review
MAP-01856,EP,index (7).html,Investigations & Labs,,holterAtrialRhythm,Holter Atrial Rhythm,coded select,Unknown,Diagnostic study,imaging_study,holteratrialrhythm,Refactor,Imaging review
MAP-01857,EP,index (7).html,Investigations & Labs,,holterVentRhythm,Holter Vent Rhythm,coded select,Unknown,Diagnostic study,imaging_study,holterventrhythm,Refactor,Imaging review
MAP-01858,EP,index (7).html,Investigations & Labs,,inv_tte,TTE,text/binary,Unknown,Registry metadata,form_response,value,Refactor,Domain review
MAP-01859,EP,index (7).html,Investigations & Labs,,lvef,LVEF (%),number,Unknown,Diagnostic study,imaging_measurement,lvef,Refactor,Imaging review
MAP-01860,EP,index (7).html,Investigations & Labs,,lvefNA,LVEF Not Assessed,text/binary,Unknown,Diagnostic study,imaging_measurement,lvefna,Refactor,Imaging review
MAP-01861,EP,index (7).html,Investigations & Labs,,lvesd,LVESD (mm),number,Unknown,Diagnostic study,imaging_measurement,lvesd,Refactor,Imaging review
MAP-01862,EP,index (7).html,Investigations & Labs,,lvedd,LVEDD (mm),number,Unknown,Diagnostic study,imaging_measurement,lvedd,Refactor,Imaging review
MAP-01863,EP,index (7).html,Investigations & Labs,,rvsp,RVSP (mmHg),number,Unknown,Diagnostic study,imaging_measurement,rvsp,Refactor,Imaging review
MAP-01864,EP,index (7).html,Investigations & Labs,,rvspNA,RVSP Not Assessed,text/binary,Unknown,Diagnostic study,imaging_measurement,rvspna,Refactor,Imaging review
MAP-01865,EP,index (7).html,Investigations & Labs,,inv_sevValve,Severe Valve Disease,text/binary,Unknown,Registry metadata,form_response,value,Refactor,Domain review
MAP-01866,EP,index (7).html,Investigations & Labs,,sevMR,Severe MR,text/binary,Unknown,Diagnostic study,imaging_measurement,sevmr,Refactor,Imaging review
MAP-01867,EP,index (7).html,Investigations & Labs,,sevAS,Severe AS,text/binary,Unknown,Diagnostic study,imaging_measurement,sevas,Refactor,Imaging review
MAP-01868,EP,index (7).html,Investigations & Labs,,sevAR,Severe AR,text/binary,Unknown,Diagnostic study,imaging_measurement,sevar,Refactor,Imaging review
MAP-01869,EP,index (7).html,Investigations & Labs,,sevTR,Severe TR,text/binary,Unknown,Diagnostic study,imaging_measurement,sevtr,Refactor,Imaging review
MAP-01870,EP,index (7).html,Investigations & Labs,,intracardThrombus,Intracardiac Thrombus,text/binary,Unknown,Registry metadata,form_response,value,Refactor,Domain review
MAP-01871,EP,index (7).html,Investigations & Labs,,inv_tee,TEE,text/binary,Unknown,Diagnostic study,imaging_study,inv_tee,Refactor,Imaging review
MAP-01872,EP,index (7).html,Investigations & Labs,,teeThrombus,TEE Atrial Thrombus,text/binary,Unknown,Diagnostic study,imaging_study,teethrombus,Refactor,Imaging review
MAP-01873,EP,index (7).html,Investigations & Labs,,inv_laa,LAA Morphology,text/binary,Unknown,Registry metadata,form_response,value,Refactor,Domain review
MAP-01874,EP,index (7).html,Investigations & Labs,,laaOstial,LAA Ostial Diameter (mm),number,Unknown,Outcome,clinical_event,laaostial,Refactor,Endpoint review
MAP-01875,EP,index (7).html,Investigations & Labs,,laaDepth,LAA Depth (mm),number,Unknown,Diagnostic study,imaging_measurement,laadepth,Refactor,Imaging review
MAP-01876,EP,index (7).html,Investigations & Labs,,inv_tiltTable,Tilting table test performed,text/binary,Unknown,Registry metadata,form_response,value,Refactor,Domain review
MAP-01877,EP,index (7).html,Investigations & Labs,,inv_loopRecorder,Implantable loop recorder performed,text/binary,Unknown,Registry metadata,form_response,value,Refactor,Domain review
MAP-01878,EP,index (7).html,Investigations & Labs,,inv_cardiacCT,Cardiac CT,text/binary,Unknown,Diagnostic study,imaging_study,inv_cardiacct,Refactor,Imaging review
MAP-01879,EP,index (7).html,Investigations & Labs,,inv_cmr,Cardiac MRI,text/binary,Unknown,Diagnostic study,imaging_study,inv_cmr,Refactor,Imaging review
MAP-01880,EP,index (7).html,Investigations & Labs,,creatInit,Creatinine Initial,number,Unknown,Outcome,clinical_event,creatinit,Refactor,Endpoint review
MAP-01881,EP,index (7).html,Investigations & Labs,,creatInitNA,Creat Init Not Collected,text/binary,Unknown,Registry metadata,form_response,value,Refactor,Domain review
MAP-01882,EP,index (7).html,Investigations & Labs,,creatPeak,Creatinine Peak,number,Unknown,Laboratory,lab_result,creatpeak,Refactor,Unit/code review
MAP-01883,EP,index (7).html,Investigations & Labs,,creatPeakNA,Creat Peak Not Collected,text/binary,Unknown,Registry metadata,form_response,value,Refactor,Domain review
MAP-01884,EP,index (7).html,Investigations & Labs,,hgbInit,Hgb Initial,number,Unknown,Outcome,clinical_event,hgbinit,Refactor,Endpoint review
MAP-01885,EP,index (7).html,Investigations & Labs,,hgbInitNA,Hgb Init Not Collected,text/binary,Unknown,Laboratory,lab_result,hgbinitna,Refactor,Unit/code review
MAP-01886,EP,index (7).html,Investigations & Labs,,hgbLowest,Hgb Lowest,number,Unknown,Laboratory,lab_result,hgblowest,Refactor,Unit/code review
MAP-01887,EP,index (7).html,Investigations & Labs,,hgbLowestNA,Hgb Lowest Not Collected,text/binary,Unknown,Laboratory,lab_result,hgblowestna,Refactor,Unit/code review
MAP-01888,EP,index (7).html,Investigations & Labs,,sodium,Sodium,number,Unknown,Laboratory,lab_result,sodium,Refactor,Unit/code review
MAP-01889,EP,index (7).html,Investigations & Labs,,sodiumNA,Sodium Not Collected,text/binary,Unknown,Laboratory,lab_result,sodiumna,Refactor,Unit/code review
MAP-01890,EP,index (7).html,Investigations & Labs,,potassium,Potassium,number,Unknown,Laboratory,lab_result,potassium,Refactor,Unit/code review
MAP-01891,EP,index (7).html,Investigations & Labs,,potassiumNA,Potassium Not Collected,text/binary,Unknown,Laboratory,lab_result,potassiumna,Refactor,Unit/code review
MAP-01892,EP,index (7).html,Investigations & Labs,,magnesium,Magnesium,number,Unknown,Laboratory,lab_result,magnesium,Refactor,Unit/code review
MAP-01893,EP,index (7).html,Investigations & Labs,,magnesiumNA,Magnesium Not Collected,text/binary,Unknown,Laboratory,lab_result,magnesiumna,Refactor,Unit/code review
MAP-01894,EP,index (7).html,Investigations & Labs,,inr,INR,number,Unknown,Laboratory,lab_result,inr,Refactor,Unit/code review
MAP-01895,EP,index (7).html,Investigations & Labs,,inrNA,INR Not Collected,text/binary,Unknown,Laboratory,lab_result,inrna,Refactor,Unit/code review
MAP-01896,EP,index (7).html,Procedure Details,,procStartDate,Procedure Date,date,Unknown,Procedure,procedure,procstartdate,Refactor,Procedure review
MAP-01897,EP,index (7).html,Procedure Details,,procStartTime,Proc Start Time,time,Unknown,Registry metadata,form_response,value,Refactor,Domain review
MAP-01898,EP,index (7).html,Procedure Details,,procEndTime,Proc End Time,time,Unknown,Registry metadata,form_response,value,Refactor,Domain review
MAP-01899,EP,index (7).html,Procedure Details,,operatorName,Operator,text/binary,Unknown,Attribution,staff_profile,operatorname,Refactor,Security review
MAP-01900,EP,index (7).html,Procedure Details,,crtInd_surv,CRT Ind: Cardiac Arrest Survivors,text/binary,Unknown,Safety event,complication,crtind_surv,Refactor,Endpoint review
MAP-01901,EP,index (7).html,Procedure Details,,crtInd_eps,CRT Ind: Inducible VT by EPS,text/binary,Unknown,Procedure,procedure,crtind_eps,Refactor,Procedure review
MAP-01902,EP,index (7).html,Procedure Details,,crtInd_icmEF,CRT Ind: ICM EF≤35%,text/binary,Unknown,Procedure,procedure,crtind_icmef,Refactor,Procedure review
MAP-01903,EP,index (7).html,Procedure Details,,crtInd_nicmEF,CRT Ind: Non-ICM EF≤35%,text/binary,Unknown,Procedure,procedure,crtind_nicmef,Refactor,Procedure review
MAP-01904,EP,index (7).html,Procedure Details,,crtInd_vtUnresp,CRT Ind: VT not responding to ablation/medical therapy,text/binary,Unknown,Procedure,procedure,crtind_vtunresp,Refactor,Procedure review
MAP-01905,EP,index (7).html,Procedure Details,,crtInherited,CRT: Inherited heart disease w/ SCD risk,text/binary,Unknown,Procedure,procedure,crtinherited,Refactor,Procedure review
MAP-01906,EP,index (7).html,Procedure Details,,crtInh_longqt,CRT Inherited HD: Long QT syndrome,text/binary,Unknown,Procedure,procedure,crtinh_longqt,Refactor,Procedure review
MAP-01907,EP,index (7).html,Procedure Details,,crtInh_hcm,CRT Inherited HD: HCM,text/binary,Unknown,Procedure,procedure,crtinh_hcm,Refactor,Procedure review
MAP-01908,EP,index (7).html,Procedure Details,,crtInh_brugada,CRT Inherited HD: Brugada syndrome,text/binary,Unknown,Procedure,procedure,crtinh_brugada,Refactor,Procedure review
MAP-01909,EP,index (7).html,Procedure Details,,crtInh_arvd,CRT Inherited HD: ARVD/C,text/binary,Unknown,Procedure,procedure,crtinh_arvd,Refactor,Procedure review
MAP-01910,EP,index (7).html,Procedure Details,,crtInh_cpvt,CRT Inherited HD: CPVT,text/binary,Unknown,Procedure,procedure,crtinh_cpvt,Refactor,Procedure review
MAP-01911,EP,index (7).html,Procedure Details,,crtDeviceType,CRT: Device Type,coded select,Unknown,Procedure,procedure,crtdevicetype,Refactor,Procedure review
MAP-01912,EP,index (7).html,Procedure Details,,crtPpmSame,CRT: Pacemaker same procedure,text/binary,Unknown,Procedure,procedure,crtppmsame,Refactor,Procedure review
MAP-01913,EP,index (7).html,Procedure Details,,crtPpmType,CRT: Pacemaker type,coded select,Unknown,Procedure,procedure,crtppmtype,Refactor,Procedure review
MAP-01914,EP,index (7).html,Procedure Details,,crtLbbbQRS,CRT LBBB: QRS width post (msec),number,Unknown,Procedure,procedure,crtlbbbqrs,Refactor,Procedure review
MAP-01915,EP,index (7).html,Procedure Details,,crtLbbbQRSna,CRT LBBB: QRS Not Assessed,text/binary,Unknown,Procedure,procedure,crtlbbbqrsna,Refactor,Procedure review
MAP-01916,EP,index (7).html,Procedure Details,,crtBrady,CRT: Any Bradycardia indications,text/binary,Unknown,Procedure,procedure,crtbrady,Refactor,Procedure review
MAP-01917,EP,index (7).html,Procedure Details,,crtBradyReason,CRT: Bradycardia pacing reason,coded select,Unknown,Procedure,procedure,crtbradyreason,Refactor,Procedure review
MAP-01918,EP,index (7).html,Procedure Details,,crtNewLead,CRT: New lead,text/binary,Unknown,Procedure,device_lead_or_interrogation,crtnewlead,Refactor,Procedure review
MAP-01919,EP,index (7).html,Procedure Details,,crtExistingLead,CRT: Existing lead,text/binary,Unknown,Procedure,device_lead_or_interrogation,crtexistinglead,Refactor,Procedure review
MAP-01920,EP,index (7).html,Procedure Details,,crtLeadStatus,CRT: Lead status,coded select,Unknown,Procedure,device_lead_or_interrogation,crtleadstatus,Refactor,Procedure review
MAP-01921,EP,index (7).html,Procedure Details,,crtAdditionalLead,CRT: Additional lead to existing,text/binary,Unknown,Procedure,device_lead_or_interrogation,crtadditionallead,Refactor,Procedure review
MAP-01922,EP,index (7).html,Procedure Details,,tpmIndication,TPM: Indication,coded select,Unknown,Module extension,form_response,tpmindication,Refactor,Domain review
MAP-01923,EP,index (7).html,Procedure Details,,tpmCause_electrolyte,TPM Cause: Electrolyte imbalance,text/binary,Unknown,Module extension,form_response,tpmcause_electrolyte,Refactor,Domain review
MAP-01924,EP,index (7).html,Procedure Details,,tpmCause_drug,TPM Cause: Drug induced,text/binary,Unknown,Module extension,form_response,tpmcause_drug,Refactor,Domain review
MAP-01925,EP,index (7).html,Procedure Details,,tpmDrug_avBlock,TPM Drug: AV blocking agent,text/binary,Unknown,Registry metadata,form_response,value,Refactor,Domain review
MAP-01926,EP,index (7).html,Procedure Details,,tpmCause_digitalis,TPM Cause: Digitalis toxicity,text/binary,Unknown,Module extension,form_response,tpmcause_digitalis,Refactor,Domain review
MAP-01927,EP,index (7).html,Procedure Details,,tpmCause_antiarr,TPM Cause: Anti-arrhythmic,text/binary,Unknown,Outcome,clinical_event,tpmcause_antiarr,Refactor,Endpoint review
MAP-01928,EP,index (7).html,Procedure Details,,tpmCause_acuteMI,TPM Cause: Acute MI,text/binary,Unknown,Outcome,clinical_event,tpmcause_acutemi,Refactor,Endpoint review
MAP-01929,EP,index (7).html,Procedure Details,,tpmMIType,TPM: Acute MI type,text/binary,Unknown,Outcome,clinical_event,tpmmitype,Refactor,Endpoint review
MAP-01930,EP,index (7).html,Procedure Details,,tpmCause_myocarditis,TPM Cause: Myocarditis,text/binary,Unknown,Module extension,form_response,tpmcause_myocarditis,Refactor,Domain review
MAP-01931,EP,index (7).html,Procedure Details,,tpmCause_endocarditis,TPM Cause: Endocarditis,text/binary,Unknown,Module extension,form_response,tpmcause_endocarditis,Refactor,Domain review
MAP-01932,EP,index (7).html,Procedure Details,,tpmCause_postArrest,TPM Cause: Post cardiac arrest,text/binary,Unknown,Safety event,complication,tpmcause_postarrest,Refactor,Endpoint review
MAP-01933,EP,index (7).html,Procedure Details,,tpmCause_degenerative,TPM Cause: Degenerative,text/binary,Unknown,Module extension,form_response,tpmcause_degenerative,Refactor,Domain review
MAP-01934,EP,index (7).html,Procedure Details,,tpmCause_hypothermia,TPM Cause: Hypothermia,text/binary,Unknown,Module extension,form_response,tpmcause_hypothermia,Refactor,Domain review
MAP-01935,EP,index (7).html,Procedure Details,,tpmCause_bridge,TPM Cause: Bridge to PPM,text/binary,Unknown,Procedure,procedure,tpmcause_bridge,Refactor,Procedure review
MAP-01936,EP,index (7).html,Procedure Details,,tpmCause_postTAVI,TPM Cause: Post TAVI/valve replacement,text/binary,Unknown,Procedure,procedure,tpmcause_posttavi,Refactor,Procedure review
MAP-01937,EP,index (7).html,Procedure Details,,tpmCause_unknown,TPM Cause: Unknown,text/binary,Unknown,Module extension,form_response,tpmcause_unknown,Refactor,Domain review
MAP-01938,EP,index (7).html,Procedure Details,,ppmDev_type,PPM Device Implant Type,coded select,Unknown,Procedure,procedure,ppmdev_type,Refactor,Procedure review
MAP-01939,EP,index (7).html,Procedure Details,,ppmLbbbQRS,PPM LBBB: QRS width post (msec),number,Unknown,Procedure,procedure,ppmlbbbqrs,Refactor,Procedure review
MAP-01940,EP,index (7).html,Procedure Details,,ppmLbbbQRSna,PPM LBBB: QRS Not Assessed,text/binary,Unknown,Procedure,procedure,ppmlbbbqrsna,Refactor,Procedure review
MAP-01941,EP,index (7).html,Procedure Details,,ppmIndication,PPM: Indication,coded select,Unknown,Procedure,procedure,ppmindication,Refactor,Procedure review
MAP-01942,EP,index (7).html,Procedure Details,,ppmNewLead,PPM: New lead,text/binary,Unknown,Procedure,device_lead_or_interrogation,ppmnewlead,Refactor,Procedure review
MAP-01943,EP,index (7).html,Procedure Details,,ppmExistingLead,PPM: Existing lead,text/binary,Unknown,Procedure,device_lead_or_interrogation,ppmexistinglead,Refactor,Procedure review
MAP-01944,EP,index (7).html,Procedure Details,,ppmLeadStatus,PPM: Lead status,coded select,Unknown,Procedure,device_lead_or_interrogation,ppmleadstatus,Refactor,Procedure review
MAP-01945,EP,index (7).html,Procedure Details,,ppmAdditionalLead,PPM: Additional lead to existing,text/binary,Unknown,Procedure,device_lead_or_interrogation,ppmadditionallead,Refactor,Procedure review
MAP-01946,EP,index (7).html,Procedure Details,,eps_reason,EPS/Ablation Reason,coded select,Unknown,Procedure,procedure,eps_reason,Refactor,Procedure review
MAP-01947,EP,index (7).html,Procedure Details,,epsSedation,EPS: Sedation,coded select,Unknown,Procedure,procedure,epssedation,Refactor,Procedure review
MAP-01948,EP,index (7).html,Procedure Details,,epsTransseptal,EPS: Transseptal,coded select,Unknown,Procedure,procedure,epstransseptal,Refactor,Procedure review
MAP-01949,EP,index (7).html,Procedure Details,,epsICE,EPS: ICE Used,text/binary,Unknown,Procedure,procedure,epsice,Refactor,Procedure review
MAP-01950,EP,index (7).html,Procedure Details,,epsFluoroTime,EPS: Fluoro Time (min),number,Unknown,Procedure,procedure,epsfluorotime,Refactor,Procedure review
MAP-01951,EP,index (7).html,Procedure Details,,epsAnticoag,EPS: Intraprocedural anticoagulation,text/binary,Unknown,Procedure,procedure,epsanticoag,Refactor,Procedure review
MAP-01952,EP,index (7).html,Procedure Details,,epsUninterrupted,EPS: Uninterrupted anticoagulation,text/binary,Unknown,Procedure,procedure,epsuninterrupted,Refactor,Procedure review
MAP-01953,EP,index (7).html,Procedure Details,,epsCathManip,EPS: Catheter manipulation,coded select,Unknown,Procedure,procedure,epscathmanip,Refactor,Procedure review
MAP-01954,EP,index (7).html,Procedure Details,,epsInducedArr,EPS: Induced arrhythmia during study,text/binary,Unknown,Procedure,procedure,epsinducedarr,Refactor,Procedure review
MAP-01955,EP,index (7).html,Procedure Details,,epsMapSystem,EPS: Mapping system,coded select,Unknown,Procedure,procedure,epsmapsystem,Refactor,Procedure review
MAP-01956,EP,index (7).html,Procedure Details,,laao_nonvalvular,LAAO Ind: Non-valvular AFib,text/binary,Unknown,Procedure,structural_laao_detail,laao_nonvalvular,Refactor,Procedure review
MAP-01957,EP,index (7).html,Procedure Details,,laao_highBleed,LAAO Ind: High Bleed Risk,text/binary,Unknown,Safety event,complication,laao_highbleed,Refactor,Endpoint review
MAP-01958,EP,index (7).html,Procedure Details,,laao_contraOAC,LAAO Ind: Contra OAC,text/binary,Unknown,Procedure,structural_laao_detail,laao_contraoac,Refactor,Procedure review
MAP-01959,EP,index (7).html,Procedure Details,,laao_priorBleed,LAAO Ind: Prior Major Bleed,text/binary,Unknown,Safety event,complication,laao_priorbleed,Refactor,Endpoint review
MAP-01960,EP,index (7).html,Procedure Details,,laao_patientPref,LAAO Ind: Patient preference,text/binary,Unknown,Procedure,structural_laao_detail,laao_patientpref,Refactor,Procedure review
MAP-01961,EP,index (7).html,Procedure Details,,laaoDeviceType,LAAO Device,coded select,Unknown,Procedure,structural_laao_detail,laaodevicetype,Refactor,Procedure review
MAP-01962,EP,index (7).html,Procedure Details,,laaoDeploy,LAAO: Deployment attempts,number,Unknown,Procedure,structural_laao_detail,laaodeploy,Refactor,Procedure review
MAP-01963,EP,index (7).html,Procedure Details,,laaoTransseptal,LAAO: Transseptal puncture,coded select,Unknown,Procedure,structural_laao_detail,laaotransseptal,Refactor,Procedure review
MAP-01964,EP,index (7).html,Procedure Details,,laaoImaging,LAAO: Imaging guidance,coded select,Unknown,Procedure,structural_laao_detail,laaoimaging,Refactor,Procedure review
MAP-01965,EP,index (7).html,Procedure Details,,laaoPASS,LAAO PASS Criteria Met,text/binary,Unknown,Procedure,structural_laao_detail,laaopass,Refactor,Procedure review
MAP-01966,EP,index (7).html,Procedure Details,,laaoLeak,LAAO: Final peri-device leak,coded select,Unknown,Procedure,structural_laao_detail,laaoleak,Refactor,Procedure review
MAP-01967,EP,index (7).html,Procedure Details,,laaoAnticoag,LAAO: Intraprocedural anticoagulation,coded select,Unknown,Procedure,structural_laao_detail,laaoanticoag,Refactor,Procedure review
MAP-01968,EP,index (7).html,Procedure Details,,laaoOutcome,LAAO Outcome,coded select,Unknown,Procedure,structural_laao_detail,laaooutcome,Refactor,Procedure review
MAP-01969,EP,index (7).html,Procedure Details,,ciedxInd_pocketInfection,CIED Extraction Indication: Pocket infection,text/binary,Unknown,Safety event,complication,ciedxind_pocketinfection,Refactor,Endpoint review
MAP-01970,EP,index (7).html,Procedure Details,,ciedxInd_leadEndocarditis,CIED Extraction Indication: Lead endocarditis,text/binary,Unknown,Procedure,device_lead_or_interrogation,ciedxind_leadendocarditis,Refactor,Procedure review
MAP-01971,EP,index (7).html,Procedure Details,,ciedxInd_ieNoPocket,CIED Extraction Indication: Infective endocarditis without pocket infection,text/binary,Unknown,Safety event,complication,ciedxind_ienopocket,Refactor,Endpoint review
MAP-01972,EP,index (7).html,Procedure Details,,ciedxInd_leadMalfunction,CIED Extraction Indication: Lead malfunction,text/binary,Unknown,Procedure,device_lead_or_interrogation,ciedxind_leadmalfunction,Refactor,Procedure review
MAP-01973,EP,index (7).html,Procedure Details,,ciedxInd_leadFracture,CIED Extraction Indication: Lead fracture,text/binary,Unknown,Procedure,device_lead_or_interrogation,ciedxind_leadfracture,Refactor,Procedure review
MAP-01974,EP,index (7).html,Procedure Details,,ciedxInd_insulationFailure,CIED Extraction Indication: Lead insulation failure,text/binary,Unknown,Procedure,device_lead_or_interrogation,ciedxind_insulationfailure,Refactor,Procedure review
MAP-01975,EP,index (7).html,Procedure Details,,ciedxInd_venousOcclusion,CIED Extraction Indication: Venous occlusion,text/binary,Unknown,Procedure,procedure,ciedxind_venousocclusion,Refactor,Procedure review
MAP-01976,EP,index (7).html,Procedure Details,,ciedxInd_chronicPain,CIED Extraction Indication: Chronic pain,text/binary,Unknown,Procedure,procedure,ciedxind_chronicpain,Refactor,Procedure review
MAP-01977,EP,index (7).html,Procedure Details,,ciedxInd_upgradeRemoval,CIED Extraction Indication: Device upgrade requiring lead removal,text/binary,Unknown,Procedure,device_lead_or_interrogation,ciedxind_upgraderemoval,Refactor,Procedure review
MAP-01978,EP,index (7).html,Procedure Details,,ciedxInd_recalledLead,CIED Extraction Indication: Recalled lead,text/binary,Unknown,Procedure,device_lead_or_interrogation,ciedxind_recalledlead,Refactor,Procedure review
MAP-01979,EP,index (7).html,Procedure Details,,ciedxInd_abandonedLead,CIED Extraction Indication: Abandoned lead,text/binary,Unknown,Procedure,device_lead_or_interrogation,ciedxind_abandonedlead,Refactor,Procedure review
MAP-01980,EP,index (7).html,Procedure Details,,ciedxInd_leadPerforation,CIED Extraction Indication: Lead perforation,text/binary,Unknown,Procedure,device_lead_or_interrogation,ciedxind_leadperforation,Refactor,Procedure review
MAP-01981,EP,index (7).html,Procedure Details,,ciedxInd_tricuspidRegurg,CIED Extraction Indication: Severe TR related to lead,text/binary,Unknown,Diagnostic study,imaging_measurement,ciedxind_tricuspidregurg,Refactor,Imaging review
MAP-01982,EP,index (7).html,Procedure Details,,ciedxInd_mriCompatibility,CIED Extraction Indication: MRI compatibility,text/binary,Unknown,Procedure,procedure,ciedxind_mricompatibility,Refactor,Procedure review
MAP-01983,EP,index (7).html,Procedure Details,,ciedxInd_endBattery,CIED Extraction Indication: End of battery life,text/binary,Unknown,Procedure,device_lead_or_interrogation,ciedxind_endbattery,Refactor,Procedure review
MAP-01984,EP,index (7).html,Procedure Details,,ciedxInd_other,CIED Extraction Indication: Other,text/binary,Unknown,Procedure,procedure,ciedxind_other,Refactor,Procedure review
MAP-01985,EP,index (7).html,Procedure Details,,ciedxInd_otherText,CIED Extraction: Other indication details,text/binary,Unknown,Procedure,procedure,ciedxind_othertext,Refactor,Procedure review
MAP-01986,EP,index (7).html,Procedure Details,,ciedxDevice,CIED Extraction: Device being extracted,coded select,Unknown,Procedure,procedure,ciedxdevice,Refactor,Procedure review
MAP-01987,EP,index (7).html,Procedure Details,,ciedxLead_ra,CIED Extraction Lead: Right atrial,text/binary,Unknown,Procedure,device_lead_or_interrogation,ciedxlead_ra,Refactor,Procedure review
MAP-01988,EP,index (7).html,Procedure Details,,ciedxLead_rvPacing,CIED Extraction Lead: RV pacing,text/binary,Unknown,Procedure,device_lead_or_interrogation,ciedxlead_rvpacing,Refactor,Procedure review
MAP-01989,EP,index (7).html,Procedure Details,,ciedxLead_rvIcd,CIED Extraction Lead: RV ICD,text/binary,Unknown,Procedure,device_lead_or_interrogation,ciedxlead_rvicd,Refactor,Procedure review
MAP-01990,EP,index (7).html,Procedure Details,,ciedxLead_csLv,CIED Extraction Lead: Coronary sinus/LV,text/binary,Unknown,Procedure,device_lead_or_interrogation,ciedxlead_cslv,Refactor,Procedure review
MAP-01991,EP,index (7).html,Procedure Details,,ciedxLead_his,CIED Extraction Lead: His bundle,text/binary,Unknown,Procedure,device_lead_or_interrogation,ciedxlead_his,Refactor,Procedure review
MAP-01992,EP,index (7).html,Procedure Details,,ciedxLead_lbba,CIED Extraction Lead: Left bundle branch area pacing,text/binary,Unknown,Procedure,device_lead_or_interrogation,ciedxlead_lbba,Refactor,Procedure review
MAP-01993,EP,index (7).html,Procedure Details,,ciedxLead_sicd,CIED Extraction Lead: S-ICD,text/binary,Unknown,Procedure,device_lead_or_interrogation,ciedxlead_sicd,Refactor,Procedure review
MAP-01994,EP,index (7).html,Procedure Details,,ciedxLead_other,CIED Extraction Lead: Other,text/binary,Unknown,Procedure,device_lead_or_interrogation,ciedxlead_other,Refactor,Procedure review
MAP-01995,EP,index (7).html,Procedure Details,,ciedxTech_simpleTraction,CIED Extraction Technique: Simple traction,text/binary,Unknown,Procedure,procedure,ciedxtech_simpletraction,Refactor,Procedure review
MAP-01996,EP,index (7).html,Procedure Details,,ciedxTech_lockingStylet,CIED Extraction Technique: Locking stylet,text/binary,Unknown,Procedure,procedure,ciedxtech_lockingstylet,Refactor,Procedure review
MAP-01997,EP,index (7).html,Procedure Details,,ciedxTech_rotationalSheath,CIED Extraction Technique: Mechanical rotational sheath,text/binary,Unknown,Procedure,procedure,ciedxtech_rotationalsheath,Refactor,Procedure review
MAP-01998,EP,index (7).html,Procedure Details,,ciedxTech_telescopingSheath,CIED Extraction Technique: Mechanical telescoping sheath,text/binary,Unknown,Procedure,procedure,ciedxtech_telescopingsheath,Refactor,Procedure review
MAP-01999,EP,index (7).html,Procedure Details,,ciedxTech_laserSheath,CIED Extraction Technique: Excimer laser sheath,text/binary,Unknown,Procedure,procedure,ciedxtech_lasersheath,Refactor,Procedure review
MAP-02000,EP,index (7).html,Procedure Details,,ciedxTech_femoralSnare,CIED Extraction Technique: Femoral snare,text/binary,Unknown,Procedure,procedure,ciedxtech_femoralsnare,Refactor,Procedure review
MAP-02001,EP,index (7).html,Procedure Details,,ciedxTech_hybridSurgical,CIED Extraction Technique: Hybrid surgical extraction,text/binary,Unknown,Procedure,procedure,ciedxtech_hybridsurgical,Refactor,Procedure review
MAP-02002,EP,index (7).html,Procedure Details,,ciedxTech_openSurgical,CIED Extraction Technique: Open surgical extraction,text/binary,Unknown,Procedure,procedure,ciedxtech_opensurgical,Refactor,Procedure review
MAP-02003,EP,index (7).html,Procedure Details,,ciedxFragmentRetained,CIED Extraction: Lead fragment retained,text/binary,Unknown,Procedure,device_lead_or_interrogation,ciedxfragmentretained,Refactor,Procedure review
MAP-02004,EP,index (7).html,Procedure Details,,ciedxNoReimplant,CIED Extraction: No reimplantation required,text/binary,Unknown,Procedure,procedure,ciedxnoreimplant,Refactor,Procedure review
MAP-02005,EP,index (7).html,Procedure Details,,ciedxDelayedReimplant,CIED Extraction: Delayed reimplantation planned,text/binary,Unknown,Procedure,procedure,ciedxdelayedreimplant,Refactor,Procedure review
MAP-02006,EP,index (7).html,Procedure Details,,ciedxImmediateReimplant,CIED Extraction: Immediate reimplantation,text/binary,Unknown,Procedure,procedure,ciedximmediatereimplant,Refactor,Procedure review
MAP-02007,EP,index (7).html,Procedure Details,,ciedxReimplantCRT,CIED Extraction Reimplant: AICD/CRT,text/binary,Unknown,Procedure,procedure,ciedxreimplantcrt,Refactor,Procedure review
MAP-02008,EP,index (7).html,Procedure Details,,ciedxReimplantPPM,CIED Extraction Reimplant: Permanent pacemaker,text/binary,Unknown,Procedure,procedure,ciedxreimplantppm,Refactor,Procedure review
MAP-02009,EP,index (7).html,Complications,,comp_ca,Hospital CA,text/binary,Unknown,Registry metadata,form_response,value,Refactor,Domain review
MAP-02010,EP,index (7).html,Complications,,comp_pci,Hospital PCI,text/binary,Unknown,Procedure,procedure,comp_pci,Refactor,Procedure review
MAP-02011,EP,index (7).html,Complications,,comp_cabg,Hospital CABG,text/binary,Unknown,Procedure,procedure,comp_cabg,Refactor,Procedure review
MAP-02012,EP,index (7).html,Complications,,comp_tavr,Hospital TAVR,text/binary,Unknown,Procedure,procedure,comp_tavr,Refactor,Procedure review
MAP-02013,EP,index (7).html,Complications,,cx_cardArrest,CX: Cardiac Arrest,text/binary,Unknown,Safety event,complication,cx_cardarrest,Refactor,Endpoint review
MAP-02014,EP,index (7).html,Complications,,cx_pulEdema,CX: Pulmonary Edema,text/binary,Unknown,Observation,observation,cx_puledema,Refactor,Unit/code review
MAP-02015,EP,index (7).html,Complications,,cx_renal,CX: Renal impairment/failure (pre-disch),text/binary,Unknown,Safety event,complication,cx_renal,Refactor,Endpoint review
MAP-02016,EP,index (7).html,Complications,,cx_dialysis,CX: Dialysis required,text/binary,Unknown,Safety event,complication,cx_dialysis,Refactor,Endpoint review
MAP-02017,EP,index (7).html,Complications,,cx_stroke,CX: Stroke,text/binary,Unknown,Outcome,clinical_event,cx_stroke,Refactor,Endpoint review
MAP-02018,EP,index (7).html,Complications,,strokeType,CX: Stroke Type,coded select,Unknown,Outcome,clinical_event,stroketype,Refactor,Endpoint review
MAP-02019,EP,index (7).html,Complications,,cx_accessVasc,CX: Access site vascular/bleeding,text/binary,Unknown,Safety event,complication,cx_accessvasc,Refactor,Endpoint review
MAP-02020,EP,index (7).html,Complications,,cx_hematoma,CX: Hematoma,text/binary,Unknown,Safety event,complication,cx_hematoma,Refactor,Endpoint review
MAP-02021,EP,index (7).html,Complications,,cx_occlusion,CX: Vascular occlusion,text/binary,Unknown,Registry metadata,form_response,value,Refactor,Domain review
MAP-02022,EP,index (7).html,Complications,,cx_avfistula,CX: AV fistula,text/binary,Unknown,Registry metadata,form_response,value,Refactor,Domain review
MAP-02023,EP,index (7).html,Complications,,cx_pseudoAneurysm,CX: Pseudo-aneurysm,text/binary,Unknown,Registry metadata,form_response,value,Refactor,Domain review
MAP-02024,EP,index (7).html,Complications,,cx_intervReq,CX: Intervention required,text/binary,Unknown,Registry metadata,form_response,value,Refactor,Domain review
MAP-02025,EP,index (7).html,Complications,,cx_intervEndo,CX: Intervention - Endovascular repair,text/binary,Unknown,Registry metadata,form_response,value,Refactor,Domain review
MAP-02026,EP,index (7).html,Complications,,cx_intervSurg,CX: Intervention - Surgical repair,text/binary,Unknown,Registry metadata,form_response,value,Refactor,Domain review
MAP-02027,EP,index (7).html,Complications,,cx_intervThrombin,CX: Intervention - Thrombin injection,text/binary,Unknown,Registry metadata,form_response,value,Refactor,Domain review
MAP-02028,EP,index (7).html,Complications,,cx_periphEmbol,CX: Peripheral embolization,text/binary,Unknown,Safety event,complication,cx_periphembol,Refactor,Endpoint review
MAP-02029,EP,index (7).html,Complications,,cx_pericarditis,CX: Pericarditis,text/binary,Unknown,Safety event,complication,cx_pericarditis,Refactor,Endpoint review
MAP-02030,EP,index (7).html,Complications,,cx_cardShock,CX: Cardiogenic Shock,text/binary,Unknown,Safety event,complication,cx_cardshock,Refactor,Endpoint review
MAP-02031,EP,index (7).html,Complications,,scaiStage,SCAI Stage,coded select,Unknown,Assessment,functional_assessment,scaistage,Refactor,Clinical rule review
MAP-02032,EP,index (7).html,Complications,,cx_vent,CX: Ventilation,text/binary,Unknown,Registry metadata,form_response,value,Refactor,Domain review
MAP-02033,EP,index (7).html,Complications,,ventType,CX: Ventilation type,coded select,Unknown,Module extension,form_response,venttype,Refactor,Domain review
MAP-02034,EP,index (7).html,Complications,,cx_inotropes,CX: Inotropes,text/binary,Unknown,Registry metadata,form_response,value,Refactor,Domain review
MAP-02035,EP,index (7).html,Complications,,cx_mechComp,CX: Mechanical complications,text/binary,Unknown,Safety event,complication,cx_mechcomp,Refactor,Endpoint review
MAP-02036,EP,index (7).html,Complications,,cx_emergencySurg,CX: Emergency cardiac surgery required,text/binary,Unknown,Registry metadata,form_response,value,Refactor,Domain review
MAP-02037,EP,index (7).html,Complications,,mechCompType,CX: Mechanical complication type,coded select,Unknown,Safety event,complication,mechcomptype,Refactor,Endpoint review
MAP-02038,EP,index (7).html,Complications,,cx_bleeding,CX: Bleeding,text/binary,Unknown,Safety event,complication,cx_bleeding,Refactor,Endpoint review
MAP-02039,EP,index (7).html,Complications,,bleedType,CX: Bleed Type,coded select,Unknown,Safety event,complication,bleedtype,Refactor,Endpoint review
MAP-02040,EP,index (7).html,Complications,,bleedSubType,CX: Bleed Sub-Type,coded select,Unknown,Safety event,complication,bleedsubtype,Refactor,Endpoint review
MAP-02041,EP,index (7).html,Complications,,bleedSite_gi,Bleed Site: Gastrointestinal,text/binary,Unknown,Safety event,complication,bleedsite_gi,Refactor,Endpoint review
MAP-02042,EP,index (7).html,Complications,,bleedSite_retro,Bleed Site: Retroperitoneal,text/binary,Unknown,Safety event,complication,bleedsite_retro,Refactor,Endpoint review
MAP-02043,EP,index (7).html,Complications,,bleedSite_genu,Bleed Site: Genital-Urinary,text/binary,Unknown,Safety event,complication,bleedsite_genu,Refactor,Endpoint review
MAP-02044,EP,index (7).html,Complications,,bleedSite_perc,Bleed Site: Percutaneous entry site,text/binary,Unknown,Safety event,complication,bleedsite_perc,Refactor,Endpoint review
MAP-02045,EP,index (7).html,Complications,,cx_transfusion,CX: Transfusion,text/binary,Unknown,Safety event,complication,cx_transfusion,Refactor,Endpoint review
MAP-02046,EP,index (7).html,Complications,,transfusionUnits,CX: Transfusion units,number,Unknown,Safety event,complication,transfusionunits,Refactor,Endpoint review
MAP-02047,EP,index (7).html,Complications,,cx_mi,CX: MI,text/binary,Unknown,Outcome,clinical_event,cx_mi,Refactor,Endpoint review
MAP-02048,EP,index (7).html,Complications,,cx_urgentSurg,CX: Urgent cardiac surgery,text/binary,Unknown,Registry metadata,form_response,value,Refactor,Domain review
MAP-02049,EP,index (7).html,Complications,,cx_pericEff,CX: Pericardial effusion,text/binary,Unknown,Safety event,complication,cx_periceff,Refactor,Endpoint review
MAP-02050,EP,index (7).html,Complications,,cx_pericEffInterv,CX: Pericardial eff. - Requiring intervention,text/binary,Unknown,Safety event,complication,cx_periceffinterv,Refactor,Endpoint review
MAP-02051,EP,index (7).html,Complications,,cx_tamp2,CX: Cardiac tamponade (10.2.17),text/binary,Unknown,Safety event,complication,cx_tamp2,Refactor,Endpoint review
MAP-02052,EP,index (7).html,Complications,,cx_tampOpenSurg,CX: Tamponade - Open cardiac surgery,text/binary,Unknown,Safety event,complication,cx_tampopensurg,Refactor,Endpoint review
MAP-02053,EP,index (7).html,Complications,,cx_tampPercDrain,CX: Tamponade - Percutaneous drainage,text/binary,Unknown,Safety event,complication,cx_tamppercdrain,Refactor,Endpoint review
MAP-02054,EP,index (7).html,Complications,,cx_hemothorax,CX: Hemothorax,text/binary,Unknown,Safety event,complication,cx_hemothorax,Refactor,Endpoint review
MAP-02055,EP,index (7).html,Complications,,cx_hemoDrain,CX: Hemothorax - Requiring drainage,text/binary,Unknown,Safety event,complication,cx_hemodrain,Refactor,Endpoint review
MAP-02056,EP,index (7).html,Complications,,cx_pneumo,CX: Pneumothorax,text/binary,Unknown,Safety event,complication,cx_pneumo,Refactor,Endpoint review
MAP-02057,EP,index (7).html,Complications,,cx_pneumoInterv,CX: Pneumothorax - Requiring intervention,text/binary,Unknown,Safety event,complication,cx_pneumointerv,Refactor,Endpoint review
MAP-02058,EP,index (7).html,Complications,,cx_devMigration,CX: Device Migration,text/binary,Unknown,Procedure,procedure,cx_devmigration,Refactor,Procedure review
MAP-02059,EP,index (7).html,Complications,,cx_phrenicDmg,CX: Phrenic nerve damage,text/binary,Unknown,Registry metadata,form_response,value,Refactor,Domain review
MAP-02060,EP,index (7).html,Complications,,cx_pleuralEff,CX: Pleural Effusion,text/binary,Unknown,Registry metadata,form_response,value,Refactor,Domain review
MAP-02061,EP,index (7).html,Complications,,cx_infection,CX: Infection requiring antibiotics,text/binary,Unknown,Safety event,complication,cx_infection,Refactor,Endpoint review
MAP-02062,EP,index (7).html,Complications,,cx_bradyAE,CX: Bradycardia adverse events,text/binary,Unknown,Registry metadata,form_response,value,Refactor,Domain review
MAP-02063,EP,index (7).html,Complications,,cx_bradyAEppm,CX: Bradycardia AE - Requiring PPM,text/binary,Unknown,Procedure,procedure,cx_bradyaeppm,Refactor,Procedure review
MAP-02064,EP,index (7).html,Complications,,cx_setScrew,CX: Set screw problem,text/binary,Unknown,Registry metadata,form_response,value,Refactor,Domain review
MAP-02065,EP,index (7).html,Complications,,cx_leadDislodge,CX: Lead Dislodge,text/binary,Unknown,Procedure,device_lead_or_interrogation,cx_leaddislodge,Refactor,Procedure review
MAP-02066,EP,index (7).html,Complications,,cx_leadFracture,CX: Lead Fracture,text/binary,Unknown,Procedure,device_lead_or_interrogation,cx_leadfracture,Refactor,Procedure review
MAP-02067,EP,index (7).html,Outcome & Discharge,,procSuccess,Procedure Success,text/binary,Unknown,Procedure,procedure,procsuccess,Refactor,Procedure review
MAP-02068,EP,index (7).html,Outcome & Discharge,,postECGrhythm,Post-Proc ECG Rhythm,coded select,Unknown,Diagnostic study,imaging_study,postecgrhythm,Refactor,Imaging review
MAP-02069,EP,index (7).html,Outcome & Discharge,,condSysPace,Conduction system pacing (LBB lead),text/binary,Unknown,Procedure,device_lead_or_interrogation,condsyspace,Refactor,Procedure review
MAP-02070,EP,index (7).html,Outcome & Discharge,,condSysPaceQRS,Final pace QRS duration (msec),number,Unknown,Registry metadata,form_response,value,Refactor,Domain review
MAP-02071,EP,index (7).html,Outcome & Discharge,,condSysPaceQRSna,Final pace QRS Not Assessed,text/binary,Unknown,Registry metadata,form_response,value,Refactor,Domain review
MAP-02072,EP,index (7).html,Outcome & Discharge,,dischargeDate,Discharge Date,date,Unknown,Episode,discharge,dischargedate,Refactor,Mapped shared core
MAP-02073,EP,index (7).html,Outcome & Discharge,,dischargeTime,Discharge Time,time,Unknown,Episode,discharge,dischargetime,Refactor,Mapped shared core
MAP-02074,EP,index (7).html,Outcome & Discharge,,dischargeStatus,Discharge Status,coded select,Unknown,Registry metadata,form_response,value,Refactor,Domain review
MAP-02075,EP,index (7).html,Outcome & Discharge,,causeOfDeath,Cause of Death,coded select,Unknown,Outcome,clinical_event,causeofdeath,Refactor,Endpoint review
MAP-02076,EP,index (7).html,Outcome & Discharge,,dischargeType,Discharge Type,coded select,Unknown,Module extension,form_response,dischargetype,Refactor,Domain review
MAP-02077,EP,index (7).html,Outcome & Discharge,,dcMed_amiodarone,DC Med: Amiodarone,binary medication,Unknown,Medication,medication_statement,dcmed_amiodarone,Refactor,Medication review
MAP-02078,EP,index (7).html,Outcome & Discharge,,dcMed_disopyramide,DC Med: Disopyramide,binary medication,Unknown,Medication,medication_statement,dcmed_disopyramide,Refactor,Medication review
MAP-02079,EP,index (7).html,Outcome & Discharge,,dcMed_flecainide,DC Med: Flecainide,binary medication,Unknown,Medication,medication_statement,dcmed_flecainide,Refactor,Medication review
MAP-02080,EP,index (7).html,Outcome & Discharge,,dcMed_procainamide,DC Med: Procainamide,binary medication,Unknown,Medication,medication_statement,dcmed_procainamide,Refactor,Medication review
MAP-02081,EP,index (7).html,Outcome & Discharge,,dcMed_propafenone,DC Med: Propafenone,binary medication,Unknown,Medication,medication_statement,dcmed_propafenone,Refactor,Medication review
MAP-02082,EP,index (7).html,Outcome & Discharge,,dcMed_sotalol,DC Med: Sotalol,binary medication,Unknown,Medication,medication_statement,dcmed_sotalol,Refactor,Medication review
MAP-02083,EP,index (7).html,Outcome & Discharge,,dcMed_dofetilide,DC Med: Dofetilide,binary medication,Unknown,Medication,medication_statement,dcmed_dofetilide,Refactor,Medication review
MAP-02084,EP,index (7).html,Outcome & Discharge,,dcMed_dronaderone,DC Med: Dronaderone,binary medication,Unknown,Medication,medication_statement,dcmed_dronaderone,Refactor,Medication review
MAP-02085,EP,index (7).html,Outcome & Discharge,,dcMed_verapamil,DC Med: Verapamil,binary medication,Unknown,Medication,medication_statement,dcmed_verapamil,Refactor,Medication review
MAP-02086,EP,index (7).html,Outcome & Discharge,,dcMed_diltiazem,DC Med: Diltiazem,binary medication,Unknown,Outcome,clinical_event,dcmed_diltiazem,Refactor,Endpoint review
MAP-02087,EP,index (7).html,Outcome & Discharge,,dcMed_warfarin,DC Med: Warfarin,binary medication,Unknown,Medication,medication_statement,dcmed_warfarin,Refactor,Medication review
MAP-02088,EP,index (7).html,Outcome & Discharge,,dcMed_dabigatran,DC Med: Dabigatran,binary medication,Unknown,Medication,medication_statement,dcmed_dabigatran,Refactor,Medication review
MAP-02089,EP,index (7).html,Outcome & Discharge,,dcMed_apixaban,DC Med: Apixaban,binary medication,Unknown,Medication,medication_statement,dcmed_apixaban,Refactor,Medication review
MAP-02090,EP,index (7).html,Outcome & Discharge,,dcMed_rivaroxaban,DC Med: Rivaroxaban,binary medication,Unknown,Medication,medication_statement,dcmed_rivaroxaban,Refactor,Medication review
MAP-02091,EP,index (7).html,Outcome & Discharge,,dcMed_edoxaban,DC Med: Edoxaban,binary medication,Unknown,Medication,medication_statement,dcmed_edoxaban,Refactor,Medication review
MAP-02092,EP,index (7).html,Outcome & Discharge,,dcMed_lmwh,DC Med: LMWH,binary medication,Unknown,Medication,medication_statement,dcmed_lmwh,Refactor,Medication review
MAP-02093,EP,index (7).html,Outcome & Discharge,,dcMed_aspirin,DC Med: Aspirin,binary medication,Unknown,Medication,medication_statement,dcmed_aspirin,Refactor,Medication review
MAP-02094,EP,index (7).html,Outcome & Discharge,,dcMed_prasugrel,DC Med: Prasugrel,binary medication,Unknown,Medication,medication_statement,dcmed_prasugrel,Refactor,Medication review
MAP-02095,EP,index (7).html,Outcome & Discharge,,dcMed_clopidogrel,DC Med: Clopidogrel,binary medication,Unknown,Medication,medication_statement,dcmed_clopidogrel,Refactor,Medication review
MAP-02096,EP,index (7).html,Outcome & Discharge,,dcMed_ticagrelor,DC Med: Ticagrelor,binary medication,Unknown,Medication,medication_statement,dcmed_ticagrelor,Refactor,Medication review
MAP-02097,EP,index (7).html,Outcome & Discharge,,dcMed_acei,DC Med: ACE-I,binary medication,Unknown,Medication,medication_statement,dcmed_acei,Refactor,Medication review
MAP-02098,EP,index (7).html,Outcome & Discharge,,dcMed_arb,DC Med: ARB,binary medication,Unknown,Medication,medication_statement,dcmed_arb,Refactor,Medication review
MAP-02099,EP,index (7).html,Outcome & Discharge,,dcMed_arni,DC Med: ARNI,binary medication,Unknown,Medication,medication_statement,dcmed_arni,Refactor,Medication review
MAP-02100,EP,index (7).html,Outcome & Discharge,,dcMed_sglt,DC Med: SGLT inhibitor,binary medication,Unknown,Medication,medication_statement,dcmed_sglt,Refactor,Medication review
MAP-02101,EP,index (7).html,Outcome & Discharge,,dcMed_betablocker,DC Med: Beta Blockers,binary medication,Unknown,Medication,medication_statement,dcmed_betablocker,Refactor,Medication review
MAP-02102,EP,index (7).html,Outcome & Discharge,,dcMed_mra,DC Med: MRA,binary medication,Unknown,Medication,medication_statement,dcmed_mra,Refactor,Medication review
MAP-02103,EP,index (7).html,Outcome & Discharge,,dcMed_digoxin,DC Med: Digoxin,binary medication,Unknown,Medication,medication_statement,dcmed_digoxin,Refactor,Medication review
MAP-02104,EP,index (7).html,Outcome & Discharge,,dcMed_loopdiuretic,DC Med: Loop diuretics,binary medication,Unknown,Medication,medication_statement,dcmed_loopdiuretic,Refactor,Medication review
MAP-02105,EP,index (7).html,Outcome & Discharge,,dcMed_ivabradine,DC Med: Ivabradine,binary medication,Unknown,Medication,medication_statement,dcmed_ivabradine,Refactor,Medication review
MAP-02106,EP,index (7).html,Follow-up 1 month,Scheduled follow-up,fu1_dueDate,Calculated due date,date/datetime,Unknown,Follow-up,followup_task,duedate,Refactor,Protocol review
MAP-02107,EP,index (7).html,Follow-up 1 month,Scheduled follow-up,fu1_dueDateTime,Calculated due date and time,text,Unknown,Follow-up,followup_task,duedatetime,Refactor,Protocol review
MAP-02108,EP,index (7).html,Follow-up 1 month,Scheduled follow-up,fu1_scheduleStatus,Schedule status at export,coded select,Unknown,Follow-up,followup_task,schedulestatus,Refactor,Protocol review
MAP-02109,EP,index (7).html,Follow-up 1 month,Scheduled follow-up,fu1_entryDate,Entry date,date/datetime,Unknown,Encounter,encounter,entrydate,Refactor,Mapped shared core
MAP-02110,EP,index (7).html,Follow-up 1 month,Scheduled follow-up,fu1_followupType,Type of follow-up,coded select,Unknown,Encounter,encounter,followuptype,Refactor,Mapped shared core
MAP-02111,EP,index (7).html,Follow-up 1 month,Scheduled follow-up,fu1_interviewee,Phone interviewee,coded select,Unknown,Contact,patient_contact,interviewee,Refactor,Privacy review
MAP-02112,EP,index (7).html,Follow-up 1 month,Scheduled follow-up,fu1_patientStatus,Patient vital status,coded select,Unknown,Registry metadata,form_response,value,Refactor,Domain review
MAP-02113,EP,index (7).html,Follow-up 1 month,Scheduled follow-up,fu1_deathDate,Date of death,date/datetime,Unknown,Outcome,clinical_event,deathdate,Refactor,Endpoint review
MAP-02114,EP,index (7).html,Follow-up 1 month,Scheduled follow-up,fu1_deathCause,Cause of death,coded select,Unknown,Outcome,clinical_event,deathcause,Refactor,Endpoint review
MAP-02115,EP,index (7).html,Follow-up 1 month,Scheduled follow-up,fu1_nyha,NYHA functional class,coded select,Unknown,Assessment,functional_assessment,nyha,Refactor,Clinical rule review
MAP-02116,EP,index (7).html,Follow-up 1 month,Scheduled follow-up,fu1_overallStatus,Overall clinical status,coded select,Unknown,Registry metadata,form_response,value,Refactor,Domain review
MAP-02117,EP,index (7).html,Follow-up 1 month,Scheduled follow-up,fu1_syncope,Syncope since discharge,binary,Unknown,Registry metadata,form_response,value,Refactor,Domain review
MAP-02118,EP,index (7).html,Follow-up 1 month,Scheduled follow-up,fu1_syncopeDate,Date of syncope,date/datetime,Unknown,Registry metadata,form_response,value,Refactor,Domain review
MAP-02119,EP,index (7).html,Follow-up 1 month,Scheduled follow-up,fu1_palpitations,Palpitations since discharge,binary,Unknown,Registry metadata,form_response,value,Refactor,Domain review
MAP-02120,EP,index (7).html,Follow-up 1 month,Scheduled follow-up,fu1_deviceComplications,Any device-related complications,binary,Unknown,Safety event,complication,devicecomplications,Refactor,Endpoint review
MAP-02121,EP,index (7).html,Follow-up 1 month,Scheduled follow-up,fu1_devComp_leadDislodgement,Device complication: Lead dislodgement,binary,Unknown,Safety event,complication,devcomp_leaddislodgement,Refactor,Endpoint review
MAP-02122,EP,index (7).html,Follow-up 1 month,Scheduled follow-up,fu1_devComp_infection,Device complication: Infection,binary,Unknown,Safety event,complication,devcomp_infection,Refactor,Endpoint review
MAP-02123,EP,index (7).html,Follow-up 1 month,Scheduled follow-up,fu1_devComp_pocketHematoma,Device complication: Pocket hematoma,binary,Unknown,Safety event,complication,devcomp_pockethematoma,Refactor,Endpoint review
MAP-02124,EP,index (7).html,Follow-up 1 month,Scheduled follow-up,fu1_devComp_shockTherapy,Device complication: Shock therapy (ICD),binary,Unknown,Safety event,complication,devcomp_shocktherapy,Refactor,Endpoint review
MAP-02125,EP,index (7).html,Follow-up 1 month,Scheduled follow-up,fu1_readmission,Hospital readmission,binary,Unknown,Episode,care_episode,readmission,Refactor,Mapped shared core
MAP-02126,EP,index (7).html,Follow-up 1 month,Scheduled follow-up,fu1_readm_arrhythmia,Readmission reason: Arrhythmia recurrence,binary,Unknown,Episode,care_episode,readm_arrhythmia,Refactor,Mapped shared core
MAP-02127,EP,index (7).html,Follow-up 1 month,Scheduled follow-up,fu1_readm_heartFailure,Readmission reason: Heart failure,binary,Unknown,Episode,care_episode,readm_heartfailure,Refactor,Mapped shared core
MAP-02128,EP,index (7).html,Follow-up 1 month,Scheduled follow-up,fu1_readm_bleeding,Readmission reason: Bleeding,binary,Unknown,Episode,care_episode,readm_bleeding,Refactor,Mapped shared core
MAP-02129,EP,index (7).html,Follow-up 1 month,Scheduled follow-up,fu1_readm_strokeTIA,Readmission reason: Stroke/TIA,binary,Unknown,Episode,care_episode,readm_stroketia,Refactor,Mapped shared core
MAP-02130,EP,index (7).html,Follow-up 1 month,Scheduled follow-up,fu1_readm_deviceComplication,Readmission reason: Device complication,binary,Unknown,Episode,care_episode,readm_devicecomplication,Refactor,Mapped shared core
MAP-02131,EP,index (7).html,Follow-up 1 month,Scheduled follow-up,fu1_readm_thromboembolism,Readmission reason: Thromboembolism,binary,Unknown,Episode,care_episode,readm_thromboembolism,Refactor,Mapped shared core
MAP-02132,EP,index (7).html,Follow-up 1 month,Scheduled follow-up,fu1_readm_repeatProcedure,Readmission reason: Repeat procedure,binary,Unknown,Episode,care_episode,readm_repeatprocedure,Refactor,Mapped shared core
MAP-02133,EP,index (7).html,Follow-up 1 month,Scheduled follow-up,fu1_readm_pericardialTamponade,Readmission reason: Pericardial effusion/tamponade,binary,Unknown,Episode,care_episode,readm_pericardialtamponade,Refactor,Mapped shared core
MAP-02134,EP,index (7).html,Follow-up 1 month,Scheduled follow-up,fu1_readm_other,Readmission reason: Other,binary,Unknown,Episode,care_episode,readm_other,Refactor,Mapped shared core
MAP-02135,EP,index (7).html,Follow-up 1 month,Scheduled follow-up,fu1_readm_otherText,Other readmission reason,binary,Unknown,Episode,care_episode,readm_othertext,Refactor,Mapped shared core
MAP-02136,EP,index (7).html,Follow-up 1 month,Scheduled follow-up,fu1_deviceInterrogation,Device interrogation performed,binary,Unknown,Procedure,device_lead_or_interrogation,deviceinterrogation,Refactor,Procedure review
MAP-02137,EP,index (7).html,Follow-up 1 month,Scheduled follow-up,fu1_batteryLife,Estimated battery life,text,Unknown,Registry metadata,form_response,value,Refactor,Domain review
MAP-02138,EP,index (7).html,Follow-up 1 month,Scheduled follow-up,fu1_batteryNA,Battery life unavailable/not applicable,binary,Unknown,Registry metadata,form_response,value,Refactor,Domain review
MAP-02139,EP,index (7).html,Follow-up 1 month,Scheduled follow-up,fu1_pacingPercent,Pacing percentage,number,Unknown,Registry metadata,form_response,value,Refactor,Domain review
MAP-02140,EP,index (7).html,Follow-up 1 month,Scheduled follow-up,fu1_pacingNA,Pacing percentage unavailable/not applicable,binary,Unknown,Registry metadata,form_response,value,Refactor,Domain review
MAP-02141,EP,index (7).html,Follow-up 1 month,Scheduled follow-up,fu1_leadAbnormality,Lead abnormality,coded select,Unknown,Procedure,device_lead_or_interrogation,leadabnormality,Refactor,Procedure review
MAP-02142,EP,index (7).html,Follow-up 1 month,Scheduled follow-up,fu1_reprogramming,Device reprogramming,coded select,Unknown,Procedure,device_lead_or_interrogation,reprogramming,Refactor,Procedure review
MAP-02143,EP,index (7).html,Follow-up 1 month,Scheduled follow-up,fu1_medsUnchanged,Medications unchanged from discharge,binary,Unknown,Medication,medication_statement,medsunchanged,Refactor,Medication review
MAP-02144,EP,index (7).html,Follow-up 1 month,Scheduled follow-up,fu1_medChanges,Medication changes,text,Unknown,Medication,medication_statement,medchanges,Refactor,Medication review
MAP-02145,EP,index (7).html,Follow-up 1 month,Scheduled follow-up,fu1_medAdherence,Medication adherence,coded select,Unknown,Medication,medication_reconciliation,medadherence,Refactor,Medication review
MAP-02146,EP,index (7).html,Follow-up 1 month,Scheduled follow-up,fu1_ecgDone,ECG performed,binary,Unknown,Diagnostic study,imaging_study,ecgdone,Refactor,Imaging review
MAP-02147,EP,index (7).html,Follow-up 1 month,Scheduled follow-up,fu1_ecgRhythm,ECG rhythm,coded select,Unknown,Diagnostic study,imaging_study,ecgrhythm,Refactor,Imaging review
MAP-02148,EP,index (7).html,Follow-up 1 month,Scheduled follow-up,fu1_echoDone,Echocardiogram performed,binary,Unknown,Diagnostic study,imaging_study,echodone,Refactor,Imaging review
MAP-02149,EP,index (7).html,Follow-up 1 month,Scheduled follow-up,fu1_lvef,LVEF (%),number,Unknown,Diagnostic study,imaging_measurement,lvef,Refactor,Imaging review
MAP-02150,EP,index (7).html,Follow-up 1 month,Scheduled follow-up,fu1_recordStatus,Follow-up record status,coded select,Unknown,Workflow,form_instance,recordstatus,Refactor,Mapped shared core
MAP-02151,EP,index (7).html,Follow-up 1 month,Scheduled follow-up,fu1_completedAt,Follow-up completion timestamp,date/datetime,Unknown,Encounter,encounter,completedat,Refactor,Mapped shared core
MAP-02152,EP,index (7).html,Follow-up 1 month,Scheduled follow-up,fu1_completedByName,Completed by,text,Unknown,Attribution,staff_profile,completedbyname,Refactor,Security review
MAP-02153,EP,index (7).html,Follow-up 1 month,Scheduled follow-up,fu1_completedByCode,Completed by investigator code,text,Unknown,Attribution,staff_profile,completedbycode,Refactor,Security review
MAP-02154,EP,index (7).html,Follow-up 1 month,Scheduled follow-up,fu1_lastUpdatedAt,Last update timestamp,date/datetime,Unknown,Workflow,form_instance,lastupdatedat,Refactor,Mapped shared core
MAP-02155,EP,index (7).html,Follow-up 6 month,Scheduled follow-up,fu6_dueDate,Calculated due date,date/datetime,Unknown,Follow-up,followup_task,duedate,Refactor,Protocol review
MAP-02156,EP,index (7).html,Follow-up 6 month,Scheduled follow-up,fu6_dueDateTime,Calculated due date and time,text,Unknown,Follow-up,followup_task,duedatetime,Refactor,Protocol review
MAP-02157,EP,index (7).html,Follow-up 6 month,Scheduled follow-up,fu6_scheduleStatus,Schedule status at export,coded select,Unknown,Follow-up,followup_task,schedulestatus,Refactor,Protocol review
MAP-02158,EP,index (7).html,Follow-up 6 month,Scheduled follow-up,fu6_entryDate,Entry date,date/datetime,Unknown,Encounter,encounter,entrydate,Refactor,Mapped shared core
MAP-02159,EP,index (7).html,Follow-up 6 month,Scheduled follow-up,fu6_followupType,Type of follow-up,coded select,Unknown,Encounter,encounter,followuptype,Refactor,Mapped shared core
MAP-02160,EP,index (7).html,Follow-up 6 month,Scheduled follow-up,fu6_interviewee,Phone interviewee,coded select,Unknown,Contact,patient_contact,interviewee,Refactor,Privacy review
MAP-02161,EP,index (7).html,Follow-up 6 month,Scheduled follow-up,fu6_patientStatus,Patient vital status,coded select,Unknown,Registry metadata,form_response,value,Refactor,Domain review
MAP-02162,EP,index (7).html,Follow-up 6 month,Scheduled follow-up,fu6_deathDate,Date of death,date/datetime,Unknown,Outcome,clinical_event,deathdate,Refactor,Endpoint review
MAP-02163,EP,index (7).html,Follow-up 6 month,Scheduled follow-up,fu6_deathCause,Cause of death,coded select,Unknown,Outcome,clinical_event,deathcause,Refactor,Endpoint review
MAP-02164,EP,index (7).html,Follow-up 6 month,Scheduled follow-up,fu6_nyha,NYHA functional class,coded select,Unknown,Assessment,functional_assessment,nyha,Refactor,Clinical rule review
MAP-02165,EP,index (7).html,Follow-up 6 month,Scheduled follow-up,fu6_overallStatus,Overall clinical status,coded select,Unknown,Registry metadata,form_response,value,Refactor,Domain review
MAP-02166,EP,index (7).html,Follow-up 6 month,Scheduled follow-up,fu6_syncope,Syncope since discharge,binary,Unknown,Registry metadata,form_response,value,Refactor,Domain review
MAP-02167,EP,index (7).html,Follow-up 6 month,Scheduled follow-up,fu6_syncopeDate,Date of syncope,date/datetime,Unknown,Registry metadata,form_response,value,Refactor,Domain review
MAP-02168,EP,index (7).html,Follow-up 6 month,Scheduled follow-up,fu6_palpitations,Palpitations since discharge,binary,Unknown,Registry metadata,form_response,value,Refactor,Domain review
MAP-02169,EP,index (7).html,Follow-up 6 month,Scheduled follow-up,fu6_deviceComplications,Any device-related complications,binary,Unknown,Safety event,complication,devicecomplications,Refactor,Endpoint review
MAP-02170,EP,index (7).html,Follow-up 6 month,Scheduled follow-up,fu6_devComp_leadDislodgement,Device complication: Lead dislodgement,binary,Unknown,Safety event,complication,devcomp_leaddislodgement,Refactor,Endpoint review
MAP-02171,EP,index (7).html,Follow-up 6 month,Scheduled follow-up,fu6_devComp_infection,Device complication: Infection,binary,Unknown,Safety event,complication,devcomp_infection,Refactor,Endpoint review
MAP-02172,EP,index (7).html,Follow-up 6 month,Scheduled follow-up,fu6_devComp_pocketHematoma,Device complication: Pocket hematoma,binary,Unknown,Safety event,complication,devcomp_pockethematoma,Refactor,Endpoint review
MAP-02173,EP,index (7).html,Follow-up 6 month,Scheduled follow-up,fu6_devComp_shockTherapy,Device complication: Shock therapy (ICD),binary,Unknown,Safety event,complication,devcomp_shocktherapy,Refactor,Endpoint review
MAP-02174,EP,index (7).html,Follow-up 6 month,Scheduled follow-up,fu6_readmission,Hospital readmission,binary,Unknown,Episode,care_episode,readmission,Refactor,Mapped shared core
MAP-02175,EP,index (7).html,Follow-up 6 month,Scheduled follow-up,fu6_readm_arrhythmia,Readmission reason: Arrhythmia recurrence,binary,Unknown,Episode,care_episode,readm_arrhythmia,Refactor,Mapped shared core
MAP-02176,EP,index (7).html,Follow-up 6 month,Scheduled follow-up,fu6_readm_heartFailure,Readmission reason: Heart failure,binary,Unknown,Episode,care_episode,readm_heartfailure,Refactor,Mapped shared core
MAP-02177,EP,index (7).html,Follow-up 6 month,Scheduled follow-up,fu6_readm_bleeding,Readmission reason: Bleeding,binary,Unknown,Episode,care_episode,readm_bleeding,Refactor,Mapped shared core
MAP-02178,EP,index (7).html,Follow-up 6 month,Scheduled follow-up,fu6_readm_strokeTIA,Readmission reason: Stroke/TIA,binary,Unknown,Episode,care_episode,readm_stroketia,Refactor,Mapped shared core
MAP-02179,EP,index (7).html,Follow-up 6 month,Scheduled follow-up,fu6_readm_deviceComplication,Readmission reason: Device complication,binary,Unknown,Episode,care_episode,readm_devicecomplication,Refactor,Mapped shared core
MAP-02180,EP,index (7).html,Follow-up 6 month,Scheduled follow-up,fu6_readm_thromboembolism,Readmission reason: Thromboembolism,binary,Unknown,Episode,care_episode,readm_thromboembolism,Refactor,Mapped shared core
MAP-02181,EP,index (7).html,Follow-up 6 month,Scheduled follow-up,fu6_readm_repeatProcedure,Readmission reason: Repeat procedure,binary,Unknown,Episode,care_episode,readm_repeatprocedure,Refactor,Mapped shared core
MAP-02182,EP,index (7).html,Follow-up 6 month,Scheduled follow-up,fu6_readm_pericardialTamponade,Readmission reason: Pericardial effusion/tamponade,binary,Unknown,Episode,care_episode,readm_pericardialtamponade,Refactor,Mapped shared core
MAP-02183,EP,index (7).html,Follow-up 6 month,Scheduled follow-up,fu6_readm_other,Readmission reason: Other,binary,Unknown,Episode,care_episode,readm_other,Refactor,Mapped shared core
MAP-02184,EP,index (7).html,Follow-up 6 month,Scheduled follow-up,fu6_readm_otherText,Other readmission reason,binary,Unknown,Episode,care_episode,readm_othertext,Refactor,Mapped shared core
MAP-02185,EP,index (7).html,Follow-up 6 month,Scheduled follow-up,fu6_deviceInterrogation,Device interrogation performed,binary,Unknown,Procedure,device_lead_or_interrogation,deviceinterrogation,Refactor,Procedure review
MAP-02186,EP,index (7).html,Follow-up 6 month,Scheduled follow-up,fu6_batteryLife,Estimated battery life,text,Unknown,Registry metadata,form_response,value,Refactor,Domain review
MAP-02187,EP,index (7).html,Follow-up 6 month,Scheduled follow-up,fu6_batteryNA,Battery life unavailable/not applicable,binary,Unknown,Registry metadata,form_response,value,Refactor,Domain review
MAP-02188,EP,index (7).html,Follow-up 6 month,Scheduled follow-up,fu6_pacingPercent,Pacing percentage,number,Unknown,Registry metadata,form_response,value,Refactor,Domain review
MAP-02189,EP,index (7).html,Follow-up 6 month,Scheduled follow-up,fu6_pacingNA,Pacing percentage unavailable/not applicable,binary,Unknown,Registry metadata,form_response,value,Refactor,Domain review
MAP-02190,EP,index (7).html,Follow-up 6 month,Scheduled follow-up,fu6_leadAbnormality,Lead abnormality,coded select,Unknown,Procedure,device_lead_or_interrogation,leadabnormality,Refactor,Procedure review
MAP-02191,EP,index (7).html,Follow-up 6 month,Scheduled follow-up,fu6_reprogramming,Device reprogramming,coded select,Unknown,Procedure,device_lead_or_interrogation,reprogramming,Refactor,Procedure review
MAP-02192,EP,index (7).html,Follow-up 6 month,Scheduled follow-up,fu6_medsUnchanged,Medications unchanged from discharge,binary,Unknown,Medication,medication_statement,medsunchanged,Refactor,Medication review
MAP-02193,EP,index (7).html,Follow-up 6 month,Scheduled follow-up,fu6_medChanges,Medication changes,text,Unknown,Medication,medication_statement,medchanges,Refactor,Medication review
MAP-02194,EP,index (7).html,Follow-up 6 month,Scheduled follow-up,fu6_medAdherence,Medication adherence,coded select,Unknown,Medication,medication_reconciliation,medadherence,Refactor,Medication review
MAP-02195,EP,index (7).html,Follow-up 6 month,Scheduled follow-up,fu6_ecgDone,ECG performed,binary,Unknown,Diagnostic study,imaging_study,ecgdone,Refactor,Imaging review
MAP-02196,EP,index (7).html,Follow-up 6 month,Scheduled follow-up,fu6_ecgRhythm,ECG rhythm,coded select,Unknown,Diagnostic study,imaging_study,ecgrhythm,Refactor,Imaging review
MAP-02197,EP,index (7).html,Follow-up 6 month,Scheduled follow-up,fu6_echoDone,Echocardiogram performed,binary,Unknown,Diagnostic study,imaging_study,echodone,Refactor,Imaging review
MAP-02198,EP,index (7).html,Follow-up 6 month,Scheduled follow-up,fu6_lvef,LVEF (%),number,Unknown,Diagnostic study,imaging_measurement,lvef,Refactor,Imaging review
MAP-02199,EP,index (7).html,Follow-up 6 month,Scheduled follow-up,fu6_recordStatus,Follow-up record status,coded select,Unknown,Workflow,form_instance,recordstatus,Refactor,Mapped shared core
MAP-02200,EP,index (7).html,Follow-up 6 month,Scheduled follow-up,fu6_completedAt,Follow-up completion timestamp,date/datetime,Unknown,Encounter,encounter,completedat,Refactor,Mapped shared core
MAP-02201,EP,index (7).html,Follow-up 6 month,Scheduled follow-up,fu6_completedByName,Completed by,text,Unknown,Attribution,staff_profile,completedbyname,Refactor,Security review
MAP-02202,EP,index (7).html,Follow-up 6 month,Scheduled follow-up,fu6_completedByCode,Completed by investigator code,text,Unknown,Attribution,staff_profile,completedbycode,Refactor,Security review
MAP-02203,EP,index (7).html,Follow-up 6 month,Scheduled follow-up,fu6_lastUpdatedAt,Last update timestamp,date/datetime,Unknown,Workflow,form_instance,lastupdatedat,Refactor,Mapped shared core
MAP-02204,EP,index (7).html,Follow-up 12 month,Scheduled follow-up,fu12_dueDate,Calculated due date,date/datetime,Unknown,Follow-up,followup_task,duedate,Refactor,Protocol review
MAP-02205,EP,index (7).html,Follow-up 12 month,Scheduled follow-up,fu12_dueDateTime,Calculated due date and time,text,Unknown,Follow-up,followup_task,duedatetime,Refactor,Protocol review
MAP-02206,EP,index (7).html,Follow-up 12 month,Scheduled follow-up,fu12_scheduleStatus,Schedule status at export,coded select,Unknown,Follow-up,followup_task,schedulestatus,Refactor,Protocol review
MAP-02207,EP,index (7).html,Follow-up 12 month,Scheduled follow-up,fu12_entryDate,Entry date,date/datetime,Unknown,Encounter,encounter,entrydate,Refactor,Mapped shared core
MAP-02208,EP,index (7).html,Follow-up 12 month,Scheduled follow-up,fu12_followupType,Type of follow-up,coded select,Unknown,Encounter,encounter,followuptype,Refactor,Mapped shared core
MAP-02209,EP,index (7).html,Follow-up 12 month,Scheduled follow-up,fu12_interviewee,Phone interviewee,coded select,Unknown,Contact,patient_contact,interviewee,Refactor,Privacy review
MAP-02210,EP,index (7).html,Follow-up 12 month,Scheduled follow-up,fu12_patientStatus,Patient vital status,coded select,Unknown,Registry metadata,form_response,value,Refactor,Domain review
MAP-02211,EP,index (7).html,Follow-up 12 month,Scheduled follow-up,fu12_deathDate,Date of death,date/datetime,Unknown,Outcome,clinical_event,deathdate,Refactor,Endpoint review
MAP-02212,EP,index (7).html,Follow-up 12 month,Scheduled follow-up,fu12_deathCause,Cause of death,coded select,Unknown,Outcome,clinical_event,deathcause,Refactor,Endpoint review
MAP-02213,EP,index (7).html,Follow-up 12 month,Scheduled follow-up,fu12_nyha,NYHA functional class,coded select,Unknown,Assessment,functional_assessment,nyha,Refactor,Clinical rule review
MAP-02214,EP,index (7).html,Follow-up 12 month,Scheduled follow-up,fu12_overallStatus,Overall clinical status,coded select,Unknown,Registry metadata,form_response,value,Refactor,Domain review
MAP-02215,EP,index (7).html,Follow-up 12 month,Scheduled follow-up,fu12_syncope,Syncope since discharge,binary,Unknown,Registry metadata,form_response,value,Refactor,Domain review
MAP-02216,EP,index (7).html,Follow-up 12 month,Scheduled follow-up,fu12_syncopeDate,Date of syncope,date/datetime,Unknown,Registry metadata,form_response,value,Refactor,Domain review
MAP-02217,EP,index (7).html,Follow-up 12 month,Scheduled follow-up,fu12_palpitations,Palpitations since discharge,binary,Unknown,Registry metadata,form_response,value,Refactor,Domain review
MAP-02218,EP,index (7).html,Follow-up 12 month,Scheduled follow-up,fu12_deviceComplications,Any device-related complications,binary,Unknown,Safety event,complication,devicecomplications,Refactor,Endpoint review
MAP-02219,EP,index (7).html,Follow-up 12 month,Scheduled follow-up,fu12_devComp_leadDislodgement,Device complication: Lead dislodgement,binary,Unknown,Safety event,complication,devcomp_leaddislodgement,Refactor,Endpoint review
MAP-02220,EP,index (7).html,Follow-up 12 month,Scheduled follow-up,fu12_devComp_infection,Device complication: Infection,binary,Unknown,Safety event,complication,devcomp_infection,Refactor,Endpoint review
MAP-02221,EP,index (7).html,Follow-up 12 month,Scheduled follow-up,fu12_devComp_pocketHematoma,Device complication: Pocket hematoma,binary,Unknown,Safety event,complication,devcomp_pockethematoma,Refactor,Endpoint review
MAP-02222,EP,index (7).html,Follow-up 12 month,Scheduled follow-up,fu12_devComp_shockTherapy,Device complication: Shock therapy (ICD),binary,Unknown,Safety event,complication,devcomp_shocktherapy,Refactor,Endpoint review
MAP-02223,EP,index (7).html,Follow-up 12 month,Scheduled follow-up,fu12_readmission,Hospital readmission,binary,Unknown,Episode,care_episode,readmission,Refactor,Mapped shared core
MAP-02224,EP,index (7).html,Follow-up 12 month,Scheduled follow-up,fu12_readm_arrhythmia,Readmission reason: Arrhythmia recurrence,binary,Unknown,Episode,care_episode,readm_arrhythmia,Refactor,Mapped shared core
MAP-02225,EP,index (7).html,Follow-up 12 month,Scheduled follow-up,fu12_readm_heartFailure,Readmission reason: Heart failure,binary,Unknown,Episode,care_episode,readm_heartfailure,Refactor,Mapped shared core
MAP-02226,EP,index (7).html,Follow-up 12 month,Scheduled follow-up,fu12_readm_bleeding,Readmission reason: Bleeding,binary,Unknown,Episode,care_episode,readm_bleeding,Refactor,Mapped shared core
MAP-02227,EP,index (7).html,Follow-up 12 month,Scheduled follow-up,fu12_readm_strokeTIA,Readmission reason: Stroke/TIA,binary,Unknown,Episode,care_episode,readm_stroketia,Refactor,Mapped shared core
MAP-02228,EP,index (7).html,Follow-up 12 month,Scheduled follow-up,fu12_readm_deviceComplication,Readmission reason: Device complication,binary,Unknown,Episode,care_episode,readm_devicecomplication,Refactor,Mapped shared core
MAP-02229,EP,index (7).html,Follow-up 12 month,Scheduled follow-up,fu12_readm_thromboembolism,Readmission reason: Thromboembolism,binary,Unknown,Episode,care_episode,readm_thromboembolism,Refactor,Mapped shared core
MAP-02230,EP,index (7).html,Follow-up 12 month,Scheduled follow-up,fu12_readm_repeatProcedure,Readmission reason: Repeat procedure,binary,Unknown,Episode,care_episode,readm_repeatprocedure,Refactor,Mapped shared core
MAP-02231,EP,index (7).html,Follow-up 12 month,Scheduled follow-up,fu12_readm_pericardialTamponade,Readmission reason: Pericardial effusion/tamponade,binary,Unknown,Episode,care_episode,readm_pericardialtamponade,Refactor,Mapped shared core
MAP-02232,EP,index (7).html,Follow-up 12 month,Scheduled follow-up,fu12_readm_other,Readmission reason: Other,binary,Unknown,Episode,care_episode,readm_other,Refactor,Mapped shared core
MAP-02233,EP,index (7).html,Follow-up 12 month,Scheduled follow-up,fu12_readm_otherText,Other readmission reason,binary,Unknown,Episode,care_episode,readm_othertext,Refactor,Mapped shared core
MAP-02234,EP,index (7).html,Follow-up 12 month,Scheduled follow-up,fu12_deviceInterrogation,Device interrogation performed,binary,Unknown,Procedure,device_lead_or_interrogation,deviceinterrogation,Refactor,Procedure review
MAP-02235,EP,index (7).html,Follow-up 12 month,Scheduled follow-up,fu12_batteryLife,Estimated battery life,text,Unknown,Registry metadata,form_response,value,Refactor,Domain review
MAP-02236,EP,index (7).html,Follow-up 12 month,Scheduled follow-up,fu12_batteryNA,Battery life unavailable/not applicable,binary,Unknown,Registry metadata,form_response,value,Refactor,Domain review
MAP-02237,EP,index (7).html,Follow-up 12 month,Scheduled follow-up,fu12_pacingPercent,Pacing percentage,number,Unknown,Registry metadata,form_response,value,Refactor,Domain review
MAP-02238,EP,index (7).html,Follow-up 12 month,Scheduled follow-up,fu12_pacingNA,Pacing percentage unavailable/not applicable,binary,Unknown,Registry metadata,form_response,value,Refactor,Domain review
MAP-02239,EP,index (7).html,Follow-up 12 month,Scheduled follow-up,fu12_leadAbnormality,Lead abnormality,coded select,Unknown,Procedure,device_lead_or_interrogation,leadabnormality,Refactor,Procedure review
MAP-02240,EP,index (7).html,Follow-up 12 month,Scheduled follow-up,fu12_reprogramming,Device reprogramming,coded select,Unknown,Procedure,device_lead_or_interrogation,reprogramming,Refactor,Procedure review
MAP-02241,EP,index (7).html,Follow-up 12 month,Scheduled follow-up,fu12_medsUnchanged,Medications unchanged from discharge,binary,Unknown,Medication,medication_statement,medsunchanged,Refactor,Medication review
MAP-02242,EP,index (7).html,Follow-up 12 month,Scheduled follow-up,fu12_medChanges,Medication changes,text,Unknown,Medication,medication_statement,medchanges,Refactor,Medication review
MAP-02243,EP,index (7).html,Follow-up 12 month,Scheduled follow-up,fu12_medAdherence,Medication adherence,coded select,Unknown,Medication,medication_reconciliation,medadherence,Refactor,Medication review
MAP-02244,EP,index (7).html,Follow-up 12 month,Scheduled follow-up,fu12_ecgDone,ECG performed,binary,Unknown,Diagnostic study,imaging_study,ecgdone,Refactor,Imaging review
MAP-02245,EP,index (7).html,Follow-up 12 month,Scheduled follow-up,fu12_ecgRhythm,ECG rhythm,coded select,Unknown,Diagnostic study,imaging_study,ecgrhythm,Refactor,Imaging review
MAP-02246,EP,index (7).html,Follow-up 12 month,Scheduled follow-up,fu12_echoDone,Echocardiogram performed,binary,Unknown,Diagnostic study,imaging_study,echodone,Refactor,Imaging review
MAP-02247,EP,index (7).html,Follow-up 12 month,Scheduled follow-up,fu12_lvef,LVEF (%),number,Unknown,Diagnostic study,imaging_measurement,lvef,Refactor,Imaging review
MAP-02248,EP,index (7).html,Follow-up 12 month,Scheduled follow-up,fu12_recordStatus,Follow-up record status,coded select,Unknown,Workflow,form_instance,recordstatus,Refactor,Mapped shared core
MAP-02249,EP,index (7).html,Follow-up 12 month,Scheduled follow-up,fu12_completedAt,Follow-up completion timestamp,date/datetime,Unknown,Encounter,encounter,completedat,Refactor,Mapped shared core
MAP-02250,EP,index (7).html,Follow-up 12 month,Scheduled follow-up,fu12_completedByName,Completed by,text,Unknown,Attribution,staff_profile,completedbyname,Refactor,Security review
MAP-02251,EP,index (7).html,Follow-up 12 month,Scheduled follow-up,fu12_completedByCode,Completed by investigator code,text,Unknown,Attribution,staff_profile,completedbycode,Refactor,Security review
MAP-02252,EP,index (7).html,Follow-up 12 month,Scheduled follow-up,fu12_lastUpdatedAt,Last update timestamp,date/datetime,Unknown,Workflow,form_instance,lastupdatedat,Refactor,Mapped shared core
